station,modeltype,data_year,data_height,preds_year,prediction_recalc,data_height-surge_anomaly,preds_height-surge_anomaly,nodal_tide,pre_accelleration,post_accelleration
Vlissingen,linear,1891,-280,1891,-251.9295462815711,-280,-237.5020727741156,14.4274735074555,-251.9295462815711,-251.9295462815711
Vlissingen,linear,1892,-279,1892,-249.68570477425533,-279,-234.3073706063632,15.3783341678921,-249.68570477425533,-249.68570477425533
Vlissingen,linear,1893,-253,1893,-247.44186326693955,-253,-232.84850265269233,14.593360614247205,-247.44186326693955,-247.44186326693955
Vlissingen,linear,1894,-204,1894,-245.19802175962377,-204,-233.03686478103702,12.161156978586757,-245.19802175962377,-245.19802175962377
Vlissingen,linear,1895,-220,1895,-242.954180252308,-220,-234.59792125558212,8.356258996725863,-242.954180252308,-242.954180252308
Vlissingen,linear,1896,-240,1896,-240.7103387449922,-240,-237.1021930426497,3.608145702342524,-240.7103387449922,-240.7103387449922
Vlissingen,linear,1897,-261,1897,-238.46649723767644,-261,-240.0137353891381,-1.5472381514616567,-238.46649723767644,-238.46649723767644
Vlissingen,linear,1898,-229,1898,-236.22265573036066,-229,-242.75063275189035,-6.527977021529716,-236.22265573036066,-236.22265573036066
Vlissingen,linear,1899,-221,1899,-233.97881422304488,-221,-244.7506826941745,-10.771868471129592,-233.97881422304488,-233.97881422304488
Vlissingen,linear,1900,-275,1900,-231.7349727157291,-275,-245.53485465919292,-13.799881943463792,-231.7349727157291,-231.7349727157291
Vlissingen,linear,1901,-308,1901,-229.49113120841332,-308,-244.7613606919829,-15.27022948356958,-229.49113120841332,-229.49113120841332
Vlissingen,linear,1902,-323,1902,-227.24728970109754,-323,-242.26423486028932,-15.01694515919176,-227.24728970109754,-227.24728970109754
Vlissingen,linear,1903,-178,1903,-225.00344819378176,-178,-238.0720667103754,-13.068618516593606,-225.00344819378176,-225.00344819378176
Vlissingen,linear,1904,-191,1904,-222.759606686466,-191,-232.4047742131674,-9.645167526701394,-222.759606686466,-222.759606686466
Vlissingen,linear,1905,-220,1905,-220.5157651791502,-220,-225.648780455432,-5.13301527628177,-220.5157651791502,-220.5157651791502
Vlissingen,linear,1906,-212,1906,-218.27192367183443,-212,-218.31339601462923,-0.041472342794806494,-218.27192367183443,-218.27192367183443
Vlissingen,linear,1907,-202,1907,-216.02808216451865,-202,-210.9733303703375,5.054751794181132,-216.02808216451865,-216.02808216451865
Vlissingen,linear,1908,-204,1908,-213.78424065720287,-204,-204.20382139442333,9.58041926277955,-213.78424065720287,-213.78424065720287
Vlissingen,linear,1909,-178,1909,-211.5403991498871,-178,-198.51570519876879,13.024693951118316,-211.5403991498871,-211.5403991498871
Vlissingen,linear,1910,-171,1910,-209.29655764257132,-171,-194.29775535152763,14.998802291043663,-209.29655764257132,-209.29655764257132
Vlissingen,linear,1911,-209,1911,-207.05271613525554,-209,-191.77279994066674,15.279916194588782,-207.05271613525554,-207.05271613525554
Vlissingen,linear,1912,-154,1912,-204.80887462793976,-154,-190.97256978478453,13.836304843155233,-204.80887462793976,-204.80887462793976
Vlissingen,linear,1913,-160,1913,-202.56503312062398,-160,-191.73411680717146,10.830916313452523,-202.56503312062398,-202.56503312062398
Vlissingen,linear,1914,-184,1914,-200.3211916133082,-184,-193.71820685024505,6.602984763063144,-200.3211916133082,-200.3211916133082
Vlissingen,linear,1915,-213,1915,-198.07735010599245,-213,-196.4476108357555,1.6297392702369233,-198.07735010599245,-198.07735010599245
Vlissingen,linear,1916,-168,1916,-195.83350859867667,-168,-199.36097214423904,-3.5274635455623837,-195.83350859867667,-195.83350859867667
Vlissingen,linear,1917,-182,1917,-193.5896670913609,-182,-201.87616991664223,-8.286502825281342,-193.5896670913609,-193.5896670913609
Vlissingen,linear,1918,-221,1918,-191.34582558404512,-221,-203.45602612589758,-12.11020054185245,-191.34582558404512,-191.34582558404512
Vlissingen,linear,1919,-248,1919,-189.10198407672934,-248,-203.66893971247111,-14.566955635741776,-189.10198407672934,-189.10198407672934
Vlissingen,linear,1920,-271,1920,-186.85814256941356,-271,-202.23760368712496,-15.379461117711394,-186.85814256941356,-186.85814256941356
Vlissingen,linear,1921,-203,1921,-184.61430106209778,-203,-199.07030624288873,-14.456005180790969,-184.61430106209778,-184.61430106209778
Vlissingen,linear,1922,-192,1922,-182.370459554782,-192,-194.27128275356847,-11.900823198786455,-182.370459554782,-182.370459554782
Vlissingen,linear,1923,-171,1923,-180.12661804746622,-171,-188.1289501737669,-8.002332126300672,-180.12661804746622,-180.12661804746622
Vlissingen,linear,1924,-189,1924,-177.88277654015045,-189,-181.08335188614382,-3.200575345993395,-177.88277654015045,-177.88277654015045
Vlissingen,linear,1925,-152,1925,-175.63893503283467,-152,-173.676487668826,1.9624473640086668,-175.63893503283467,-175.63893503283467
Vlissingen,linear,1926,-167,1926,-173.3950935255189,-167,-166.49113530322043,6.903958222298483,-173.3950935255189,-173.3950935255189
Vlissingen,linear,1927,-155,1927,-171.1512520182031,-155,-160.08506935212628,11.06618266607682,-171.1512520182031,-171.1512520182031
Vlissingen,linear,1928,-152,1928,-168.90741051088733,-152,-154.92810218386114,13.979308327026187,-168.90741051088733,-168.90741051088733
Vlissingen,linear,1929,-203,1929,-166.66356900357155,-203,-151.3490537562298,15.314515247341749,-166.66356900357155,-166.66356900357155
Vlissingen,linear,1930,-133,1930,-164.4197274962558,-133,-149.49863596233195,14.921091533923832,-164.4197274962558,-164.4197274962558
Vlissingen,linear,1931,-133,1931,-162.17588598894002,-133,-149.3324409791273,12.8434450098127,-162.17588598894002,-162.17588598894002
Vlissingen,linear,1932,-152,1932,-159.93204448162425,-152,-150.6159538141631,9.31609066746116,-159.93204448162425,-159.93204448162425
Vlissingen,linear,1933,-166,1933,-157.68820297430847,-166,-152.9510232577051,4.737179716603377,-157.68820297430847,-157.68820297430847
Vlissingen,linear,1934,-162,1934,-155.4443614669927,-162,-155.8208033233834,-0.3764418563906977,-155.4443614669927,-155.4443614669927
Vlissingen,linear,1935,-134,1935,-153.2005199596769,-134,-158.64809239837297,-5.4475724386960644,-153.2005199596769,-153.2005199596769
Vlissingen,linear,1936,-111,1936,-150.95667845236113,-111,-160.86048505353324,-9.903806601172102,-150.95667845236113,-150.95667845236113
Vlissingen,linear,1937,-111,1937,-148.71283694504535,-111,-161.95498248283388,-13.242145537788527,-148.71283694504535,-148.71283694504535
Vlissingen,linear,1938,-136,1938,-146.46899543772957,-136,-161.55476864878247,-15.0857732110529,-146.46899543772957,-146.46899543772957
Vlissingen,linear,1939,-134,1939,-144.2251539304138,-134,-159.45174350892052,-15.22658957850671,-144.2251539304138,-144.2251539304138
Vlissingen,linear,1940,-135,1940,-141.98131242309802,-135,-155.63001237232368,-13.648699949225673,-141.98131242309802,-141.98131242309802
Vlissingen,linear,1941,-161,1941,-139.73747091578224,-161,-150.26768001774425,-10.530209101962033,-139.73747091578224,-139.73747091578224
Vlissingen,linear,1942,-149,1942,-137.49362940846646,-149,-143.71674706175628,-6.223117653289837,-137.49362940846646,-137.49362940846646
Vlissingen,linear,1943,-116,1943,-135.24978790115068,-116,-136.46337778055252,-1.2135898794018427,-135.24978790115068,-135.24978790115068
Vlissingen,linear,1944,-128,1944,-133.0059463938349,-128,-129.07302416726634,3.9329222265685555,-133.0059463938349,-133.0059463938349
Vlissingen,linear,1945,-110,1945,-130.76210488651913,-110,-122.12660036378055,8.635504522738586,-130.76210488651913,-130.76210488651913
Vlissingen,linear,1946,-104,1946,-128.51826337920335,-104,-116.15491179772519,12.363351581478144,-128.51826337920335,-128.51826337920335
Vlissingen,linear,1947,-136,1947,-126.27442187188757,-136,-111.57874035605745,14.695681515830124,-126.27442187188757,-126.27442187188757
Vlissingen,linear,1948,-119,1948,-124.03058036457179,-119,-108.66134849974183,15.369231864829949,-124.03058036457179,-124.03058036457179
Vlissingen,linear,1949,-106,1949,-121.78673885725601,-106,-107.47876343224112,14.307975425014888,-121.78673885725601,-121.78673885725601
Vlissingen,linear,1950,-84,1950,-119.54289734994023,-99.09210526315789,-107.9111955054677,11.63170184447253,-119.54289734994023,-119.54289734994023
Vlissingen,linear,1951,-82,1951,-117.29905584262445,-84.09210526315789,-109.6565595132718,7.642496329352651,-117.29905584262445,-117.29905584262445
Vlissingen,linear,1952,-54,1952,-115.05521433530868,-69.09210526315789,-112.26457265229197,2.790641683016701,-115.05521433530868,-115.05521433530868
Vlissingen,linear,1953,-104,1953,-112.8113728279929,-75.09210526315789,-115.1875803323162,-2.376207504323304,-112.8113728279929,-112.8113728279929
Vlissingen,linear,1954,-85,1954,-110.56753132067712,-100.09210526315789,-117.84237285712724,-7.274841536450125,-110.56753132067712,-110.56753132067712
Vlissingen,linear,1955,-86,1955,-108.32368981336134,-99.09210526315789,-119.67601539890849,-11.35232558554714,-108.32368981336134,-108.32368981336134
Vlissingen,linear,1956,-148,1956,-106.07984830604556,-137.0921052631579,-120.22826068753804,-14.148412381492486,-106.07984830604556,-106.07984830604556
Vlissingen,linear,1957,-112,1957,-103.83600679872978,-112.09210526315789,-119.18349956321,-15.34749276448022,-103.83600679872978,-103.83600679872978
Vlissingen,linear,1958,-85,1958,-101.592165291414,-97.09210526315789,-116.4063854577265,-14.814220166312495,-101.592165291414,-101.592165291414
Vlissingen,linear,1959,-98,1959,-99.34832378409823,-64.09210526315789,-111.95711168014336,-12.608787896045119,-99.34832378409823,-99.34832378409823
Vlissingen,linear,1960,-83,1960,-97.10448227678245,-89.09210526315789,-106.08461707843816,-8.980134801655709,-97.10448227678245,-97.10448227678245
Vlissingen,linear,1961,-41,1961,-94.86064076946667,-59.0921052631579,-99.1984869902364,-4.337846220769737,-94.86064076946667,-94.86064076946667
Vlissingen,linear,1962,-70,1962,-92.61679926215089,-73.09210526315789,-91.82272117145226,0.7940780906986324,-92.61679926215089,-92.61679926215089
Vlissingen,linear,1963,-143,1963,-90.37295775483511,-122.09210526315789,-84.5365871621631,5.836370592671995,-90.37295775483511,-90.37295775483511
Vlissingen,linear,1964,-115,1964,-88.12911624751935,-88.09210526315789,-77.9092352842944,10.219880963224949,-88.12911624751935,-88.12911624751935
Vlissingen,linear,1965,-75,1965,-85.88527474020357,-102.09210526315789,-72.43545562342462,13.449819116778963,-85.88527474020357,-85.88527474020357
Vlissingen,linear,1966,-42,1966,-83.64143323288779,-65.09210526315789,-68.47982844521167,15.161604787676119,-83.64143323288779,-83.64143323288779
Vlissingen,linear,1967,-47,1967,-81.39759172557201,-75.09210526315789,-66.23557208541797,15.162019640154046,-81.39759172557201,-81.39759172557201
Vlissingen,linear,1968,-78,1968,-79.15375021825623,-78.09210526315789,-65.70273337064492,13.4510168476113,-79.15375021825623,-79.15375021825623
Vlissingen,linear,1969,-73,1969,-76.90990871094046,-68.09210526315789,-66.688182332766,10.221726378174445,-76.90990871094046,-76.90990871094046
Vlissingen,linear,1970,-58,1970,-74.66606720362468,-77.09210526315789,-68.82741181366785,5.838655389956829,-74.66606720362468,-74.66606720362468
Vlissingen,linear,1971,-115,1971,-72.4222256963089,-99.09210526315789,-71.62568132318857,0.7965443731203301,-72.4222256963089,-72.4222256963089
Vlissingen,linear,1972,-131,1972,-70.17838418899312,-99.09210526315789,-74.51386102459361,-4.335476835600487,-70.17838418899312,-70.17838418899312
Vlissingen,linear,1973,-79,1973,-67.93454268167734,-91.09210526315789,-76.91267244049828,-8.978129758820938,-67.93454268167734,-67.93454268167734
Vlissingen,linear,1974,-62,1974,-65.69070117436156,-97.09210526315789,-78.29807468973502,-12.607373515373457,-65.69070117436156,-65.69070117436156
Vlissingen,linear,1975,-99,1975,-63.446859667045786,-83.09210526315789,-78.26041576350443,-14.813556096458635,-63.446859667045786,-63.446859667045786
Vlissingen,linear,1976,-115,1976,-61.203018159730014,-92.09210526315789,-76.55067212226382,-15.347653962533823,-61.203018159730014,-61.203018159730014
Vlissingen,linear,1977,-78,1977,-58.959176652414236,-98.09210526315789,-73.10855730458775,-14.149380652173512,-58.959176652414236,-58.959176652414236
Vlissingen,linear,1978,-95,1978,-56.71533514509846,-100.09210526315789,-68.06932678010217,-11.353991635003712,-56.71533514509846,-56.71533514509846
Vlissingen,linear,1979,-69,1979,-54.47149363778268,-70.09210526315789,-61.74851094661847,-7.277017308835792,-54.47149363778268,-54.47149363778268
Vlissingen,linear,1980,-53,1980,-52.2276521304669,-48.09210526315789,-54.6062995391256,-2.3786474086587095,-52.2276521304669,-52.2276521304669
Vlissingen,linear,1981,-18,1981,-49.98381062315113,-39.0921052631579,-47.1955975714649,2.7882130516862302,-49.98381062315113,-49.98381062315113
Vlissingen,linear,1982,-49,1982,-47.73996911583535,-39.09210526315789,-40.09961601229746,7.640353103537887,-47.73996911583535,-47.73996911583535
Vlissingen,linear,1983,-22,1983,-45.49612760851957,-43.0921052631579,-33.86604166707099,11.630085941448586,-45.49612760851957,-45.49612760851957
Vlissingen,linear,1984,-61,1984,-43.252286101203794,-52.09210526315789,-28.945216860869625,14.30706924033416,-43.252286101203794,-43.252286101203794
Vlissingen,linear,1985,-54,1985,-41.008444593888015,-45.09210526315789,-25.639306909520133,15.369137684367884,-41.008444593888015,-41.008444593888015
Vlissingen,linear,1986,-71,1986,-38.76460308657224,-65.09210526315789,-24.068193116336815,14.696409970235425,-38.76460308657224,-38.76460308657224
Vlissingen,linear,1987,-72,1987,-36.52076157925646,-49.0921052631579,-24.1559411330214,12.364820446235061,-36.52076157925646,-36.52076157925646
Vlissingen,linear,1988,-10,1988,-34.27692007194068,-31.092105263157897,-25.63937207265621,8.637547999284468,-34.27692007194068,-34.27692007194068
Vlissingen,linear,1989,-43,1989,-32.0330785646249,-44.09210526315789,-28.0977689077671,3.9353096568578025,-32.0330785646249,-32.0330785646249
Vlissingen,linear,1990,-27,1990,-29.789237057309123,-61.09210526315789,-31.000365034608905,-1.2111279772997818,-29.789237057309123,-29.789237057309123
Vlissingen,linear,1991,-102,1991,-27.54539554999335,-79.09210526315789,-33.76625471732768,-6.220859167334335,-27.54539554999335,-27.54539554999335
Vlissingen,linear,1992,-63,1992,-25.301554042677573,-60.09210526315789,-35.82996300212969,-10.528408959452115,-25.301554042677573,-25.301554042677573
Vlissingen,linear,1993,-57,1993,-23.057712535361794,-49.09210526315789,-36.705273877164416,-13.647561341802618,-23.057712535361794,-23.057712535361794
Vlissingen,linear,1994,-26,1994,-20.813871028046016,-42.09210526315789,-36.0401120548807,-15.226241026834684,-20.813871028046016,-20.813871028046016
Vlissingen,linear,1995,-16,1995,-18.570029520730237,-23.092105263157894,-33.65628357873967,-15.086254058009427,-18.570029520730237,-18.570029520730237
Vlissingen,linear,1996,-101,1996,-16.32618801341446,-52.09210526315789,-29.569589521039475,-13.243401507625018,-16.32618801341446,-16.32618801341446
Vlissingen,linear,1997,-67,1997,-14.08234650609868,-37.0921052631579,-23.98804243200445,-9.905695925905768,-14.08234650609868,-14.08234650609868
Vlissingen,linear,1998,1,1998,-11.83850499878291,-26.092105263157897,-17.28838685899755,-5.44988186021464,-11.83850499878291,-11.83850499878291
Vlissingen,linear,1999,-4,1999,-9.59466349146713,-28.092105263157897,-9.973574189494823,-0.3789106980276902,-9.59466349146713,-9.59466349146713
Vlissingen,linear,2000,-10,2000,-7.350821984151352,-23.092105263157894,-2.615991858041916,4.734830126109436,-7.350821984151352,-7.350821984151352
Vlissingen,linear,2001,9,2001,-5.106980476835574,-3.092105263157894,4.2071450620266795,9.314125538862251,-5.106980476835574,-5.106980476835574
Vlissingen,linear,2002,-8,2002,-2.8631389695197953,4.907894736842106,9.978947188085975,12.84208615760577,-2.8631389695197953,-2.8631389695197953
Vlissingen,linear,2003,-18,2003,-0.6192974622040168,9.907894736842103,14.301194876766953,14.92049233897097,-0.6192974622040168,-0.6192974622040168
Vlissingen,linear,2004,14,2004,1.6245440451117616,6.907894736842106,16.93928738906991,15.31474334395815,1.6245440451117616,1.6245440451117616
Vlissingen,linear,2005,27,2005,3.86838555242754,29.907894736842106,17.848723521163443,13.980337968735906,3.86838555242754,3.86838555242754
Vlissingen,linear,2006,1,2006,6.112227059743319,3.907894736842106,17.180124691497497,11.067897631754178,6.112227059743319,6.112227059743319
Vlissingen,linear,2007,46,2007,8.356068567059097,23.907894736842103,15.262233501722555,6.906164934663458,8.356068567059097,8.356068567059097
Vlissingen,linear,2008,19,2008,10.599910074374876,8.907894736842106,12.564806814097164,1.9648967397222896,10.599910074374876,10.599910074374876
Vlissingen,linear,2009,1,2009,12.843751581690654,5.907894736842106,9.645591800720066,-3.1981597809705873,12.843751581690654,12.843751581690654
Vlissingen,linear,2010,3,2010,15.087593089006432,8.907894736842106,7.087370059390498,-8.000223029615935,15.087593089006432,15.087593089006432
Vlissingen,linear,2011,7,2011,17.331434596322197,6.907894736842106,5.432175960943372,-11.899258635378825,17.331434596322197,17.331434596322197
Vlissingen,linear,2012,0,2012,19.575276103637975,2.907894736842106,5.120114352400146,-14.45516175123783,19.575276103637975,19.575276103637975
Vlissingen,linear,2013,-14,2013,21.819117610953754,3.907894736842106,6.439683586569984,-15.37943402438377,21.819117610953754,21.819117610953754
Vlissingen,linear,2014,24,2014,24.062959118269532,26.907894736842106,9.49521118146214,-14.567747936807391,24.062959118269532,24.062959118269532
Vlissingen,linear,2015,27,2015,26.30680062558531,23.907894736842106,14.195077819501243,-12.111722806084067,26.30680062558531,26.30680062558531
Vlissingen,linear,2016,30,2016,28.55064213290109,46.90789473684211,20.262058906266958,-8.288583226634131,28.55064213290109,28.55064213290109
Vlissingen,linear,2017,46,2017,30.794483640216868,34.90789473684211,27.264616382125137,-3.529867258091728,30.794483640216868,30.794483640216868
Vlissingen,linear,2018,1,2018,33.038325147532646,32.9078947368421,34.665608713857,1.6272835663243468,33.038325147532646,33.038325147532646
Vlissingen,linear,2019,51,2019,35.282166654848425,46.90789473684211,41.88292091095269,6.600754256104258,35.282166654848425,35.282166654848425
Vlissingen,linear,2020,58,2020,37.5260081621642,57.90789473684211,48.35517093477267,10.829162772608463,37.5260081621642,37.5260081621642
Vlissingen,linear,2021,46,2021,39.76984966947998,60.90789473684211,53.605075869369784,13.835226199889798,39.76984966947998,39.76984966947998
Vlissingen,linear,2022,60,2022,42.01369117679576,70.90789473684211,57.29332537788916,15.279634201093408,42.01369117679576,42.01369117679576
Vlissingen,linear,2023,116,2023,44.25753268411154,94.90789473684211,59.256881461532664,14.999348777421122,44.25753268411154,44.25753268411154
Vlissingen,linear,2024,129,2024,46.50137419142732,110.90789473684211,59.52738142397745,13.026007232550139,46.50137419142732,46.50137419142732
Vlissingen,linear,2025,83,2025,48.745215698743095,105.90789473684211,58.32756680096197,9.582351102218873,48.745215698743095,48.745215698743095
Vlissingen,broken_linear,1891,-280,1891,-245.05765659748047,-280,-231.82395670670792,13.233699890772575,-245.05765659748047,-364.70230868995543
Vlissingen,broken_linear,1892,-279,1892,-242.98433335003304,-279,-228.81145564770867,14.172877702324385,-242.98433335003304,-361.45599865728764
Vlissingen,broken_linear,1893,-253,1893,-240.9110101025856,-253,-227.39872253230453,13.512287570281067,-240.9110101025856,-358.2096886246199
Vlissingen,broken_linear,1894,-204,1894,-238.83768685513817,-204,-227.51119304552054,11.326493809617629,-238.83768685513817,-354.9633785919521
Vlissingen,broken_linear,1895,-220,1895,-236.76436360769077,-220,-228.90214504220995,7.8622185654807915,-236.76436360769077,-351.71706855928437
Vlissingen,broken_linear,1896,-240,1896,-234.69104036024333,-240,-231.18054738531222,3.5104929749311196,-234.69104036024333,-348.4707585266166
Vlissingen,broken_linear,1897,-261,1897,-232.6177171127959,-261,-233.85519770609864,-1.23748059330274,-232.6177171127959,-345.2244484939488
Vlissingen,broken_linear,1898,-229,1898,-230.54439386534847,-229,-236.39016702309974,-5.845773157751264,-230.54439386534847,-341.97813846128105
Vlissingen,broken_linear,1899,-221,1899,-228.47107061790103,-221,-238.26529289124602,-9.794222273344973,-228.47107061790103,-338.73182842861326
Vlissingen,broken_linear,1900,-275,1900,-226.39774737045363,-275,-239.0348928983477,-12.637145527894042,-226.39774737045363,-335.4855183959455
Vlissingen,broken_linear,1901,-308,1901,-224.3244241230062,-308,-238.3780712048828,-14.053647081876568,-224.3244241230062,-332.2392083632777
Vlissingen,broken_linear,1902,-323,1902,-222.25110087555876,-323,-236.1349397608936,-13.883838885334827,-222.25110087555876,-328.99289833060993
Vlissingen,broken_linear,1903,-178,1903,-220.17777762811133,-178,-232.32466571895793,-12.146888090846613,-220.17777762811133,-325.7465882979422
Vlissingen,broken_linear,1904,-191,1904,-218.10445438066392,-191,-227.1433079359281,-9.038853555264197,-218.10445438066392,-322.50027826527446
Vlissingen,broken_linear,1905,-220,1905,-216.0311311332165,-220,-220.9416867689709,-4.910555635754403,-216.0311311332165,-319.25396823260667
Vlissingen,broken_linear,1906,-212,1906,-213.95780788576906,-212,-214.18578511950926,-0.2279772337402104,-213.95780788576906,-316.0076581999389
Vlissingen,broken_linear,1907,-202,1907,-211.88448463832162,-202,-207.40415046944838,4.480334168873237,-211.88448463832162,-312.7613481672711
Vlissingen,broken_linear,1908,-204,1908,-209.8111613908742,-204,-201.12823492107574,8.682926469798451,-209.8111613908742,-309.51503813460334
Vlissingen,broken_linear,1909,-178,1909,-207.73783814342676,-178,-195.8324073770397,11.905430766387072,-207.73783814342676,-306.26872810193555
Vlissingen,broken_linear,1910,-171,1910,-205.66451489597935,-171,-191.88040900409948,13.784105891879873,-205.66451489597935,-303.0224180692678
Vlissingen,broken_linear,1911,-209,1911,-203.59119164853192,-209,-189.48429583669753,14.10689581183439,-203.59119164853192,-299.7761080366
Vlissingen,broken_linear,1912,-154,1912,-201.5178684010845,-154,-188.6805028866434,12.837365514441117,-201.5178684010845,-296.5297980039323
Vlissingen,broken_linear,1913,-160,1913,-199.44454515363708,-160,-189.32573152991384,10.118813623723248,-199.44454515363708,-293.2834879712645
Vlissingen,broken_linear,1914,-184,1914,-197.37122190618965,-184,-191.11312438305328,6.258097523136355,-197.37122190618965,-290.03717793859676
Vlissingen,broken_linear,1915,-213,1915,-195.2978986587422,-213,-193.60690192501025,1.6909967337319665,-195.2978986587422,-286.79086790592896
Vlissingen,broken_linear,1916,-168,1916,-193.22457541129478,-168,-196.29155124503288,-3.066975833738078,-193.22457541129478,-283.54455787326117
Vlissingen,broken_linear,1917,-182,1917,-191.15125216384735,-182,-198.63001472152766,-7.478762557680305,-191.15125216384735,-280.2982478405934
Vlissingen,broken_linear,1918,-221,1918,-189.0779289163999,-221,-200.12431056680285,-11.046381650402928,-189.0779289163999,-277.05193780792564
Vlissingen,broken_linear,1919,-248,1919,-187.0046056689525,-248,-200.37174267500274,-13.367137006050232,-187.0046056689525,-273.8056277752579
Vlissingen,broken_linear,1920,-271,1920,-184.93128242150507,-271,-199.11035506930523,-14.179072647800162,-184.93128242150507,-270.5593177425901
Vlissingen,broken_linear,1921,-203,1921,-182.85795917405767,-203,-196.24850026363066,-13.390541089572993,-182.85795917405767,-267.3130077099223
Vlissingen,broken_linear,1922,-192,1922,-180.78463592661024,-192,-191.87518400090994,-11.090548074299683,-180.78463592661024,-264.0666976772546
Vlissingen,broken_linear,1923,-171,1923,-178.7113126791628,-171,-186.25001870238924,-7.53870602322644,-178.7113126791628,-260.8203876445868
Vlissingen,broken_linear,1924,-189,1924,-176.63798943171537,-189,-179.77391963548027,-3.1359302037648975,-176.63798943171537,-257.57407761191905
Vlissingen,broken_linear,1925,-152,1925,-174.56466618426794,-152,-172.94385147925138,1.6208147050165724,-174.56466618426794,-254.32776757925126
Vlissingen,broken_linear,1926,-167,1926,-172.4913429368205,-167,-166.29673328294254,6.194609653877961,-172.4913429368205,-251.08145754658347
Vlissingen,broken_linear,1927,-155,1927,-170.41801968937307,-155,-160.34883356262003,10.069186126753033,-170.41801968937307,-247.8351475139157
Vlissingen,broken_linear,1928,-152,1928,-168.34469644192566,-152,-155.53749633313382,12.807200108791823,-168.34469644192566,-244.58883748124794
Vlissingen,broken_linear,1929,-203,1929,-166.27137319447823,-203,-152.1717757675022,14.099597426976047,-166.27137319447823,-241.34252744858017
Vlissingen,broken_linear,1930,-133,1930,-164.1980499470308,-133,-150.39755161177555,13.800498335255224,-164.1980499470308,-238.0962174159124
Vlissingen,broken_linear,1931,-133,1931,-162.1247266995834,-133,-150.18106296369103,11.943663735892336,-162.1247266995834,-234.84990738324464
Vlissingen,broken_linear,1932,-152,1932,-160.05140345213596,-152,-151.31271904493175,8.7386844072042,-160.05140345213596,-231.60359735057688
Vlissingen,broken_linear,1933,-166,1933,-157.97808020468852,-166,-153.4307568248974,4.547323379791114,-157.97808020468852,-228.35728731790908
Vlissingen,broken_linear,1934,-162,1934,-155.9047569572411,-162,-156.0620751344028,-0.15731817716169427,-155.9047569572411,-225.11097728524132
Vlissingen,broken_linear,1935,-134,1935,-153.83143370979366,-134,-158.67563610612154,-4.844202396327894,-153.83143370979366,-221.86466725257355
Vlissingen,broken_linear,1936,-111,1936,-151.75811046234622,-111,-160.74240623770902,-8.984295775362806,-151.75811046234622,-218.61835721990576
Vlissingen,broken_linear,1937,-111,1937,-149.68478721489882,-111,-161.79507121160898,-12.110283996710152,-149.68478721489882,-215.37204718723802
Vlissingen,broken_linear,1938,-136,1938,-147.61146396745139,-136,-161.48078414283424,-13.869320175382867,-147.61146396745139,-212.12573715457023
Vlissingen,broken_linear,1939,-134,1939,-145.53814072000395,-134,-159.60099327997855,-14.062852559974608,-145.53814072000395,-208.87942712190247
Vlissingen,broken_linear,1940,-135,1940,-143.46481747255655,-135,-156.133853595418,-12.669036122861474,-143.46481747255655,-205.6331170892347
Vlissingen,broken_linear,1941,-161,1941,-141.3914942251091,-161,-151.23669254954433,-9.84519832443522,-141.3914942251091,-202.38680705656694
Vlissingen,broken_linear,1942,-149,1942,-139.31817097766168,-149,-145.22825170513084,-5.910080727469176,-139.31817097766168,-199.14049702389917
Vlissingen,broken_linear,1943,-116,1943,-137.24484773021425,-116,-138.552708675089,-1.3078609448747627,-137.24484773021425,-195.89418699123138
Vlissingen,broken_linear,1944,-128,1944,-135.1715244827668,-128,-131.7295404373628,3.441984045404009,-135.1715244827668,-192.64787695856361
Vlissingen,broken_linear,1945,-110,1945,-133.09820123531938,-110,-125.29488721076238,7.803314024557005,-133.09820123531938,-189.40156692589585
Vlissingen,broken_linear,1946,-104,1946,-131.02487798787197,-104,-119.74103546234345,11.283842525528508,-131.02487798787197,-186.15525689322808
Vlissingen,broken_linear,1947,-136,1947,-128.95155474042454,-136,-115.46085092054662,13.490703819877941,-128.95155474042454,-182.90894686056032
Vlissingen,broken_linear,1948,-119,1948,-126.87823149297711,-119,-112.70343373488359,14.174797758093518,-126.87823149297711,-179.66263682789253
Vlissingen,broken_linear,1949,-106,1949,-124.80490824552969,-106,-111.54600121970307,13.25890702582662,-124.80490824552969,-176.4163267952248
Vlissingen,broken_linear,1950,-84,1950,-122.73158499808225,-99.09210526315789,-111.88517192600852,10.846413072073737,-122.73158499808225,-173.170016762557
Vlissingen,broken_linear,1951,-82,1951,-120.65826175063484,-84.09210526315789,-113.44863485441147,7.209626896223369,-120.65826175063484,-169.92370672988923
Vlissingen,broken_linear,1952,-54,1952,-118.5849385031874,-69.09210526315789,-115.82588664320708,2.759051859980326,-118.5849385031874,-166.67739669722147
Vlissingen,broken_linear,1953,-104,1953,-116.51161525573997,-75.09210526315789,-118.5145672619847,-2.0029520062447164,-116.51161525573997,-163.43108666455367
Vlissingen,broken_linear,1954,-85,1954,-114.43829200829255,-100.09210526315789,-120.9771640550602,-6.538872046767647,-114.43829200829255,-160.1847766318859
Vlissingen,broken_linear,1955,-86,1955,-112.36496876084513,-99.09210526315789,-122.70168364833219,-10.336714887487073,-112.36496876084513,-156.93846659921815
Vlissingen,broken_linear,1956,-148,1956,-110.2916455133977,-137.0921052631579,-123.25944335935583,-12.96779784595815,-110.2916455133977,-153.69215656655038
Vlissingen,broken_linear,1957,-112,1957,-108.21832226595026,-112.09210526315789,-122.35345888739091,-14.135136621440658,-108.21832226595026,-150.44584653388262
Vlissingen,broken_linear,1958,-85,1958,-106.14499901850284,-97.09210526315789,-119.85196650798039,-13.70696748947756,-106.14499901850284,-147.19953650121485
Vlissingen,broken_linear,1959,-98,1959,-104.07167577105541,-64.09210526315789,-115.80329594400328,-11.731620172947856,-104.07167577105541,-143.95322646854706
Vlissingen,broken_linear,1960,-83,1960,-101.99835252360799,-89.09210526315789,-110.43041513329285,-8.432062609684868,-101.99835252360799,-140.7069164358793
Vlissingen,broken_linear,1961,-41,1961,-99.92502927616056,-59.0921052631579,-104.10576265385853,-4.180733377697985,-99.92502927616056,-137.46060640321153
Vlissingen,broken_linear,1962,-70,1962,-97.85170602871312,-73.09210526315789,-97.30920860447965,0.5424974242334697,-97.85170602871312,-134.21429637054376
Vlissingen,broken_linear,1963,-143,1963,-95.7783827812657,-122.09210526315789,-90.57388911924502,5.204493662020679,-95.7783827812657,-130.967986337876
Vlissingen,broken_linear,1964,-115,1964,-93.70505953381827,-88.09210526315789,-84.42602846192219,9.279031071896089,-93.70505953381827,-127.7216763052082
Vlissingen,broken_linear,1965,-75,1965,-91.63173628637085,-102.09210526315789,-79.32554129982171,12.306194986549155,-91.63173628637085,-124.47536627254046
Vlissingen,broken_linear,1966,-42,1966,-89.55841303892342,-65.09210526315789,-75.6141196938209,13.944293345102517,-89.55841303892342,-121.22905623987268
Vlissingen,broken_linear,1967,-47,1967,-87.485089791476,-75.09210526315789,-73.47666450156566,14.008425289910331,-87.485089791476,-117.98274620720491
Vlissingen,broken_linear,1968,-78,1968,-85.41176654402857,-78.09210526315789,-72.92041463611362,12.491351907914943,-85.41176654402857,-114.73643617453713
Vlissingen,broken_linear,1969,-73,1969,-83.33844329658115,-68.09210526315789,-73.77412997138937,9.564313325191776,-83.33844329658115,-111.49012614186938
Vlissingen,broken_linear,1970,-58,1970,-81.26512004913371,-77.09210526315789,-75.7074201242501,5.557699924883605,-81.26512004913371,-108.2438161092016
Vlissingen,broken_linear,1971,-115,1971,-79.19179680168628,-99.09210526315789,-78.2680373709227,0.9237594307635941,-79.19179680168628,-104.99750607653382
Vlissingen,broken_linear,1972,-131,1972,-77.11847355423886,-99.09210526315789,-80.93292424836241,-3.814450694123562,-77.11847355423886,-101.75119604386606
Vlissingen,broken_linear,1973,-79,1973,-75.04515030679143,-91.09210526315789,-83.16725382678007,-8.122103519988642,-75.04515030679143,-98.50488601119828
Vlissingen,broken_linear,1974,-62,1974,-72.97182705934401,-97.09210526315789,-84.48479846435907,-11.51297140501507,-72.97182705934401,-95.25857597853053
Vlissingen,broken_linear,1975,-99,1975,-70.89850381189657,-83.09210526315789,-84.50281290234778,-13.60430909045121,-70.89850381189657,-92.01226594586274
Vlissingen,broken_linear,1976,-115,1976,-68.82518056444916,-92.09210526315789,-82.98523675423456,-14.160056189785404,-68.82518056444916,-88.76595591319499
Vlissingen,broken_linear,1977,-78,1977,-66.75185731700172,-98.09210526315789,-79.86933989471004,-13.11748257770831,-66.75185731700172,-85.51964588052721
Vlissingen,broken_linear,1978,-95,1978,-64.6785340695543,-100.09210526315789,-75.27280314191644,-10.594269072362142,-64.6785340695543,-82.27333584785944
Vlissingen,broken_linear,1979,-69,1979,-62.60521082210687,-70.09210526315789,-69.48043499879013,-6.875224176683258,-62.60521082210687,-79.02702581519168
Vlissingen,broken_linear,1980,-53,1980,-60.53188757465944,-48.09210526315789,-62.91202380541692,-2.3801362307574756,-60.53188757465944,-75.7807157825239
Vlissingen,broken_linear,1981,-18,1981,-58.45856432721202,-39.0921052631579,-56.074954000622085,2.3836103265899293,-58.45856432721202,-72.53440574985613
Vlissingen,broken_linear,1982,-49,1982,-56.38524107976458,-39.09210526315789,-49.50693494688785,6.87830613287672,-56.38524107976458,-69.28809571718836
Vlissingen,broken_linear,1983,-22,1983,-54.311917832317164,-43.0921052631579,-43.715306820156805,10.596611012160356,-54.311917832317164,-66.04178568452059
Vlissingen,broken_linear,1984,-61,1984,-52.23859458486973,-52.09210526315789,-39.11977443093578,13.118820153933955,-52.23859458486973,-62.79547565185281
Vlissingen,broken_linear,1985,-54,1985,-50.165271337422304,-45.09210526315789,-36.00503291431299,14.160238423109316,-50.165271337422304,-59.54916561918505
Vlissingen,broken_linear,1986,-71,1986,-48.09194808997488,-65.09210526315789,-34.48863267874415,13.603315411230724,-48.09194808997488,-56.30285558651728
Vlissingen,broken_linear,1987,-72,1987,-46.01862484252745,-49.0921052631579,-34.507710867428656,11.510913975098791,-46.01862484252745,-53.05654555384951
Vlissingen,broken_linear,1988,-10,1988,-43.945301595080025,-31.092105263157897,-35.82608702266685,8.119214572413181,-43.945301595080025,-49.81023552118174
Vlissingen,broken_linear,1989,-43,1989,-41.8719783476326,-44.09210526315789,-38.06092202789473,3.81105631973786,-41.8719783476326,-46.56392548851397
Vlissingen,broken_linear,1990,-27,1990,-39.79865510018517,-61.09210526315789,-40.72593119108861,-0.9272760909034439,-39.79865510018517,-43.3176154558462
Vlissingen,broken_linear,1991,-102,1991,-37.72533185273774,-79.09210526315789,-43.28627377941701,-5.5609419266792735,-37.72533185273774,-40.07130542317842
Vlissingen,broken_linear,1992,-63,1992,-35.65200860529031,-60.09210526315789,-45.21892333198056,-9.56691472669026,-35.65200860529031,-36.82499539051066
Vlissingen,broken_linear,1993,-57,1993,-33.578685357842886,-49.09210526315789,-46.07170443296236,-12.493019075119486,-33.578685357842886,-33.578685357842886
Vlissingen,broken_linear,1994,-26,1994,-30.332375325175118,-42.09210526315789,-44.341345365983436,-14.008970040808316,-31.50536211039546,-30.332375325175118
Vlissingen,broken_linear,1995,-16,1995,-27.08606529250735,-23.092105263157894,-41.0297194832756,-13.943654190768253,-29.432038862948033,-27.08606529250735
Vlissingen,broken_linear,1996,-101,1996,-23.839755259839578,-52.09210526315789,-36.14419933156489,-12.304444071725321,-27.358715615500607,-23.839755259839578
Vlissingen,broken_linear,1997,-67,1997,-20.59344522717181,-37.0921052631579,-29.869811258805477,-9.276366031633671,-25.28539236805318,-20.59344522717181
Vlissingen,broken_linear,1998,1,1998,-17.347135194504034,-26.092105263157897,-22.54835050806561,-5.201215313561577,-23.212069120605747,-17.347135194504034
Vlissingen,broken_linear,1999,-4,1999,-14.100825161836264,-28.092105263157897,-14.639800974007766,-0.5389758121715014,-21.13874587315832,-14.100825161836264
Vlissingen,broken_linear,2000,-10,2000,-10.854515129168494,-23.092105263157894,-6.670414378853756,4.184100750314738,-19.065422625710895,-10.854515129168494
Vlissingen,broken_linear,2001,9,2001,-7.608205096500733,-3.092105263157894,0.8266905531325754,8.434895649633308,-16.992099378263475,-7.608205096500733
Vlissingen,broken_linear,2002,-8,2002,-4.361895063832957,4.907894736842106,7.371704036136754,11.733599099969712,-14.918776130816042,-4.361895063832957
Vlissingen,broken_linear,2003,-18,2003,-1.11558503116518,9.907894736842103,12.592283900409448,13.70786893157463,-12.845452883368608,-1.11558503116518
Vlissingen,broken_linear,2004,14,2004,2.130725001502583,6.907894736842106,16.265583829560697,14.134858828058114,-10.772129635921189,2.130725001502583
Vlissingen,broken_linear,2005,27,2005,5.377035034170358,29.907894736842106,18.34340720728011,12.96637217310975,-8.698806388473756,5.377035034170358
Vlissingen,broken_linear,2006,1,2006,8.62334506683812,3.907894736842106,18.957647325273594,10.334302258435475,-6.625483141026336,8.62334506683812
Vlissingen,broken_linear,2007,46,2007,11.869655099505898,23.907894736842103,18.40539988726733,6.53574478776143,-4.552159893578903,11.869655099505898
Vlissingen,broken_linear,2008,19,2008,15.11596513217366,8.907894736842106,17.115428239782787,1.9994631076091256,-2.4788366461314837,15.11596513217366
Vlissingen,broken_linear,2009,1,2009,18.362275164841435,5.907894736842106,15.599766577106102,-2.7625085877353337,-0.40551339868405023,18.362275164841435
Vlissingen,broken_linear,2010,3,2010,21.608585197509196,8.907894736842106,14.395923923623286,-7.212661273885909,1.667809848763369,21.608585197509196
Vlissingen,broken_linear,2011,7,2011,24.85489523017697,6.907894736842106,14.006212636848081,-10.848682593328892,3.7411330962108025,24.85489523017697
Vlissingen,broken_linear,2012,0,2012,28.10120526284475,2.907894736842106,14.841049745082268,-13.260155517762483,5.814456343658236,28.10120526284475
Vlissingen,broken_linear,2013,-14,2013,31.347515295512512,3.907894736842106,17.1726309987149,-14.17488429679761,7.887779591105655,31.347515295512512
Vlissingen,broken_linear,2014,24,2014,34.59382532818029,26.907894736842106,21.104206690912946,-13.489618637267345,9.961102838553089,34.59382532818029
Vlissingen,broken_linear,2015,27,2015,37.84013536084805,23.907894736842106,26.55842724892285,-11.281708111925202,12.034426086000508,37.84013536084805
Vlissingen,broken_linear,2016,30,2016,41.08644539351583,46.90789473684211,33.2860740909608,-7.800371302555029,14.107749333447941,41.08644539351583
Vlissingen,broken_linear,2017,46,2017,44.33275542618359,34.90789473684211,40.89419025052629,-3.4385651756572964,16.18107258089536,44.33275542618359
Vlissingen,broken_linear,2018,1,2018,47.57906545885136,32.9078947368421,48.89043551524005,1.311370056388685,18.254395828342794,47.57906545885136
Vlissingen,broken_linear,2019,51,2019,50.82537549151914,46.90789473684211,56.7386594802246,5.9132839887054605,20.327719075790228,50.82537549151914
Vlissingen,broken_linear,2020,58,2020,54.071685524186904,57.90789473684211,63.91941969048037,9.847734166293456,22.401042323237647,54.071685524186904
Vlissingen,broken_linear,2021,46,2021,57.31799555685468,60.90789473684211,69.98861386826421,12.670618311409523,24.47436557068508,57.31799555685468
Vlissingen,broken_linear,2022,60,2022,60.56430558952244,70.90789473684211,74.62760809471439,14.063302505191942,26.5476888181325,60.56430558952244
Vlissingen,broken_linear,2023,116,2023,63.81061562219022,94.90789473684211,77.67920271175444,13.868587089564233,28.621012065579933,63.81061562219022
Vlissingen,broken_linear,2024,129,2024,67.05692565485798,110.90789473684211,79.16537628200152,12.108450627143519,30.694335313027352,67.05692565485798
Vlissingen,broken_linear,2025,83,2025,70.30323568752576,105.90789473684211,79.28480475172941,8.981569064203663,32.767658560474786,70.30323568752576
Vlissingen,broken_squared,1891,-280,1891,-245.6259368288173,-280,-231.89944860297763,13.726488225839676,-245.6259368288173,-211.20083455017976
Vlissingen,broken_squared,1892,-279,1892,-243.55071542804723,-279,-228.92204524297819,14.628670185069055,-243.55071542804723,-210.11621155566328
Vlissingen,broken_squared,1893,-253,1893,-241.47549402727716,-253,-227.59585754369533,13.879636483581823,-241.47549402727716,-209.01712727054456
Vlissingen,broken_squared,1894,-204,1894,-239.4002726265071,-204,-227.83633809496447,11.563934531542632,-239.4002726265071,-207.9035816948236
Vlissingen,broken_squared,1895,-220,1895,-237.32505122573707,-220,-229.38210132445505,7.942949901282036,-237.32505122573707,-206.77557482850045
Vlissingen,broken_squared,1896,-240,1896,-235.249829824967,-240,-231.82442747479607,3.4254023501709323,-235.249829824967,-205.633106671575
Vlissingen,broken_squared,1897,-261,1897,-233.17460842419695,-261,-234.65339697229734,-1.47878854810042,-233.17460842419695,-204.47617722404732
Vlissingen,broken_squared,1898,-229,1898,-231.0993870234269,-229,-237.31544775616163,-6.216060732734713,-231.0993870234269,-203.30478648591742
Vlissingen,broken_squared,1899,-221,1899,-229.02416562265685,-221,-239.27585876689506,-10.251693144238216,-229.02416562265685,-202.11893445718525
Vlissingen,broken_squared,1900,-275,1900,-226.9489442218868,-275,-240.07910675088226,-13.130162528995472,-226.9489442218868,-200.91862113785083
Vlissingen,broken_squared,1901,-308,1901,-224.87372282111676,-308,-239.40028358818657,-14.526560767069807,-224.87372282111676,-199.7038465279142
Vlissingen,broken_squared,1902,-323,1902,-222.7985014203467,-323,-237.08177039683608,-14.283268976489385,-222.7985014203467,-198.47461062737534
Vlissingen,broken_squared,1903,-178,1903,-220.72328001957663,-178,-233.1510288127586,-12.42774879318197,-220.72328001957663,-197.2309134362342
Vlissingen,broken_squared,1904,-191,1904,-218.64805861880657,-191,-227.81750124915317,-9.169442630346587,-218.64805861880657,-195.97275495449082
Vlissingen,broken_squared,1905,-220,1905,-216.57283721803654,-220,-221.44897001947805,-4.87613280144153,-216.57283721803654,-194.70013518214523
Vlissingen,broken_squared,1906,-212,1906,-214.49761581726648,-212,-214.53004379534255,-0.03242797807607012,-214.49761581726648,-193.41305411919737
Vlissingen,broken_squared,1907,-202,1907,-212.42239441649642,-202,-207.60745725317625,4.81493716332016,-212.42239441649642,-192.11151176564726
Vlissingen,broken_squared,1908,-204,1908,-210.34717301572638,-204,-201.22835822893592,9.118814786790473,-210.34717301572638,-190.79550812149495
Vlissingen,broken_squared,1909,-178,1909,-208.27195161495632,-178,-195.878548237303,12.393403377653339,-208.27195161495632,-189.46504318674036
Vlissingen,broken_squared,1910,-171,1910,-206.19673021418626,-171,-191.9276474758232,14.269082738363066,-206.19673021418626,-188.12011696138353
Vlissingen,broken_squared,1911,-209,1911,-204.1215088134162,-209,-189.58737383106478,14.534134982351404,-204.1215088134162,-186.76072944542446
Vlissingen,broken_squared,1912,-154,1912,-202.04628741264617,-154,-188.88764515684807,13.158642255798096,-202.04628741264617,-185.38688063886315
Vlissingen,broken_squared,1913,-160,1913,-199.9710660118761,-160,-189.67320228726436,10.297863724611762,-199.9710660118761,-183.9985705416996
Vlissingen,broken_squared,1914,-184,1914,-197.89584461110604,-184,-191.62113396293213,6.274710648173921,-197.89584461110604,-182.5957991539338
Vlissingen,broken_squared,1915,-213,1915,-195.820623210336,-213,-194.27732553903192,1.5432976713041051,-195.820623210336,-181.1785664755658
Vlissingen,broken_squared,1916,-168,1916,-193.74540180956595,-168,-197.10771731595423,-3.362315506388282,-193.74540180956595,-179.7468725065955
Vlissingen,broken_squared,1917,-182,1917,-191.6701804087959,-182,-199.5585866926733,-7.888406283877407,-191.6701804087959,-178.300717247023
Vlissingen,broken_squared,1918,-221,1918,-189.59495900802585,-221,-201.11904977618548,-11.524090768159637,-189.59495900802585,-176.84010069684825
Vlissingen,broken_squared,1919,-248,1919,-187.5197376072558,-248,-201.37872755856165,-13.858989951305853,-187.5197376072558,-175.36502285607122
Vlissingen,broken_squared,1920,-271,1920,-185.44451620648573,-271,-200.0740675740868,-14.629551367601078,-185.44451620648573,-173.87548372469197
Vlissingen,broken_squared,1921,-203,1921,-183.3692948057157,-203,-197.11809246514522,-13.748797659429522,-183.3692948057157,-172.37148330271052
Vlissingen,broken_squared,1922,-192,1922,-181.29407340494564,-192,-192.6102175782973,-11.316144173351638,-181.29407340494564,-170.8530215901268
Vlissingen,broken_squared,1923,-171,1923,-179.21885200417557,-171,-186.82502942636276,-7.606177422187184,-179.21885200417557,-169.3200985869408
Vlissingen,broken_squared,1924,-189,1924,-177.14363060340554,-189,-180.18129165106444,-3.0376610476588928,-177.14363060340554,-167.7727142931526
Vlissingen,broken_squared,1925,-152,1925,-175.06840920263545,-152,-173.19467694776185,1.8737322548735769,-175.06840920263545,-166.21086870876212
Vlissingen,broken_squared,1926,-167,1926,-172.99318780186542,-167,-166.41956035085556,6.573627451009865,-172.99318780186542,-164.63456183376942
Vlissingen,broken_squared,1927,-155,1927,-170.91796640109536,-155,-160.38644398073015,10.5315224203652,-170.91796640109536,-163.0437936681745
Vlissingen,broken_squared,1928,-152,1928,-168.8427450003253,-152,-155.54207645323322,13.300668547092053,-168.8427450003253,-161.43856421197728
Vlissingen,broken_squared,1929,-203,1929,-166.76752359955526,-203,-152.19902599182038,14.568497607734864,-166.76752359955526,-159.8188734651779
Vlissingen,broken_squared,1930,-133,1930,-164.6923021987852,-133,-150.50039919289168,14.191903005893508,-164.6923021987852,-158.18472142777622
Vlissingen,broken_squared,1931,-133,1931,-162.61708079801514,-133,-150.4036878245686,12.213392973446531,-162.61708079801514,-156.5361080997723
Vlissingen,broken_squared,1932,-152,1932,-160.5418593972451,-152,-151.68556695648286,8.856292440762257,-160.5418593972451,-154.87303348116617
Vlissingen,broken_squared,1933,-166,1933,-158.46663799647504,-166,-153.96710283019704,4.499535166278003,-158.46663799647504,-153.19549757195776
Vlissingen,broken_squared,1934,-162,1934,-156.39141659570498,-162,-156.75652512410593,-0.36510852840095254,-156.39141659570498,-151.50350037214713
Vlissingen,broken_squared,1935,-134,1935,-154.31619519493495,-134,-159.5047356802198,-5.188540485284864,-154.31619519493495,-149.79704188173426
Vlissingen,broken_squared,1936,-111,1936,-152.2409737941649,-111,-161.66728812816817,-9.426314334003287,-152.2409737941649,-148.07612210071915
Vlissingen,broken_squared,1937,-111,1937,-150.16575239339483,-111,-162.76584243724062,-12.600090043845778,-150.16575239339483,-146.34074102910176
Vlissingen,broken_squared,1938,-136,1938,-148.0905309926248,-136,-162.44215769494167,-14.351626702316867,-148.0905309926248,-144.59089866688217
Vlissingen,broken_squared,1939,-134,1939,-146.01530959185473,-134,-160.49852866052163,-14.483219068666902,-146.01530959185473,-142.82659501406033
Vlissingen,broken_squared,1940,-135,1940,-143.94008819108467,-135,-156.92010180502686,-12.980013613942184,-143.94008819108467,-141.04783007063622
Vlissingen,broken_squared,1941,-161,1941,-141.86486679031464,-161,-151.87655190796323,-10.011685117648616,-141.86486679031464,-139.25460383660993
Vlissingen,broken_squared,1942,-149,1942,-139.78964538954457,-149,-145.7029299642075,-5.913284574662928,-139.78964538954457,-137.44691631198134
Vlissingen,broken_squared,1943,-116,1943,-137.7144239887745,-116,-138.86184419958286,-1.1474202108083489,-137.7144239887745,-135.6247674967505
Vlissingen,broken_squared,1944,-128,1944,-135.63920258800445,-128,-131.8912430246345,3.7479595633699425,-135.63920258800445,-133.78815739091746
Vlissingen,broken_squared,1945,-110,1945,-133.5639811872344,-110,-125.34369394180902,8.220287245425382,-133.5639811872344,-131.93708599448215
Vlissingen,broken_squared,1946,-104,1946,-131.48875978646436,-104,-119.72401231812479,11.764747468339555,-131.48875978646436,-130.07155330744462
Vlissingen,broken_squared,1947,-136,1947,-129.4135383856943,-136,-115.4322801948624,13.981258190831902,-129.4135383856943,-128.19155932980482
Vlissingen,broken_squared,1948,-119,1948,-127.33831698492425,-119,-112.71868690371251,14.619630081211742,-127.33831698492425,-126.2971040615628
Vlissingen,broken_squared,1949,-106,1949,-125.2630955841542,-106,-111.65528886876706,13.607806715387142,-125.2630955841542,-124.38818750271855
Vlissingen,broken_squared,1950,-84,1950,-123.18787418338414,-99.09210526315789,-112.12787621541736,11.059997967966783,-123.18787418338414,-122.46480965327203
Vlissingen,broken_squared,1951,-82,1951,-121.11265278261408,-84.09210526315789,-113.84886424518923,7.26378853742484,-121.11265278261408,-120.52697051322326
Vlissingen,broken_squared,1952,-54,1952,-119.03743138184404,-69.09210526315789,-116.38975464731564,2.647676734528398,-119.03743138184404,-118.5746700825723
Vlissingen,broken_squared,1953,-104,1953,-116.96220998107398,-75.09210526315789,-119.2295023777746,-2.2672923967006176,-116.96220998107398,-116.60790836131905
Vlissingen,broken_squared,1954,-85,1954,-114.88698858030392,-100.09210526315789,-121.8133287793983,-6.926340199094376,-114.88698858030392,-114.62668534946356
Vlissingen,broken_squared,1955,-86,1955,-112.81176717953387,-99.09210526315789,-123.61534239397395,-10.803575214440082,-112.81176717953387,-112.63100104700585
Vlissingen,broken_squared,1956,-148,1956,-110.73654577876383,-137.0921052631579,-124.19789912284986,-13.461353344086032,-110.73654577876383,-110.6208554539459
Vlissingen,broken_squared,1957,-112,1957,-108.66132437799376,-112.09210526315789,-123.2610014396028,-14.59967706160903,-108.66132437799376,-108.59624857028368
Vlissingen,broken_squared,1958,-85,1958,-106.58610297722372,-97.09210526315789,-120.67616070339533,-14.090057726171612,-106.58610297722372,-106.55718039601923
Vlissingen,broken_squared,1959,-98,1959,-104.51088157645367,-64.09210526315789,-116.50090035395453,-11.990018777500856,-104.51088157645367,-104.50365093115255
Vlissingen,broken_squared,1960,-83,1960,-102.43566017568361,-89.09210526315789,-110.97226293556437,-8.53660275988076,-102.43566017568361,-102.43566017568361
Vlissingen,broken_squared,1961,-41,1961,-100.35320812961244,-59.0921052631579,-104.47282320144069,-4.119615071828253,-100.36043877491356,-100.35320812961244
Vlissingen,broken_squared,1962,-70,1962,-98.25629479293902,-73.09210526315789,-97.49391935440288,0.7623754385361412,-98.2852173741435,-98.25629479293902
Vlissingen,broken_squared,1963,-143,1963,-96.14492016566336,-122.09210526315789,-90.58660757961334,5.558312586050007,-96.20999597337345,-96.14492016566336
Vlissingen,broken_squared,1964,-115,1964,-94.01908424778546,-88.09210526315789,-84.29223076235164,9.726853485433832,-94.13477457260339,-94.01908424778546
Vlissingen,broken_squared,1965,-75,1965,-91.87878703930532,-102.09210526315789,-79.08131424281065,12.797472796494676,-92.05955317183334,-91.87878703930532
Vlissingen,broken_squared,1966,-42,1966,-89.72402854022293,-65.09210526315789,-75.30045512314516,14.42357341707778,-89.9843317710633,-89.72402854022293
Vlissingen,broken_squared,1967,-47,1967,-87.5548087505383,-75.09210526315789,-73.13320001262579,14.421608737912512,-87.90911037029323,-87.5548087505383
Vlissingen,broken_squared,1968,-78,1968,-85.37112767025144,-78.09210526315789,-72.5793271474856,12.791800522765845,-85.83388896952319,-85.37112767025144
Vlissingen,broken_squared,1969,-73,1969,-83.17298529936231,-68.09210526315789,-73.45487142257359,9.718113876788728,-83.75866756875313,-83.17298529936231
Vlissingen,broken_squared,1970,-58,1970,-80.96038163787097,-77.09210526315789,-75.41288950935999,5.547492128510979,-81.68344616798308,-80.96038163787097
Vlissingen,broken_squared,1971,-115,1971,-78.73331668577738,-99.09210526315789,-77.98262119119089,0.7506954945864974,-79.60822476721303,-78.73331668577738
Vlissingen,broken_squared,1972,-131,1972,-76.49179044308153,-99.09210526315789,-80.62262656799297,-4.1308361249114345,-77.53300336644297,-76.49179044308153
Vlissingen,broken_squared,1973,-79,1973,-74.23580290978346,-91.09210526315789,-82.781901252052,-8.54609834226853,-75.45778196567292,-74.23580290978346
Vlissingen,broken_squared,1974,-62,1974,-71.96535408588312,-97.09210526315789,-83.96207115828453,-11.99671707240141,-73.38256056490286,-71.96535408588312
Vlissingen,broken_squared,1975,-99,1975,-69.68044397138057,-83.09210526315789,-83.77364663286188,-14.093202661481323,-71.30733916413281,-69.68044397138057
Vlissingen,broken_squared,1976,-115,1976,-67.38107256627576,-92.09210526315789,-81.97998621806022,-14.598913651784471,-69.23211776336277,-67.38107256627576
Vlissingen,broken_squared,1977,-78,1977,-65.06723987056871,-98.09210526315789,-78.5240076298154,-13.456767759246695,-67.1568963625927,-65.06723987056871
Vlissingen,broken_squared,1978,-95,1978,-62.73894588425942,-100.09210526315789,-73.534630938149,-10.795685053889558,-65.08167496182266,-62.73894588425942
Vlissingen,broken_squared,1979,-69,1979,-60.396190607347876,-70.09210526315789,-67.31222667448715,-6.916036067139265,-63.006453561052595,-60.396190607347876
Vlissingen,broken_squared,1980,-53,1980,-58.03897403983411,-48.09210526315789,-60.29471141524873,-2.255737375414619,-60.93123216028255,-58.03897403983411
Vlissingen,broken_squared,1981,-18,1981,-55.667296181718086,-39.0921052631579,-53.00811781316569,2.6591783685524017,-58.85601075951249,-55.667296181718086
Vlissingen,broken_squared,1982,-49,1982,-53.28115703299983,-39.09210526315789,-46.007218499302184,7.273938533697645,-56.78078935874244,-53.28115703299983
Vlissingen,broken_squared,1983,-22,1983,-50.88055659367933,-43.0921052631579,-39.81290595115195,11.067650642527378,-54.70556795797239,-50.88055659367933
Vlissingen,broken_squared,1984,-61,1984,-48.465494863756575,-52.09210526315789,-34.85339659352326,13.612098270233314,-52.63034655720233,-48.465494863756575
Vlissingen,broken_squared,1985,-54,1985,-46.0359718432316,-45.09210526315789,-31.415895737465494,14.620076105766108,-50.55512515643228,-46.0359718432316
Vlissingen,broken_squared,1986,-71,1986,-43.59198753210437,-65.09210526315789,-29.614179192169107,13.977808339935265,-48.47990375566223,-43.59198753210437
Vlissingen,broken_squared,1987,-72,1987,-41.133541930374896,-49.0921052631579,-29.375750785398594,11.757791144976302,-46.404682354892174,-41.133541930374896
Vlissingen,broken_squared,1988,-10,1988,-38.66063503804318,-31.092105263157897,-30.450025391301715,8.210609646741467,-44.32946095412212,-38.66063503804318
Vlissingen,broken_squared,1989,-43,1989,-36.17326685510923,-44.09210526315789,-32.43661380380645,3.736653051302782,-42.25423955335207,-36.17326685510923
Vlissingen,broken_squared,1990,-27,1990,-33.67143738157303,-61.09210526315789,-34.83051679179368,-1.1590794102206514,-40.17901815258202,-33.67143738157303
Vlissingen,broken_squared,1991,-102,1991,-31.15514661743459,-79.09210526315789,-37.07912704312393,-5.92398042568934,-38.10379675181196,-31.15514661743459
Vlissingen,broken_squared,1992,-63,1992,-28.624394562693908,-60.09210526315789,-38.64460488549827,-10.02021032280436,-36.02857535104191,-28.624394562693908
Vlissingen,broken_squared,1993,-57,1993,-26.07918121735098,-49.09210526315789,-39.06458710541594,-12.985405888064957,-33.953353950271854,-26.07918121735098
Vlissingen,broken_squared,1994,-26,1994,-23.519506581405814,-42.09210526315789,-38.004376338557144,-14.484869757151328,-31.8781325495018,-23.519506581405814
Vlissingen,broken_squared,1995,-16,1995,-20.945370654858408,-23.092105263157894,-35.29472013804937,-14.34934948319096,-29.802911148731752,-20.945370654858408
Vlissingen,broken_squared,1996,-101,1996,-18.356773437708757,-52.09210526315789,-30.95091539662974,-12.594141958920982,-27.727689747961698,-18.356773437708757
Vlissingen,broken_squared,1997,-67,1997,-15.753714929956862,-37.0921052631579,-25.17108170515762,-9.417366775200758,-25.652468347191643,-15.753714929956862
Vlissingen,broken_squared,1998,1,1998,-13.136195131602726,-26.092105263157897,-18.313798542667858,-5.177603411065132,-23.57724694642159,-13.136195131602726
Vlissingen,broken_squared,1999,-4,1999,-10.504214042646348,-28.092105263157897,-10.857630507037449,-0.35341646439110086,-21.502025545651534,-10.504214042646348
Vlissingen,broken_squared,2000,-10,2000,-7.857771663087734,-23.092105263157894,-3.347109188342431,4.510662474745303,-19.426804144881487,-7.857771663087734
Vlissingen,broken_squared,2001,9,2001,-5.1968679929268635,-3.092105263157894,3.6687310023836677,8.865598995310531,-17.351582744111425,-5.1968679929268635
Vlissingen,broken_squared,2002,-8,2002,-2.521503032163764,4.907894736842106,9.698325261695917,12.219828293859681,-15.276361343341378,-2.521503032163764
Vlissingen,broken_squared,2003,-18,2003,0.1683232192015769,9.907894736842103,14.363063922595874,14.194740703394299,-13.20113994257133,0.1683232192015769
Vlissingen,broken_squared,2004,14,2004,2.872610761169172,6.907894736842106,17.440028137511526,14.567417376342355,-11.12591854180127,2.872610761169172
Vlissingen,broken_squared,2005,27,2005,5.591359593738996,29.907894736842106,18.887151911996973,13.295792318257973,-9.050697141031222,5.591359593738996
Vlissingen,broken_squared,2006,1,2006,8.324569716911078,3.907894736842106,18.847970316834804,10.523400599923724,-6.97547574026116,8.324569716911078
Vlissingen,broken_squared,2007,46,2007,11.072241130685388,23.907894736842103,17.635417922634595,6.563176791949209,-4.900254339491113,11.072241130685388
Vlissingen,broken_squared,2008,19,2008,13.834373835061939,8.907894736842106,15.69650621362172,1.8621323785597803,-2.8250329387210655,13.834373835061939
Vlissingen,broken_squared,2009,1,2009,16.610967830040746,5.907894736842106,13.561867028432854,-3.049100801607893,-0.749811537951004,16.610967830040746
Vlissingen,broken_squared,2010,3,2010,19.402023115621784,8.907894736842106,11.785857327607049,-7.616165788014737,1.3254098628190434,19.402023115621784
Vlissingen,broken_squared,2011,7,2011,22.207539691805074,6.907894736842106,10.883985980621961,-11.323553711183115,3.400631263589105,22.207539691805074
Vlissingen,broken_squared,2012,0,2012,25.027517558590596,2.907894736842106,11.274725543194553,-13.752792015396045,5.475852664359152,25.027517558590596
Vlissingen,broken_squared,2013,-14,2013,27.86195671597836,3.907894736842106,13.232277038437886,-14.629679677540473,7.5510740651292,27.86195671597836
Vlissingen,broken_squared,2014,24,2014,30.710857163968377,26.907894736842106,16.855619431774247,-13.85523773219413,9.626295465899261,30.710857163968377
Vlissingen,broken_squared,2015,27,2015,33.574218902560624,23.907894736842106,22.05733734967387,-11.516881552886757,11.701516866669309,33.574218902560624
Vlissingen,broken_squared,2016,30,2016,36.452041931755126,46.90789473684211,28.573488116913477,-7.878553814841649,13.77673826743937,36.452041931755126
Vlissingen,broken_squared,2017,46,2017,39.34432625155186,34.90789473684211,35.99339436747992,-3.350931884071946,15.851959668209417,39.34432625155186
Vlissingen,broken_squared,2018,1,2018,42.25107186195085,32.9078947368421,43.805999378970505,1.5549275170196522,17.92718106897948,42.25107186195085
Vlissingen,broken_squared,2019,51,2019,45.17227876295206,46.90789473684211,51.45755275781738,6.285273994865323,20.002402469749526,45.17227876295206
Vlissingen,broken_squared,2020,58,2020,48.107946954555516,57.90789473684211,58.41411518581745,10.306168231261925,22.077623870519574,48.107946954555516
Vlissingen,broken_squared,2021,46,2021,51.05807643676123,60.90789473684211,64.22182698541779,13.163750548656564,24.152845271289635,51.05807643676123
Vlissingen,broken_squared,2022,60,2022,54.02266720956918,70.90789473684211,68.55813767085486,14.535470461285689,26.228066672059683,54.02266720956918
Vlissingen,broken_squared,2023,116,2023,57.00171927297937,94.90789473684211,71.26821393375576,14.266494660776386,28.303288072829744,57.00171927297937
Vlissingen,broken_squared,2024,129,2024,59.9952326269918,110.90789473684211,72.38241650059362,12.387183873601824,30.37850947359979,59.9952326269918
Vlissingen,broken_squared,2025,83,2025,63.00320727160647,105.90789473684211,72.11287315631935,9.109665884712884,32.45373087436984,63.00320727160647
Hoek van Holland,linear,1891,-213,1891,-198.19586332323098,-213,-187.9503216760427,10.245541647188258,-198.19586332323098,-198.19586332323098
Hoek van Holland,linear,1892,-182,1892,-195.7531305191981,-182,-185.73362295122396,10.019507567974122,-195.7531305191981,-195.7531305191981
Hoek van Holland,linear,1893,-190,1893,-193.31039771516524,-190,-184.64787923459141,8.66251848057383,-193.31039771516524,-193.31039771516524
Hoek van Holland,linear,1894,-201,1894,-190.86766491113235,-201,-184.53991996421487,6.327744946917467,-190.86766491113235,-190.86766491113235
Hoek van Holland,linear,1895,-200,1895,-188.42493210709947,-200,-185.14620685710446,3.278725249995029,-188.42493210709947,-188.42493210709947
Hoek van Holland,linear,1896,-234,1896,-185.98219930306658,-234,-186.1225808742156,-0.1403815711490275,-185.98219930306658,-185.98219930306658
Hoek van Holland,linear,1897,-226,1897,-183.53946649903372,-226,-187.08310927816962,-3.54364277913589,-183.53946649903372,-183.53946649903372
Hoek van Holland,linear,1898,-185,1898,-181.09673369500084,-185,-187.64364791006165,-6.546914215060818,-181.09673369500084,-181.09673369500084
Hoek van Holland,linear,1899,-157,1899,-178.65400089096795,-157,-187.46520157992273,-8.811200688954798,-178.65400089096795,-178.65400089096795
Hoek van Holland,linear,1900,-190,1900,-176.21126808693506,-190,-186.29218825338188,-10.080920166446822,-176.21126808693506,-176.21126808693506
Hoek van Holland,linear,1901,-195,1901,-173.7685352829022,-195,-183.98128795265384,-10.212752669751644,-173.7685352829022,-173.7685352829022
Hoek van Holland,linear,1902,-196,1902,-171.32580247886932,-196,-180.517620043252,-9.191817564382712,-171.32580247886932,-171.32580247886932
Hoek van Holland,linear,1903,-106,1903,-168.88306967483643,-106,-176.01642289019753,-7.133353215361115,-168.88306967483643,-168.88306967483643
Hoek van Holland,linear,1904,-149,1904,-166.44033687080355,-149,-170.71004629201147,-4.269709421207918,-166.44033687080355,-166.44033687080355
Hoek van Holland,linear,1905,-166,1905,-163.9976040667707,-166,-164.9217249255167,-0.9241208587460062,-163.9976040667707,-163.9976040667707
Hoek van Holland,linear,1906,-145,1906,-161.5548712627378,-145,-159.02909313195974,2.5257781307780816,-161.5548712627378,-161.5548712627378
Hoek van Holland,linear,1907,-171,1907,-159.11213845870492,-171,-153.42155932422602,5.69057913447889,-159.11213845870492,-159.11213845870492
Hoek van Holland,linear,1908,-174,1908,-156.66940565467206,-174,-148.45635139208622,8.213054262585835,-156.66940565467206,-156.66940565467206
Hoek van Holland,linear,1909,-118,1909,-154.22667285063918,-118,-144.41819449391795,9.80847835672121,-154.22667285063918,-154.22667285063918
Hoek van Holland,linear,1910,-123,1910,-151.7839400466063,-123,-141.48717261660406,10.296767430002237,-151.7839400466063,-151.7839400466063
Hoek van Holland,linear,1911,-145,1911,-149.3412072425734,-145,-139.71840153994938,9.622805702624039,-149.3412072425734,-149.3412072425734
Hoek van Holland,linear,1912,-84,1912,-146.89847443854055,-84,-139.03580762602982,7.862666812510747,-146.89847443854055,-146.89847443854055
Hoek van Holland,linear,1913,-105,1913,-144.45574163450766,-105,-139.2407146545449,5.215026979962779,-144.45574163450766,-144.45574163450766
Hoek van Holland,linear,1914,-87,1914,-142.01300883047477,-87,-140.03426946248442,1.978739367990347,-142.01300883047477,-142.01300883047477
Hoek van Holland,linear,1915,-116,1915,-139.5702760264419,-116,-141.05117508711245,-1.4808990606705643,-139.5702760264419,-139.5702760264419
Hoek van Holland,linear,1916,-74,1916,-137.12754322240903,-74,-141.90092377334602,-4.773380550936997,-137.12754322240903,-137.12754322240903
Hoek van Holland,linear,1917,-163,1917,-134.68481041837614,-163,-142.21187565709835,-7.527065238722201,-134.68481041837614,-134.68481041837614
Hoek van Holland,linear,1918,-152,1918,-132.24207761434326,-152,-141.673207729605,-9.43113011526173,-132.24207761434326,-132.24207761434326
Hoek van Holland,linear,1919,-155,1919,-129.79934481031037,-155,-140.06999808044029,-10.270653270129893,-129.79934481031037,-129.79934481031037
Hoek van Holland,linear,1920,-127,1920,-127.3566120062775,-127,-137.30748527446926,-9.950873268191751,-127.3566120062775,-127.3566120062775
Hoek van Holland,linear,1921,-131,1921,-124.91387920224463,-131,-133.42176457807668,-8.507885375832041,-124.91387920224463,-124.91387920224463
Hoek van Holland,linear,1922,-95,1922,-122.47114639821174,-95,-128.57571369483674,-6.104567296624985,-122.47114639821174,-122.47114639821174
Hoek van Holland,linear,1923,-95,1923,-120.02841359417887,-95,-123.04060789446744,-3.0121943002885674,-120.02841359417887,-120.02841359417887
Hoek van Holland,linear,1924,-132,1924,-117.585680790146,-132,-117.16549973306094,0.4201810570850537,-117.585680790146,-117.585680790146
Hoek van Holland,linear,1925,-67,1925,-115.14294798611311,-67,-111.33781963811695,3.8051283479961673,-115.14294798611311,-115.14294798611311
Hoek van Holland,linear,1926,-95,1926,-112.70021518208024,-95,-105.93964457949953,6.760570602580709,-112.70021518208024,-112.70021518208024
Hoek van Holland,linear,1927,-93,1927,-110.25748237804736,-93,-101.30457101357663,8.952911364470724,-110.25748237804736,-110.25748237804736
Hoek van Holland,linear,1928,-85,1928,-107.81474957401448,-85,-97.68006008027841,10.134689493736069,-107.81474957401448,-107.81474957401448
Hoek van Holland,linear,1929,-140,1929,-105.3720167699816,-140,-95.19950535057532,10.172511419406275,-105.3720167699816,-105.3720167699816
Hoek van Holland,linear,1930,-67,1930,-102.92928396594873,-67,-93.86717598599711,9.06210797995162,-102.92928396594873,-102.92928396594873
Hoek van Holland,linear,1931,-73,1931,-100.48655116191584,-73,-93.55773485570785,6.928816306207986,-100.48655116191584,-100.48655116191584
Hoek van Holland,linear,1932,-90,1932,-98.04381835788297,-90,-94.03038600382109,4.013432354061878,-98.04381835788297,-98.04381835788297
Hoek van Holland,linear,1933,-146,1933,-95.60108555385008,-146,-94.95605456721637,0.6450309866337156,-95.60108555385008,-95.60108555385008
Hoek van Holland,linear,1934,-138,1934,-93.15835274981721,-138,-95.95453120224789,-2.796178452430679,-93.15835274981721,-93.15835274981721
Hoek van Holland,linear,1935,-78,1935,-90.71561994578433,-78,-96.63738833171938,-5.921768385935055,-90.71561994578433,-90.71561994578433
Hoek van Holland,linear,1936,-49,1936,-88.27288714175145,-49,-96.65182402750702,-8.378936885755557,-88.27288714175145,-88.27288714175145
Hoek van Holland,linear,1937,-55,1937,-85.83015433771857,-55,-95.72048463705086,-9.890330299332284,-85.83015433771857,-85.83015433771857
Hoek van Holland,linear,1938,-81,1938,-83.3874215336857,-81,-93.67277116246326,-10.285349628777565,-83.3874215336857,-83.3874215336857
Hoek van Holland,linear,1939,-73,1939,-80.94468872965282,-73,-90.46409567505256,-9.519406945399734,-80.94468872965282,-80.94468872965282
Hoek van Holland,linear,1940,-69,1940,-78.50195592561994,-69,-86.18091419153143,-7.678958265911488,-78.50195592561994,-78.50195592561994
Hoek van Holland,linear,1941,-105,1941,-76.05922312158707,-105,-81.03096792445508,-4.971744802868016,-76.05922312158707,-76.05922312158707
Hoek van Holland,linear,1942,-105,1942,-73.61649031755418,-105,-75.31983442875685,-1.7033441112026741,-73.61649031755418,-73.61649031755418
Hoek van Holland,linear,1943,-59,1943,-71.17375751352131,-59,-69.41643544095139,1.7573220725699208,-71.17375751352131,-71.17375751352131
Hoek van Holland,linear,1944,-44,1944,-68.73102470948842,-44,-63.71139472429704,5.019629985191385,-68.73102470948842,-68.73102470948842
Hoek van Holland,linear,1945,-57,1945,-66.28829190545554,-57,-58.572946290993926,7.7153456144616115,-66.28829190545554,-66.28829190545554
Hoek van Holland,linear,1946,-52,1946,-63.84555910142266,-52,-54.30536987444073,9.54018922698193,-63.84555910142266,-63.84555910142266
Hoek van Holland,linear,1947,-101,1947,-61.40282629738979,-101,-51.11464526044377,10.288181036946012,-61.40282629738979,-61.40282629738979
Hoek van Holland,linear,1948,-42,1948,-58.96009349335691,-42,-49.085202255340555,9.874891238016355,-58.96009349335691,-58.96009349335691
Hoek van Holland,linear,1949,-54,1949,-56.51736068932403,-54,-48.17039064555911,8.34697004376492,-56.51736068932403,-56.51736068932403
Hoek van Holland,linear,1950,-45,1950,-54.07462788529115,-63.05263157894737,-48.197745854868614,5.876882030422539,-54.07462788529115,-54.07462788529115
Hoek van Holland,linear,1951,-56,1951,-51.63189508125827,-59.05263157894737,-48.88845593663413,2.743439144624138,-51.63189508125827,-51.63189508125827
Hoek van Holland,linear,1952,-45,1952,-49.18916227722539,-58.05263157894737,-49.88883255831864,-0.6996702810932476,-49.18916227722539,-49.18916227722539
Hoek van Holland,linear,1953,-74,1953,-46.746429473192514,-45.05263157894737,-50.81023368114623,-4.063804207953707,-46.746429473192514,-46.746429473192514
Hoek van Holland,linear,1954,-25,1954,-44.303696669159635,-43.05263157894737,-51.27293165014182,-6.969234980982183,-44.303696669159635,-44.303696669159635
Hoek van Holland,linear,1955,-21,1955,-41.860963865126756,-31.05263157894737,-50.94897507034889,-9.088011205222127,-41.860963865126756,-41.860963865126756
Hoek van Holland,linear,1956,-83,1956,-39.41823106109388,-70.05263157894737,-49.59920642172231,-10.180975360628427,-39.41823106109388,-39.41823106109388
Hoek van Holland,linear,1957,-38,1957,-36.975498257061,-38.05263157894737,-47.10025703799393,-10.124758780932924,-36.975498257061,-36.975498257061
Hoek van Holland,linear,1958,-38,1958,-34.53276545302812,-47.05263157894737,-43.458472382942105,-8.925706929913991,-34.53276545302812,-34.53276545302812
Hoek van Holland,linear,1959,-131,1959,-32.09003264899525,-92.05263157894737,-38.80919580420995,-6.719163155214698,-32.09003264899525,-32.09003264899525
Hoek van Holland,linear,1960,-80,1960,-29.64729984496237,-82.05263157894737,-33.401491611180724,-3.754191766218354,-29.64729984496237,-29.64729984496237
Hoek van Holland,linear,1961,4,1961,-27.20456704092949,-16.05263157894737,-27.570031864209202,-0.36546482327970886,-27.20456704092949,-27.20456704092949
Hoek van Holland,linear,1962,-55,1962,-24.76183423689661,-60.05263157894737,-21.697320162548287,3.064514074348321,-24.76183423689661,-24.76183423689661
Hoek van Holland,linear,1963,-120,1963,-22.319101432863732,-96.05263157894737,-16.17051643256447,6.1485850002992635,-22.319101432863732,-22.319101432863732
Hoek van Holland,linear,1964,-107,1964,-19.876368628830853,-78.05263157894737,-11.337736131593616,8.53863249723724,-19.876368628830853,-19.876368628830853
Hoek van Holland,linear,1965,-3,1965,-17.433635824797975,-30.05263157894737,-7.468756608285535,9.96487921651244,-17.433635824797975,-17.433635824797975
Hoek van Holland,linear,1966,27,1966,-14.990903020765096,3.94736842105263,-4.724565901137169,10.266337119627929,-14.990903020765096,-14.990903020765096
Hoek van Holland,linear,1967,31,1967,-12.548170216732217,-6.05263157894737,-3.139191163975461,9.408979052756754,-12.548170216732217,-12.548170216732217
Hoek van Holland,linear,1968,-21,1968,-10.10543741269934,-17.05263157894737,-2.615857840470327,7.489579572229012,-10.10543741269934,-10.10543741269934
Hoek van Holland,linear,1969,-37,1969,-7.662704608666461,-26.05263157894737,-2.9379131220395003,4.724791486626961,-7.662704608666461,-7.662704608666461
Hoek van Holland,linear,1970,-18,1970,-5.219971804633583,-36.05263157894737,-3.793280700464047,1.4266911041695358,-5.219971804633583,-5.219971804633583
Hoek van Holland,linear,1971,-53,1971,-2.7772390006007046,-34.05263157894737,-4.80968647746759,-2.032447476866886,-2.7772390006007046,-2.7772390006007046
Hoek van Holland,linear,1972,-80,1972,-0.3345061965678262,-42.05263157894737,-5.596679118421903,-5.262172921854079,-0.3345061965678262,-0.3345061965678262
Hoek van Holland,linear,1973,4,1973,2.1082266074650517,-11.05263157894737,-5.78970236721419,-7.897928974679242,2.1082266074650517,2.1082266074650517
Hoek van Holland,linear,1974,8,1974,4.550959411497931,-28.05263157894737,-5.091244446137157,-9.642203857635087,4.550959411497931,4.550959411497931
Hoek van Holland,linear,1975,-18,1975,6.993692215530809,-0.05263157894736992,-3.304419789592984,-10.298112005123794,6.993692215530809,6.993692215530809
Hoek van Holland,linear,1976,-44,1976,9.436425019563686,-16.05263157894737,-0.3551925630578765,-9.791617582621564,9.436425019563686,9.436425019563686
Hoek van Holland,linear,1977,-3,1977,11.879157823596564,-24.05263157894737,3.699266519252806,-8.179891304343759,11.879157823596564,11.879157823596564
Hoek van Holland,linear,1978,-13,1978,14.321890627629443,-16.05263157894737,8.677033356391256,-5.6448572712381875,14.321890627629443,14.321890627629443
Hoek van Holland,linear,1979,14,1979,16.764623431662322,14.94736842105263,14.291965199703125,-2.4726582319591976,16.764623431662322,16.764623431662322
Hoek van Holland,linear,1980,24,1980,19.2073562356952,30.94736842105263,20.185999103869314,0.9786428681741111,19.2073562356952,19.2073562356952
Hoek van Holland,linear,1981,72,1981,21.65008903972808,49.94736842105263,25.969568392336726,4.319479352608642,21.65008903972808,21.65008903972808
Hoek van Holland,linear,1982,53,1982,24.092821843760955,59.94736842105263,31.26557511613239,7.172753272371437,24.092821843760955,24.092821843760955
Hoek van Holland,linear,1983,72,1983,26.535554647793834,45.94736842105263,35.75195510120478,9.216400453410946,26.535554647793834,26.535554647793834
Hoek van Holland,linear,1984,25,1984,28.978287451826713,35.94736842105263,39.19803104144058,10.219743589613863,28.978287451826713,28.978287451826713
Hoek van Holland,linear,1985,20,1985,31.42102025585959,29.94736842105263,41.49055027076617,10.069530014906576,31.42102025585959,31.42102025585959
Hoek van Holland,linear,1986,28,1986,33.863753059892474,32.94736842105263,42.646468192774016,8.782715132881542,33.863753059892474,33.863753059892474
Hoek van Holland,linear,1987,28,1987,36.30648586392535,53.94736842105263,42.81103443431069,6.5045485703853405,36.30648586392535,36.30648586392535
Hoek van Holland,linear,1988,87,1988,38.74921866795823,62.94736842105263,42.241397749030796,3.492179081072571,38.74921866795823,38.74921866795823
Hoek van Holland,linear,1989,53,1989,41.19195147199111,49.94736842105263,41.277580272486674,0.08562880049556698,41.19195147199111,41.19195147199111
Hoek van Holland,linear,1990,73,1990,43.63468427602399,30.94736842105263,40.30409741866643,-3.3305868573575594,43.63468427602399,43.63468427602399
Hoek van Holland,linear,1991,-14,1991,46.07741708005687,9.94736842105263,39.7065555840004,-6.370861496056474,46.07741708005687,46.07741708005687
Hoek van Holland,linear,1992,25,1992,48.52014988408975,24.94736842105263,39.82812670638783,-8.692023177701914,48.52014988408975,48.52014988408975
Hoek van Holland,linear,1993,31,1993,50.962882688122626,40.94736842105263,40.93081262682313,-10.03207006129949,50.962882688122626,50.962882688122626
Hoek van Holland,linear,1994,64,1994,53.4056154921555,44.94736842105263,43.16587155075477,-10.239743941400729,53.4056154921555,53.4056154921555
Hoek van Holland,linear,1995,74,1995,55.84834829618838,67.94736842105263,46.55674473147553,-9.291603564712847,55.84834829618838,55.84834829618838
Hoek van Holland,linear,1996,-22,1996,58.291081100221255,37.94736842105263,50.9964105314245,-7.2946705687967555,58.291081100221255,58.291081100221255
Hoek van Holland,linear,1997,24,1997,60.73381390425414,55.94736842105263,56.25946452254751,-4.474349381706633,60.73381390425414,60.73381390425414
Hoek van Holland,linear,1998,90,1998,63.17654670828701,56.94736842105263,62.027562080660786,-1.1489846276262319,63.17654670828701,63.17654670828701
Hoek van Holland,linear,1999,91,1999,65.61927951231989,62.94736842105263,67.92535163312881,2.306072120808909,65.61927951231989,65.61927951231989
Hoek van Holland,linear,2000,83,2000,68.06201231635276,64.94736842105263,73.56284258343757,5.500830267084821,68.06201231635276,68.06201231635276
Hoek van Holland,linear,2001,101,2001,70.50474512038565,88.94736842105263,78.57942562010533,8.07468049971968,70.50474512038565,70.50474512038565
Hoek van Holland,linear,2002,86,2002,72.94747792441852,100.94736842105263,82.68457660397932,9.737098679560807,72.94747792441852,72.94747792441852
Hoek van Holland,linear,2003,64,2003,75.3902107284514,94.94736842105263,85.69064957008216,10.300438841630768,75.3902107284514,75.3902107284514
Hoek van Holland,linear,2004,87,2004,77.83294353248428,75.94736842105263,87.53405732380543,9.701113791321141,77.83294353248428,77.83294353248428
Hoek van Holland,linear,2005,75,2005,80.27567633651715,77.94736842105263,88.28244886512046,8.006772528603305,80.27567633651715,80.27567633651715
Hoek van Holland,linear,2006,72,2006,82.71840914055004,72.94736842105263,88.12707348683406,5.408664346284036,82.71840914055004,82.71840914055004
Hoek van Holland,linear,2007,121,2007,85.16114194458291,96.94736842105263,87.36119345165417,2.2000515070712545,85.16114194458291,85.16114194458291
Hoek van Holland,linear,2008,92,2008,87.6038747486158,77.94736842105263,86.34698192380264,-1.2568928248131432,87.6038747486158,87.6038747486158
Hoek van Holland,linear,2009,71,2009,90.04660755264867,76.94736842105263,85.47464256135765,-4.571964991291006,90.04660755264867,90.04660755264867
Hoek van Holland,linear,2010,80,2010,92.48934035668155,92.94736842105263,85.11836515795343,-7.370975198728132,92.48934035668155,92.48934035668155
Hoek van Holland,linear,2011,86,2011,94.93207316071442,81.94736842105263,85.59408885437,-9.337984306344422,94.93207316071442,94.93207316071442
Hoek van Holland,linear,2012,86,2012,97.37480596474731,87.94736842105263,87.12384041053691,-10.250965554210392,97.37480596474731,97.37480596474731
Hoek van Holland,linear,2013,70,2013,99.81753876878018,92.94736842105263,89.81067286650119,-10.00686590227899,99.81753876878018,99.81753876878018
Hoek van Holland,linear,2014,101,2014,102.26027157281307,102.94736842105263,93.62703339873578,-8.633238174077285,102.26027157281307,102.26027157281307
Hoek van Holland,linear,2015,109,2015,104.70300437684594,99.94736842105263,98.41787335359642,-6.285131023249514,104.70300437684594,104.70300437684594
Hoek van Holland,linear,2016,111,2016,107.14573718087883,129.94736842105263,103.91814941194089,-3.2275877689379433,107.14573718087883,107.14573718087883
Hoek van Holland,linear,2017,133,2017,109.5884699849117,117.94736842105263,109.78274043555452,0.194270450642821,109.5884699849117,109.5884699849117
Hoek van Holland,linear,2018,75,2018,112.03120278894457,110.94736842105263,115.625403122111,3.5942003331664303,112.03120278894457,112.03120278894457
Hoek van Holland,linear,2019,138,2019,114.47393559297745,132.94736842105263,121.0623693370952,6.588433744117754,114.47393559297745,114.47393559297745
Hoek van Holland,linear,2020,136,2020,116.91666839701033,131.94736842105263,125.75566406039559,8.83899566338526,116.91666839701033,116.91666839701033
Hoek van Holland,linear,2021,128,2021,119.35940120104321,142.94736842105263,129.45125442097924,10.091853219936018,119.35940120104321,119.35940120104321
Hoek van Holland,linear,2022,135,2022,121.80213400507608,144.94736842105263,132.00772373558976,10.205589730513662,121.80213400507608,121.80213400507608
Hoek van Holland,linear,2023,195,2023,124.24486680910897,170.94736842105263,133.41223396050307,9.167367151394103,124.24486680910897,124.24486680910897
Hoek van Holland,linear,2024,207,2024,126.68759961314186,186.94736842105263,133.78197478967385,7.094375176532006,126.68759961314186,126.68759961314186
Hoek van Holland,linear,2025,156,2025,129.1303324171747,179.94736842105263,133.3509358318722,4.2206034146975036,129.1303324171747,129.1303324171747
Hoek van Holland,broken_linear,1891,-213,1891,-190.83686296755658,-213,-181.86971501898992,8.967147948566652,-190.83686296755658,-318.96247001003536
Hoek van Holland,broken_linear,1892,-182,1892,-188.5767355301269,-182,-179.84813264291336,8.72860288721357,-188.5767355301269,-315.44620917022843
Hoek van Holland,broken_linear,1893,-190,1893,-186.31660809269724,-190,-178.81179401088218,7.504814081815059,-186.31660809269724,-311.92994833042155
Hoek van Holland,broken_linear,1894,-201,1894,-184.05648065526756,-201,-178.62256358389536,5.433917071372212,-184.05648065526756,-308.4136874906146
Hoek van Holland,broken_linear,1895,-200,1895,-181.7963532178379,-200,-179.0466882229379,2.7496649948999865,-181.7963532178379,-304.8974266508077
Hoek van Holland,broken_linear,1896,-234,1896,-179.53622578040822,-234,-179.7811821466703,-0.24495636626205264,-179.53622578040822,-301.38116581100076
Hoek van Holland,broken_linear,1897,-226,1897,-177.27609834297854,-226,-180.4880265449812,-3.211928202002668,-177.27609834297854,-297.8649049711938
Hoek van Holland,broken_linear,1898,-185,1898,-175.01597090554887,-185,-180.83232355647243,-5.816352650923546,-175.01597090554887,-294.34864413138695
Hoek van Holland,broken_linear,1899,-157,1899,-172.7558434681192,-157,-180.5200979678945,-7.764254499775286,-172.7558434681192,-290.83238329158
Hoek van Holland,broken_linear,1900,-190,1900,-170.49571603068952,-190,-179.33147975704637,-8.83576372635685,-170.49571603068952,-287.3161224517731
Hoek van Holland,broken_linear,1901,-195,1901,-168.23558859325988,-195,-177.14552198937082,-8.909933396110938,-168.23558859325988,-283.7998616119662
Hoek van Holland,broken_linear,1902,-196,1902,-165.9754611558302,-196,-173.95385274050972,-7.978391584679512,-165.9754611558302,-280.2836007721593
Hoek van Holland,broken_linear,1903,-106,1903,-163.71533371840053,-106,-169.86162007984933,-6.146286361448777,-163.71533371840053,-276.7673399323524
Hoek van Holland,broken_linear,1904,-149,1904,-161.45520628097086,-149,-165.07562344974542,-3.6204171687745745,-161.45520628097086,-273.25107909254547
Hoek van Holland,broken_linear,1905,-166,1905,-159.19507884354118,-166,-159.88097111466098,-0.6858922711197906,-159.19507884354118,-269.73481825273853
Hoek van Holland,broken_linear,1906,-145,1906,-156.9349514061115,-145,-154.60889847784648,2.326052928265047,-156.9349514061115,-266.21855741293166
Hoek van Holland,broken_linear,1907,-171,1907,-154.67482396868184,-171,-149.59937978299772,5.075444185684119,-154.67482396868184,-262.7022965731247
Hoek van Holland,broken_linear,1908,-174,1908,-152.41469653125216,-174,-145.1627534166019,7.251943114650251,-152.41469653125216,-259.1860357333178
Hoek van Holland,broken_linear,1909,-118,1909,-150.1545690938225,-118,-141.54469236681012,8.609876727012367,-150.1545690938225,-255.6697748935109
Hoek van Holland,broken_linear,1910,-123,1910,-147.89444165639281,-123,-138.8984738090989,8.99596784729392,-147.89444165639281,-252.153514053704
Hoek van Holland,broken_linear,1911,-145,1911,-145.63431421896314,-145,-137.2676778977958,8.366636321167336,-145.63431421896314,-248.63725321389705
Hoek van Holland,broken_linear,1912,-84,1912,-143.3741867815335,-84,-136.58126864271335,6.792918138820121,-143.3741867815335,-245.12099237409018
Hoek van Holland,broken_linear,1913,-105,1913,-141.11405934410382,-105,-136.66161211845906,4.452447225644759,-141.11405934410382,-241.60473153428325
Hoek van Holland,broken_linear,1914,-87,1914,-138.85393190667415,-87,-137.24452694857175,1.6094049581023853,-138.85393190667415,-238.0884706944763
Hoek van Holland,broken_linear,1915,-116,1915,-136.59380446924447,-116,-138.00910385990122,-1.4152993906567433,-136.59380446924447,-234.5722098546694
Hoek van Holland,broken_linear,1916,-74,1916,-134.3336770318148,-74,-138.61392841582935,-4.2802513840145275,-134.3336770318148,-231.0559490148625
Hoek van Holland,broken_linear,1917,-163,1917,-132.07354959438513,-163,-138.73561827614427,-6.662068681759118,-132.07354959438513,-227.53968817505557
Hoek van Holland,broken_linear,1918,-152,1918,-129.81342215695545,-152,-138.10532507846952,-8.291902921514062,-129.81342215695545,-224.02342733524867
Hoek van Holland,broken_linear,1919,-155,1919,-127.5532947195258,-155,-136.53908078011852,-8.985786060592726,-127.5532947195258,-220.50716649544177
Hoek van Holland,broken_linear,1920,-127,1920,-125.29316728209614,-127,-133.9585631076748,-8.665395825578658,-125.29316728209614,-216.99090565563486
Hoek van Holland,broken_linear,1921,-131,1921,-123.03303984466646,-131,-130.39993620776977,-7.366896363103312,-123.03303984466646,-213.47464481582796
Hoek van Holland,broken_linear,1922,-95,1922,-120.77291240723679,-95,-126.00976860787358,-5.236856200636797,-120.77291240723679,-209.95838397602103
Hoek van Holland,broken_linear,1923,-95,1923,-118.51278496980711,-95,-121.02848924853407,-2.5157042787269557,-118.51278496980711,-206.4421231362141
Hoek van Holland,broken_linear,1924,-132,1924,-116.25265753237744,-132,-115.76324899252975,0.4894085398476917,-116.25265753237744,-202.9258622964072
Hoek van Holland,broken_linear,1925,-67,1925,-113.99253009494778,-67,-110.55325087646446,3.439279218483331,-113.99253009494778,-199.40960145660029
Hoek van Holland,broken_linear,1926,-95,1926,-111.73240265751811,-95,-105.73146246335168,6.000940194166423,-111.73240265751811,-195.89334061679338
Hoek van Holland,broken_linear,1927,-93,1927,-109.47227522008843,-93,-101.58703202620487,7.885243193883564,-109.47227522008843,-192.37707977698648
Hoek van Holland,broken_linear,1928,-85,1928,-107.21214778265876,-85,-98.33265084750593,8.879496935152828,-107.21214778265876,-188.86081893717954
Hoek van Holland,broken_linear,1929,-140,1929,-104.95202034522909,-140,-96.08054562507091,8.871474720158185,-104.95202034522909,-185.3445580973726
Hoek van Holland,broken_linear,1930,-67,1930,-102.69189290779941,-67,-94.82981084890706,7.862082058892353,-102.69189290779941,-181.8282972575657
Hoek van Holland,broken_linear,1931,-73,1931,-100.43176547036975,-73,-94.46651101093279,5.965254459436966,-100.43176547036975,-178.3120364177588
Hoek van Holland,broken_linear,1932,-90,1932,-98.17163803294008,-90,-94.77654111060622,3.395096922333851,-98.17163803294008,-174.79577557795187
Hoek van Holland,broken_linear,1933,-146,1933,-95.9115105955104,-146,-95.46979382292223,0.4417167725881851,-95.9115105955104,-171.27951473814497
Hoek van Holland,broken_linear,1934,-138,1934,-93.65138315808073,-138,-96.21290545223283,-2.5615222941521005,-93.65138315808073,-167.76325389833806
Hoek van Holland,broken_linear,1935,-78,1935,-91.39125572065106,-78,-96.66688446225069,-5.275628741599629,-91.39125572065106,-164.24699305853113
Hoek van Holland,broken_linear,1936,-49,1936,-89.1311282832214,-49,-96.52537525030105,-7.394246967079648,-89.1311282832214,-160.73073221872426
Hoek van Holland,broken_linear,1937,-55,1937,-86.87100084579173,-55,-95.54923813049756,-8.678237284705828,-86.87100084579173,-157.21447137891732
Hoek van Holland,broken_linear,1938,-81,1938,-84.61087340836205,-81,-93.59354229957165,-8.982668891209599,-84.61087340836205,-153.6982105391104
Hoek van Holland,broken_linear,1939,-73,1939,-82.35074597093238,-73,-90.62392494600893,-8.273178975076545,-82.35074597093238,-150.1819496993035
Hoek van Holland,broken_linear,1940,-69,1940,-80.0906185335027,-69,-86.72046996300121,-6.629851429498491,-80.0906185335027,-146.66568885949658
Hoek van Holland,broken_linear,1941,-105,1941,-77.83049109607305,-105,-82.06866845429316,-4.238177358220123,-77.83049109607305,-143.14942801968968
Hoek van Holland,broken_linear,1942,-105,1942,-75.57036365864337,-105,-76.93848136861514,-1.3681177099717763,-75.57036365864337,-139.63316717988278
Hoek van Holland,broken_linear,1943,-59,1943,-73.3102362212137,-59,-71.65386757430065,1.656368646913057,-73.3102362212137,-136.11690634007584
Hoek van Holland,broken_linear,1944,-44,1944,-71.05010878378403,-44,-66.55621690206776,4.493891881716271,-71.05010878378403,-132.6006455002689
Hoek van Holland,broken_linear,1945,-57,1945,-68.78998134635435,-57,-61.96581566254343,6.824165683810926,-68.78998134635435,-129.084384660462
Hoek van Holland,broken_linear,1946,-52,1946,-66.52985390892468,-52,-58.145694230129294,8.38415967879539,-66.52985390892468,-125.56812382065509
Hoek van Holland,broken_linear,1947,-101,1947,-64.269726471495,-101,-55.27193740833475,8.997789063160248,-64.269726471495,-122.05186298084817
Hoek van Holland,broken_linear,1948,-42,1948,-62.00959903406534,-42,-53.413808803251214,8.595790230814123,-62.00959903406534,-118.53560214104127
Hoek van Holland,broken_linear,1949,-54,1949,-59.749471596635665,-54,-52.52593267264356,7.2235389239921055,-59.749471596635665,-115.01934130123435
Hoek van Holland,broken_linear,1950,-45,1950,-57.48934415920599,-63.05263157894737,-52.45341572685544,5.035928432350552,-57.48934415920599,-111.50308046142743
Hoek van Holland,broken_linear,1951,-56,1951,-55.229216721776325,-59.05263157894737,-52.94933075667044,2.27988596510588,-55.229216721776325,-107.98681962162053
Hoek van Holland,broken_linear,1952,-45,1952,-52.96908928434665,-58.05263157894737,-53.70258861824012,-0.7334993338934648,-52.96908928434665,-104.47055878181361
Hoek van Holland,broken_linear,1953,-74,1953,-50.708961846916985,-45.05263157894737,-54.37305251618031,-3.664090669263335,-50.708961846916985,-100.95429794200669
Hoek van Holland,broken_linear,1954,-25,1954,-48.44883440948731,-43.05263157894737,-54.629931049297106,-6.181096639809796,-48.44883440948731,-97.43803710219979
Hoek van Holland,broken_linear,1955,-21,1955,-46.18870697205764,-31.05263157894737,-54.18911639205993,-8.000409420002299,-46.18870697205764,-93.92177626239285
Hoek van Holland,broken_linear,1956,-83,1956,-43.92857953462797,-70.05263157894737,-52.845253053067964,-8.916673518439994,-43.92857953462797,-90.40551542258595
Hoek van Holland,broken_linear,1957,-38,1957,-41.6684520971983,-38.05263157894737,-50.494917439502956,-8.826465342304662,-41.6684520971983,-86.88925458277905
Hoek van Holland,broken_linear,1958,-38,1958,-39.40832465976863,-47.05263157894737,-47.148291827079326,-7.739967167310698,-39.40832465976863,-83.37299374297213
Hoek van Holland,broken_linear,1959,-131,1959,-37.14819722233896,-92.05263157894737,-42.928015032531135,-5.779817810192179,-37.14819722233896,-79.85673290316521
Hoek van Holland,broken_linear,1960,-80,1960,-34.888069784909284,-82.05263157894737,-38.05533951933394,-3.1672697344246563,-34.888069784909284,-76.3404720633583
Hoek van Holland,broken_linear,1961,4,1961,-32.62794234747962,-16.05263157894737,-32.82515745762398,-0.19721511014435844,-32.62794234747962,-72.82421122355139
Hoek van Holland,broken_linear,1962,-55,1962,-30.367814910049944,-60.05263157894737,-27.57271467950708,2.7951002305428645,-30.367814910049944,-69.30795038374447
Hoek van Holland,broken_linear,1963,-120,1963,-28.107687472620277,-96.05263157894737,-22.635769702321923,5.471917770298354,-28.107687472620277,-65.79168954393757
Hoek van Holland,broken_linear,1964,-107,1964,-25.847560035190604,-78.05263157894737,-18.31646913178229,7.5310909034083116,-25.847560035190604,-62.27542870413065
Hoek van Holland,broken_linear,1965,-3,1965,-23.58743259776093,-30.05263157894737,-14.847242770631873,8.740189827129058,-23.58743259776093,-58.75916786432373
Hoek van Holland,broken_linear,1966,27,1966,-21.327305160331264,3.94736842105263,-12.36456803294492,8.962737127386342,-21.327305160331264,-55.24290702451682
Hoek van Holland,broken_linear,1967,31,1967,-19.06717772290159,-6.05263157894737,-10.893565013903427,8.173612708998165,-19.06717772290159,-51.72664618470991
Hoek van Holland,broken_linear,1968,-21,1968,-16.80705028547192,-17.05263157894737,-10.345161051302844,6.461889234169076,-16.80705028547192,-48.21038534490299
Hoek van Holland,broken_linear,1969,-37,1969,-14.54692284804225,-26.05263157894737,-10.526144829781177,4.020778018261073,-14.54692284804225,-44.69412450509608
Hoek van Holland,broken_linear,1970,-18,1970,-12.286795410612578,-36.05263157894737,-11.160975167654504,1.1258202429580746,-12.286795410612578,-41.17786366528916
Hoek van Holland,broken_linear,1971,-53,1971,-10.026667973182906,-34.05263157894737,-11.92288281281592,-1.8962148396330138,-10.026667973182906,-37.66160282548225
Hoek van Holland,broken_linear,1972,-80,1972,-7.766540535753236,-42.05263157894737,-12.470754622889537,-4.704214087136302,-7.766540535753236,-34.14534198567534
Hoek van Holland,broken_linear,1973,4,1973,-5.5064130983235655,-11.05263157894737,-12.48763681642431,-6.981223718100743,-5.5064130983235655,-30.629081145868422
Hoek van Holland,broken_linear,1974,8,1974,-3.2462856608938946,-28.05263157894737,-11.716511228769246,-8.470225567875351,-3.2462856608938946,-27.112820306061508
Hoek van Holland,broken_linear,1975,-18,1975,-0.9861582234642245,-0.05263157894736992,-9.989306316709623,-9.0031480932454,-0.9861582234642245,-23.596559466254597
Hoek van Holland,broken_linear,1976,-44,1976,1.2739692139654473,-16.05263157894737,-7.245868285764672,-8.519837499730116,1.2739692139654473,-20.080298626447682
Hoek van Holland,broken_linear,1977,-3,1977,3.534096651395119,-24.05263157894737,-3.5407509682996263,-7.074847619694744,3.534096651395119,-16.564037786640768
Hoek van Holland,broken_linear,1978,-13,1978,5.794224088824789,-16.05263157894737,0.9629419571346958,-4.8312821316900925,5.794224088824789,-13.047776946833851
Hoek van Holland,broken_linear,1979,14,1979,8.05435152625446,14.94736842105263,6.011967343842854,-2.0423841824116047,8.05435152625446,-9.53151610702694
Hoek van Holland,broken_linear,1980,24,1980,10.31447896368413,30.94736842105263,11.291527475304507,0.9770485116203786,10.31447896368413,-6.015255267220029
Hoek van Holland,broken_linear,1981,72,1981,12.574606401113803,49.94736842105263,16.46080295455532,3.8861965534415157,12.574606401113803,-2.498994427413111
Hoek van Holland,broken_linear,1982,53,1982,14.834733838543473,59.94736842105263,21.191422798776845,6.356688960233373,14.834733838543473,1.017266412393802
Hoek van Holland,broken_linear,1983,72,1983,17.094861275973145,45.94736842105263,25.20452941529878,8.109668139325635,17.094861275973145,4.533527252200717
Hoek van Holland,broken_linear,1984,25,1984,19.35498871340282,35.94736842105263,28.30225473841125,8.947266025008433,19.35498871340282,8.049788092007633
Hoek van Holland,broken_linear,1985,20,1985,21.615116150832485,29.94736842105263,30.390054648332665,8.77493849750018,21.615116150832485,11.566048931814542
Hoek van Holland,broken_linear,1986,28,1986,23.87524358826216,32.94736842105263,31.487380667901018,7.61213707963886,23.87524358826216,15.082309771621459
Hoek van Holland,broken_linear,1987,28,1987,26.135371025691832,53.94736842105263,31.725484365931887,5.590113340240053,26.135371025691832,18.598570611428375
Hoek van Holland,broken_linear,1988,87,1988,28.3954984631215,62.94736842105263,31.33260229589161,2.9371038327701138,28.3954984631215,22.114831451235283
Hoek van Holland,broken_linear,1989,53,1989,30.655625900551172,49.94736842105263,30.60819372450395,-0.04743217604721739,30.655625900551172,25.6310922910422
Hoek van Holland,broken_linear,1990,73,1990,32.91575333798084,30.94736842105263,29.88913907462249,-3.0266142633583435,32.91575333798084,29.147353130849112
Hoek van Holland,broken_linear,1991,-14,1991,35.17588077541051,9.94736842105263,29.511714443558912,-5.6641663318516,35.17588077541051,32.66361397065603
Hoek van Holland,broken_linear,1992,25,1992,37.436008212840186,24.94736842105263,29.77363433484318,-7.662373877997008,37.436008212840186,36.17987481046294
Hoek van Holland,broken_linear,1993,31,1993,39.69613565026985,40.94736842105263,30.900447041779806,-8.795688608490046,39.69613565026985,39.69613565026985
Hoek van Holland,broken_linear,1994,64,1994,43.21239649007677,44.94736842105263,34.27620921662705,-8.93618727344972,41.956263087699526,43.21239649007677
Hoek van Holland,broken_linear,1995,74,1995,46.72865732988369,67.94736842105263,38.66064628716487,-8.06801104271881,44.2163905251292,46.72865732988369
Hoek van Holland,broken_linear,1996,-22,1996,50.24491816969059,37.94736842105263,43.955762593479655,-6.2891555762109395,46.476517962558866,50.24491816969059
Hoek van Holland,broken_linear,1997,24,1997,53.76117900949751,55.94736842105263,49.960769275935526,-3.800409733561989,48.73664539998854,53.76117900949751
Hoek van Holland,broken_linear,1998,90,1998,57.27743984930443,56.94736842105263,56.39474837965784,-0.8826914696465921,50.99677283741821,57.27743984930443
Hoek van Holland,broken_linear,1999,91,1999,60.79370068911135,62.94736842105263,62.928361555365,2.1346608662536433,53.25690027484789,60.79370068911135
Hoek van Holland,broken_linear,2000,83,2000,64.30996152891825,64.94736842105263,69.22102422715861,4.9110626982403565,55.517027712277546,64.30996152891825
Hoek van Holland,broken_linear,2001,101,2001,67.82622236872515,88.94736842105263,74.95934918161328,7.133126812888118,57.77715514970722,67.82622236872515
Hoek van Holland,broken_linear,2002,86,2002,71.34248320853207,100.94736842105263,79.89252024618534,8.550037037653262,60.03728258713689,71.34248320853207
Hoek van Holland,broken_linear,2003,64,2003,74.85874404833899,94.94736842105263,83.86060324207637,9.001859193737369,62.29741002456657,74.85874404833899
Hoek van Holland,broken_linear,2004,87,2004,78.37500488814591,75.94736842105263,86.81259860401171,8.437593715865795,64.55753746199623,78.37500488814591
Hoek van Holland,broken_linear,2005,75,2005,81.8912657279528,77.94736842105263,88.81219797190639,6.92093224395358,66.81766489942589,81.8912657279528
Hoek van Holland,broken_linear,2006,72,2006,85.40752656775973,72.94736842105263,90.03059497735816,4.623068409598421,69.07779233685557,85.40752656775973
Hoek van Holland,broken_linear,2007,121,2007,88.92378740756664,96.94736842105263,90.72716170966008,1.8033743020934376,71.33791977428524,88.92378740756664
Hoek van Holland,broken_linear,2008,92,2008,92.44004824737355,77.94736842105263,91.22017201119432,-1.2198762361792332,73.59804721171491,92.44004824737355
Hoek van Holland,broken_linear,2009,71,2009,95.95630908718047,76.94736842105263,91.85087621927183,-4.105432867908639,75.85817464914459,95.95630908718047
Hoek van Holland,broken_linear,2010,80,2010,99.47256992698738,92.94736842105263,92.94498242901795,-6.527587497969412,78.11830208657425,99.47256992698738
Hoek van Holland,broken_linear,2011,86,2011,102.9888307667943,81.94736842105263,94.77589209164024,-8.212938675154044,80.37842952400392,102.9888307667943
Hoek van Holland,broken_linear,2012,86,2012,106.50509160660121,87.94736842105263,97.53383974126704,-8.971251865334166,82.6385569614336,106.50509160660121
Hoek van Holland,broken_linear,2013,70,2013,110.02135244640812,92.94736842105263,101.30442021321232,-8.716932233195795,84.89868439886327,110.02135244640812
Hoek van Holland,broken_linear,2014,101,2014,113.53761328621505,102.94736842105263,106.05892710052989,-7.4786861856851665,87.15881183629294,113.53761328621505
Hoek van Holland,broken_linear,2015,109,2015,117.05387412602195,99.94736842105263,111.65759299855453,-5.396281127467419,89.41893927372261,117.05387412602195
Hoek van Holland,broken_linear,2016,111,2016,120.57013496582886,129.94736842105263,117.86536579382798,-2.7047691720008773,91.67906671115227,120.57013496582886
Hoek van Holland,broken_linear,2017,133,2017,124.08639580563577,117.94736842105263,124.37844024392925,0.2920444382934535,93.93919414858195,124.08639580563577
Hoek van Holland,broken_linear,2018,75,2018,127.60265664544269,110.94736842105263,130.85855008794977,3.2558934425070665,96.19932158601162,127.60265664544269
Hoek van Holland,broken_linear,2019,138,2019,131.1189174852496,132.94736842105263,136.97114995506348,5.852232469813864,98.4594490234413,131.1189174852496
Hoek van Holland,broken_linear,2020,136,2020,134.63517832505653,131.94736842105263,142.42317727648035,7.787998951423805,100.71957646087097,134.63517832505653
Hoek van Holland,broken_linear,2021,128,2021,138.15143916486343,142.94736842105263,146.996131813321,8.84469264845755,102.97970389830063,138.15143916486343
Hoek van Holland,broken_linear,2022,135,2022,141.66770000467034,144.94736842105263,150.57073893849707,8.903038933826743,105.2398313357303,141.66770000467034
Hoek van Holland,broken_linear,2023,195,2023,145.18396084447727,170.94736842105263,153.14041279704526,7.956451952567985,107.49995877315997,145.18396084447727
Hoek van Holland,broken_linear,2024,207,2024,148.70022168428417,186.94736842105263,154.81199968653803,6.111778002253852,109.76008621058965,148.70022168428417
Hoek van Holland,broken_linear,2025,156,2025,152.21648252409108,179.94736842105263,155.7937177482787,3.577235224187656,112.02021364801932,152.21648252409108
Hoek van Holland,broken_squared,1891,-213,1891,-187.43843488377286,-213,-178.38916008347837,9.049274800294487,-187.43843488377286,-128.6902562316694
Hoek van Holland,broken_squared,1892,-182,1892,-185.28346082228506,-182,-176.54329276753776,8.7401680547473,-185.28346082228506,-128.22578846619888
Hoek van Holland,broken_squared,1893,-190,1893,-183.12848676079722,-190,-175.68397461749626,7.444512143300966,-183.12848676079722,-127.73664177669883
Hoek van Holland,broken_squared,1894,-201,1894,-180.97351269930937,-201,-175.66495807258354,5.308554626725825,-180.97351269930937,-127.22281616316934
Hoek van Holland,broken_squared,1895,-200,1895,-178.81853863782152,-200,-176.24514626908103,2.5733923687404983,-178.81853863782152,-126.6843116256104
Hoek van Holland,broken_squared,1896,-234,1896,-176.66356457633367,-234,-177.11580692320285,-0.45224234686916687,-176.66356457633367,-126.12112816402202
Hoek van Holland,broken_squared,1897,-226,1897,-174.50859051484582,-226,-177.9354205828855,-3.426830068039697,-174.50859051484582,-125.5332657784042
Hoek van Holland,broken_squared,1898,-185,1898,-172.35361645335797,-185,-178.36822974131303,-6.014613287955049,-172.35361645335797,-124.9207244687569
Hoek van Holland,broken_squared,1899,-157,1899,-170.19864239187012,-157,-178.12213756909446,-7.923495177224357,-170.19864239187012,-124.28350423508017
Hoek van Holland,broken_squared,1900,-190,1900,-168.04366833038227,-190,-176.98167843400606,-8.938010103623792,-168.04366833038227,-123.621605077374
Hoek van Holland,broken_squared,1901,-195,1901,-165.88869426889443,-195,-174.83233865070875,-8.943644381814321,-165.88869426889443,-122.93502699563837
Hoek van Holland,broken_squared,1902,-196,1902,-163.73372020740658,-196,-171.67348224831335,-7.939762040906773,-163.73372020740658,-122.22376998987329
Hoek van Holland,broken_squared,1903,-106,1903,-161.57874614591873,-106,-167.61842275579087,-6.039676609872144,-161.57874614591873,-121.48783406007875
Hoek van Holland,broken_squared,1904,-149,1904,-159.42377208443094,-149,-162.88163290242792,-3.4578608179969774,-159.42377208443094,-120.72721920625483
Hoek van Holland,broken_squared,1905,-166,1905,-157.2687980229431,-166,-157.754535942334,-0.4857379193909088,-157.2687980229431,-119.94192542840142
Hoek van Holland,broken_squared,1906,-145,1906,-155.11382396145524,-145,-152.5726111647177,2.5412127967375477,-155.11382396145524,-119.13195272651853
Hoek van Holland,broken_squared,1907,-171,1907,-152.9588498999674,-171,-147.6775265656071,5.281323334360288,-152.9588498999674,-118.2973011006062
Hoek van Holland,broken_squared,1908,-174,1908,-150.80387583847954,-174,-143.3785729673789,7.4253028711006515,-150.80387583847954,-117.43797055066443
Hoek van Holland,broken_squared,1909,-118,1909,-148.6489017769917,-118,-139.917752721753,8.731149055238683,-148.6489017769917,-116.55396107669321
Hoek van Holland,broken_squared,1910,-123,1910,-146.49392771550384,-123,-137.442463619674,9.051464095829854,-146.49392771550384,-115.64527267869254
Hoek van Holland,broken_squared,1911,-145,1911,-144.338953654016,-145,-135.98886132017958,8.3500923338364,-144.338953654016,-114.71190535666241
Hoek van Holland,broken_squared,1912,-84,1912,-142.18397959252815,-84,-135.47777826923132,6.706201323296832,-142.18397959252815,-113.75385911060285
Hoek van Holland,broken_squared,1913,-105,1913,-140.0290055310403,-105,-135.7236597618031,4.305345769237191,-140.0290055310403,-112.77113394051383
Hoek van Holland,broken_squared,1914,-87,1914,-137.87403146955248,-87,-136.45550848646278,1.4185229830897015,-137.87403146955248,-111.76372984639539
Hoek van Holland,broken_squared,1915,-116,1915,-135.71905740806463,-116,-137.34747343051427,-1.628416022449649,-135.71905740806463,-110.73164682824746
Hoek van Holland,broken_squared,1916,-74,1916,-133.56408334657678,-74,-138.0556304135951,-4.49154706701834,-133.56408334657678,-109.6748848860701
Hoek van Holland,broken_squared,1917,-163,1917,-131.40910928508896,-163,-138.2568026356499,-6.847693350560934,-131.40910928508896,-108.59344401986331
Hoek van Holland,broken_squared,1918,-152,1918,-129.2541352236011,-152,-137.68503935795076,-8.430904134349644,-129.2541352236011,-107.48732422962705
Hoek van Holland,broken_squared,1919,-155,1919,-127.09916116211325,-155,-136.16163517478861,-9.062474012675375,-127.09916116211325,-106.35652551536133
Hoek van Holland,broken_squared,1920,-127,1920,-124.94418710062541,-127,-133.6153014412809,-8.671114340655498,-124.94418710062541,-105.20104787706617
Hoek van Holland,broken_squared,1921,-131,1921,-122.78921303913756,-131,-130.0902130011582,-7.300999962020637,-122.78921303913756,-104.02089131474156
Hoek van Holland,broken_squared,1922,-95,1922,-120.63423897764973,-95,-125.74102193764844,-5.1067829599987,-120.63423897764973,-102.81605582838752
Hoek van Holland,broken_squared,1923,-95,1923,-118.47926491616188,-95,-120.81540117186556,-2.3361362557036793,-118.47926491616188,-101.586541418004
Hoek van Holland,broken_squared,1924,-132,1924,-116.32429085467403,-132,-115.62608830542113,0.6982025492529009,-116.32429085467403,-100.33234808359106
Hoek van Holland,broken_squared,1925,-67,1925,-114.1693167931862,-67,-110.51558526714932,3.653731526036885,-114.1693167931862,-99.05347582514865
Hoek van Holland,broken_squared,1926,-95,1926,-112.01434273169835,-95,-105.81749830221294,6.1968444294854095,-112.01434273169835,-97.7499246426768
Hoek van Holland,broken_squared,1927,-93,1927,-109.8593686702105,-93,-101.81888206424907,8.040486605961432,-109.8593686702105,-96.4216945361755
Hoek van Holland,broken_squared,1928,-85,1928,-107.70439460872267,-85,-98.72783823277068,8.976556375951983,-107.70439460872267,-95.06878550564475
Hoek van Holland,broken_squared,1929,-140,1929,-105.54942054723482,-140,-96.65002597188344,8.899394575351392,-105.54942054723482,-93.69119755108456
Hoek van Holland,broken_squared,1930,-67,1930,-103.39444648574697,-67,-95.57673561953678,7.8177108662101995,-103.39444648574697,-92.2889306724949
Hoek van Holland,broken_squared,1931,-73,1931,-101.23947242425913,-73,-95.38587179331526,5.853600630943877,-101.23947242425913,-90.86198486987581
Hoek van Holland,broken_squared,1932,-90,1932,-99.08449836277128,-90,-95.85573494440027,3.2287634183710168,-99.08449836277128,-89.41036014322725
Hoek van Holland,broken_squared,1933,-146,1933,-96.92952430128344,-146,-96.69004576254696,0.23947853873648428,-96.92952430128344,-87.93405649254926
Hoek van Holland,broken_squared,1934,-138,1934,-94.7745502397956,-138,-97.55138779464302,-2.776837554847423,-94.7745502397956,-86.43307391784182
Hoek van Holland,broken_squared,1935,-78,1935,-92.61957617830775,-78,-98.09929343096127,-5.479717252653525,-92.61957617830775,-84.90741241910493
Hoek van Holland,broken_squared,1936,-49,1936,-90.4646021168199,-49,-98.02867429165669,-7.5640721748367845,-90.4646021168199,-83.35707199633858
Hoek van Holland,broken_squared,1937,-55,1937,-88.30962805533207,-55,-97.10425817177426,-8.794630116442201,-88.30962805533207,-81.78205264954279
Hoek van Holland,broken_squared,1938,-81,1938,-86.15465399384422,-81,-95.18714546397497,-9.032491470130749,-86.15465399384422,-80.18235437871755
Hoek van Holland,broken_squared,1939,-73,1939,-83.99967993235637,-73,-92.25048749457069,-8.250807562214327,-83.99967993235637,-78.55797718386286
Hoek van Holland,broken_squared,1940,-69,1940,-81.84470587086854,-69,-88.38251707585081,-6.537811204982276,-81.84470587086854,-76.90892106497873
Hoek van Holland,broken_squared,1941,-105,1941,-79.68973180938069,-105,-83.77658920017124,-4.086857390790565,-79.68973180938069,-75.23518602206514
Hoek van Holland,broken_squared,1942,-105,1942,-77.53475774789285,-105,-78.70935603553409,-1.174598287641237,-77.53475774789285,-73.53677205512211
Hoek van Holland,broken_squared,1943,-59,1943,-75.379783686405,-59,-73.50953972676508,1.8702439596399134,-75.379783686405,-71.81367916414962
Hoek van Holland,broken_squared,1944,-44,1944,-73.22480962491716,-44,-68.52082778199153,4.703981842925625,-73.22480962491716,-70.06590734914768
Hoek van Holland,broken_squared,1945,-57,1945,-71.06983556342931,-57,-64.06307923911987,7.006756324309439,-71.06983556342931,-68.2934566101163
Hoek van Holland,broken_squared,1946,-52,1946,-68.91486150194147,-52,-60.39622047824179,8.51864102369969,-68.91486150194147,-66.49632694705546
Hoek van Holland,broken_squared,1947,-101,1947,-66.75988744045362,-101,-57.690905951282666,9.068981489170953,-66.75988744045362,-64.67451835996518
Hoek van Holland,broken_squared,1948,-42,1948,-64.60491337896579,-42,-56.00925550808646,8.595657870879336,-64.60491337896579,-62.82803084884546
Hoek van Holland,broken_squared,1949,-54,1949,-62.44993931747794,-54,-55.29784259919763,7.152096718280306,-62.44993931747794,-60.95686441369627
Hoek van Holland,broken_squared,1950,-45,1950,-60.29496525599009,-63.05263157894737,-55.39372481411563,4.9012404418744655,-60.29496525599009,-59.061019054517644
Hoek van Holland,broken_squared,1951,-56,1951,-58.13999119450225,-59.05263157894737,-56.04283605615469,2.097155138347561,-58.13999119450225,-57.14049477130956
Hoek van Holland,broken_squared,1952,-45,1952,-55.98501713301441,-58.05263157894737,-56.92866433149772,-0.9436471984833144,-55.98501713301441,-55.195291564072036
Hoek van Holland,broken_squared,1953,-74,1953,-53.83004307152656,-45.05263157894737,-57.707978138155994,-3.8779350666294383,-53.83004307152656,-53.22540943280506
Hoek van Holland,broken_squared,1954,-25,1954,-51.67506901003872,-43.05263157894737,-58.049568827657936,-6.374499817619217,-51.67506901003872,-51.230848377508636
Hoek van Holland,broken_squared,1955,-21,1955,-49.52009494855088,-31.05263157894737,-57.67163588343744,-8.151540934886558,-49.52009494855088,-49.21160839818276
Hoek van Holland,broken_squared,1956,-83,1956,-47.36512088706303,-70.05263157894737,-56.373595241088964,-9.008474354025932,-47.36512088706303,-47.167689494827435
Hoek van Holland,broken_squared,1957,-38,1957,-45.21014682557519,-38.05263157894737,-54.058720276526174,-8.848573450950989,-45.21014682557519,-45.099091667442664
Hoek van Holland,broken_squared,1958,-38,1958,-43.055172764087345,-47.05263157894737,-50.74505985352,-7.689887089432649,-43.055172764087345,-43.00581491602845
Hoek van Holland,broken_squared,1959,-131,1959,-40.900198702599496,-92.05263157894737,-46.563401052631605,-5.663202350032111,-40.900198702599496,-40.887859240584774
Hoek van Holland,broken_squared,1960,-80,1960,-38.745224641111655,-82.05263157894737,-41.7425065391407,-2.9972818980290468,-38.745224641111655,-38.745224641111655
Hoek van Holland,broken_squared,1961,4,1961,-36.57791111760909,-16.05263157894737,-36.570953444604044,0.006957673005046572,-36.59025057962381,-36.57791111760909
Hoek van Holland,broken_squared,1962,-55,1962,-34.38591867007707,-60.05263157894737,-31.37550677552512,3.0104118945519485,-34.435276518135964,-34.38591867007707
Hoek van Holland,broken_squared,1963,-120,1963,-32.1692472985156,-96.05263157894737,-26.495182353856464,5.674064944659138,-32.28030245664812,-32.1692472985156
Hoek van Holland,broken_squared,1964,-107,1964,-29.927897002924688,-78.05263157894737,-22.230640839481005,7.697256163443684,-30.12532839516028,-29.927897002924688
Hoek van Holland,broken_squared,1965,-3,1965,-27.661867783304324,-30.05263157894737,-18.81025056546096,8.851617217843362,-27.970354333672436,-27.661867783304324
Hoek van Holland,broken_squared,1966,27,1966,-25.371159639654508,3.94736842105263,-16.364310391981974,9.006849247672537,-25.81538027218459,-25.371159639654508
Hoek van Holland,broken_squared,1967,31,1967,-23.055772571975247,-6.05263157894737,-14.910342182306799,8.145430389668448,-23.66040621069675,-23.055772571975247
Hoek van Holland,broken_squared,1968,-21,1968,-20.715706580266534,-17.05263157894737,-14.35111301705328,6.364593563213254,-21.505432149208904,-20.715706580266534
Hoek van Holland,broken_squared,1969,-37,1969,-18.350961664528377,-26.05263157894737,-14.485610389970173,3.8653512745582037,-19.350458087721062,-18.350961664528377
Hoek van Holland,broken_squared,1970,-18,1970,-15.961537824760764,-36.05263157894737,-15.031731556601278,0.9298062681594861,-17.195484026233217,-15.961537824760764
Hoek van Holland,broken_squared,1971,-53,1971,-13.547435060963707,-34.05263157894737,-15.658125968606853,-2.1106909076431486,-15.040509964745373,-13.547435060963707
Hoek van Holland,broken_squared,1972,-80,1972,-11.108653373137198,-42.05263157894737,-16.021596569143398,-4.912943196006204,-12.88553590325753,-11.108653373137198
Hoek van Holland,broken_squared,1973,4,1973,-8.64519276128124,-11.05263157894737,-15.805838266546012,-7.160645505264771,-10.730561841769685,-8.64519276128124
Hoek van Holland,broken_squared,1974,8,1974,-6.157053225395835,-28.05263157894737,-14.757140969143826,-8.600087743747991,-8.575587780281841,-6.157053225395835
Hoek van Holland,broken_squared,1975,-18,1975,-3.6442347654809804,-0.05263157894736992,-12.713027190137915,-9.068792424656934,-6.420613718793998,-3.6442347654809804
Hoek van Holland,broken_squared,1976,-44,1976,-1.106737381536675,-16.05263157894737,-9.620591744055027,-8.513854362518353,-4.265639657306153,-1.106737381536675
Hoek van Holland,broken_squared,1977,-3,1977,1.4554389264370777,-24.05263157894737,-5.5424734358814405,-6.9979123623185195,-2.1106655958183094,1.4554389264370777
Hoek van Holland,broken_squared,1978,-13,1978,4.04229415844028,-16.05263157894737,-0.6497846866233203,-4.6920788450636,0.04430846566953406,4.04229415844028
Hoek van Holland,broken_squared,1979,14,1979,6.653828314472932,14.94736842105263,4.797202834009894,-1.8566254804630384,2.1992825271573793,6.653828314472932
Hoek van Holland,broken_squared,1980,24,1980,9.29004139453503,30.94736842105263,10.478436452629019,1.1883950580939875,4.354256588645221,9.29004139453503
Hoek van Holland,broken_squared,1981,72,1981,11.950933398626582,49.94736842105263,16.050208536423995,4.099275137797416,6.509230650133066,11.950933398626582
Hoek van Holland,broken_squared,1982,53,1982,14.63650432674758,59.94736842105263,21.183952598266018,6.54744827151844,8.664204711620911,14.63650432674758
Hoek van Holland,broken_squared,1983,72,1983,17.346754178898024,45.94736842105263,25.603330340319097,8.256576161421075,10.819178773108753,17.346754178898024
Hoek van Holland,broken_squared,1984,25,1984,20.081682955077923,35.94736842105263,29.115423424670674,9.03374046959275,12.974152834596598,20.081682955077923
Hoek van Holland,broken_squared,1985,20,1985,22.84129065528727,29.94736842105263,31.63250919024709,8.791218534959818,15.129126896084443,22.84129065528727
Hoek van Holland,broken_squared,1986,28,1986,25.625577279526063,32.94736842105263,33.181962375248524,7.556385095722465,17.284100957572285,25.625577279526063
Hoek van Holland,broken_squared,1987,28,1987,28.434542827794303,53.94736842105263,33.90316518512839,5.468622357334086,19.439075019060127,28.434542827794303
Hoek van Holland,broken_squared,1988,87,1988,31.268187300092002,62.94736842105263,34.0317744831473,2.7635871830553036,21.594049080547975,31.268187300092002
Hoek van Holland,broken_squared,1989,53,1989,34.12651069641914,49.94736842105263,33.87312194922222,-0.2533887471969267,23.749023142035817,34.12651069641914
Hoek van Holland,broken_squared,1990,73,1990,37.00951301677573,30.94736842105263,33.767749672347804,-3.241763344427925,25.90399720352366,37.00951301677573
Hoek van Holland,broken_squared,1991,-14,1991,39.917194261161775,9.94736842105263,34.05297135722924,-5.864222903932537,28.058971265011508,39.917194261161775
Hoek van Holland,broken_squared,1992,25,1992,42.84955442957726,24.94736842105263,35.024797935787696,-7.8247564937895655,30.21394532649935,42.84955442957726
Hoek van Holland,broken_squared,1993,31,1993,45.8065935220222,40.94736842105263,36.90452524188761,-8.902068280134584,32.36891938798719,45.8065935220222
Hoek van Holland,broken_squared,1994,64,1994,48.788311538496586,44.94736842105263,39.813755175809945,-8.974556362686638,34.52389344947504,48.788311538496586
Hoek van Holland,broken_squared,1995,74,1995,51.79470847900042,67.94736842105263,43.76066985223845,-8.034038626761967,36.67886751096288,51.79470847900042
Hoek van Holland,broken_squared,1996,-22,1996,54.825784343533705,37.94736842105263,48.63910804154028,-6.1866763019934226,38.83384157245072,54.825784343533705
Hoek van Holland,broken_squared,1997,24,1997,57.881539132096435,55.94736842105263,54.240548151316055,-3.6409909807803853,40.988815633938565,57.881539132096435
Hoek van Holland,broken_squared,1998,90,1998,60.961972844688624,56.94736842105263,60.277645165479925,-0.6843276792086997,43.14378969542641,60.961972844688624
Hoek van Holland,broken_squared,1999,91,1999,64.06708548131026,62.94736842105263,66.4166648016086,2.349579320298345,45.298763756914255,64.06708548131026
Hoek van Holland,broken_squared,2000,83,2000,67.19687704196134,64.94736842105263,72.31515387104128,5.118276829079942,47.453737818402104,67.19687704196134
Hoek van Holland,broken_squared,2001,101,2001,70.35134752664186,88.94736842105263,77.66059478821141,7.3092472615695545,49.60871187988994,70.35134752664186
Hoek van Holland,broken_squared,2002,86,2002,73.53049693535185,100.94736842105263,82.20568108954271,8.67518415419086,51.76368594137779,73.53049693535185
Hoek van Holland,broken_squared,2003,64,2003,76.73432526809128,94.94736842105263,85.79623222682994,9.061906958738659,53.918660002865636,76.73432526809128
Hoek van Holland,broken_squared,2004,87,2004,79.96283252486015,75.94736842105263,88.38859674418907,8.425764219328922,56.07363406435347,79.96283252486015
Hoek van Holland,broken_squared,2005,75,2005,83.21601870565848,77.94736842105263,90.05457944960854,6.8385607439500555,58.22860812584132,83.21601870565848
Hoek van Holland,broken_squared,2006,72,2006,86.49388381048625,72.94736842105263,90.97333642509257,4.479452614606312,60.38358218732917,86.49388381048625
Hoek van Holland,broken_squared,2007,121,2007,89.79642783934347,96.94736842105263,91.41115272862763,1.6147248892841541,62.538556248817,89.79642783934347
Hoek van Holland,broken_squared,2008,92,2008,93.12365079223015,77.94736842105263,91.6913853861018,-1.432265406128346,64.69353031030485,93.12365079223015
Hoek van Holland,broken_squared,2009,71,2009,96.47555266914628,76.94736842105263,92.15796436723795,-4.317588301908335,66.8485043717927,96.47555266914628
Hoek van Holland,broken_squared,2010,80,2010,99.85213347009184,92.94736842105263,93.13657138414398,-6.71556208594786,69.00347843328053,99.85213347009184
Hoek van Holland,broken_squared,2011,86,2011,103.25339319506686,81.94736842105263,94.89787846757197,-8.35551472749489,71.15845249476838,103.25339319506686
Hoek van Holland,broken_squared,2012,86,2012,106.67933184407134,87.94736842105263,97.62699577793278,-9.052336066138565,73.31342655625623,106.67933184407134
Hoek van Holland,broken_squared,2013,70,2013,110.12994941710525,92.94736842105263,101.40257723882527,-8.72737217827997,75.46840061774407,110.12994941710525
Hoek van Holland,broken_squared,2014,101,2014,113.60524591416862,102.94736842105263,106.18794245114206,-7.417303463026567,77.62337467923192,113.60524591416862
Hoek van Holland,broken_squared,2015,109,2015,117.10522133526143,99.94736842105263,111.83521700443609,-5.270004330825356,79.77834874071976,117.10522133526143
Hoek van Holland,broken_squared,2016,111,2016,120.6298756803837,129.94736842105263,118.10202384662553,-2.5278518337581737,81.9333228022076,120.6298756803837
Hoek van Holland,broken_squared,2017,133,2017,124.17920894953542,117.94736842105263,124.67884166853142,0.4996327189960087,84.08829686369545,124.17920894953542
Hoek van Holland,broken_squared,2018,75,2018,127.7532211427166,110.94736842105263,131.2239422171518,3.470721074435216,86.2432709251833,127.7532211427166
Hoek van Holland,broken_squared,2019,138,2019,131.3519122599272,132.94736842105263,137.4019629776573,6.0500507177301115,88.39824498667113,131.3519122599272
Hoek van Holland,broken_squared,2020,136,2020,134.97528230116725,131.94736842105263,142.92176132072638,7.946479019559123,90.55321904815898,134.97528230116725
Hoek van Holland,broken_squared,2021,128,2021,138.62333126643676,142.94736842105263,147.56927731666,8.945946050223219,92.70819310964681,138.62333126643676
Hoek van Holland,broken_squared,2022,135,2022,142.29605915573572,144.94736842105263,151.2316958159931,8.93563666025741,94.86316717113466,142.29605915573572
Hoek van Holland,broken_squared,2023,195,2023,145.99346596906415,170.94736842105263,153.91018049429914,7.916714525234981,97.01814123262251,145.99346596906415
Hoek van Holland,broken_squared,2024,207,2024,149.715551706422,186.94736842105263,155.7197425019501,6.004190795528105,99.17311529411035,149.715551706422
Hoek van Holland,broken_squared,2025,156,2025,153.4623163678093,179.94736842105263,156.87625854503295,3.4139421772236354,101.3280893555982,153.4623163678093
Den Helder,linear,1891,-157,1891,-183.08298193081728,-157,-168.26972607169714,14.813255859120138,-183.08298193081728,-183.08298193081728
Den Helder,linear,1892,-156,1892,-181.4638474069746,-156,-165.4740247162719,15.98982269070267,-181.4638474069746,-181.4638474069746
Den Helder,linear,1893,-136,1893,-179.84471288313188,-136,-164.48317953061104,15.361533352520826,-179.84471288313188,-179.84471288313188
Den Helder,linear,1894,-138,1894,-178.2255783592892,-138,-165.2262721618129,12.999306197476308,-178.2255783592892,-178.2255783592892
Den Helder,linear,1895,-162,1895,-176.60644383544647,-162,-167.43666549090256,9.169778344543934,-176.60644383544647,-176.60644383544647
Den Helder,linear,1896,-183,1896,-174.98730931160378,-183,-170.6821003799055,4.305208931698273,-174.98730931160378,-174.98730931160378
Den Helder,linear,1897,-173,1897,-173.36817478776106,-173,-174.41348705541694,-1.0453122676558912,-173.36817478776106,-173.36817478776106
Den Helder,linear,1898,-131,1898,-171.74904026391837,-131,-178.0268837861927,-6.277843522274334,-171.74904026391837,-171.74904026391837
Den Helder,linear,1899,-132,1899,-170.12990574007566,-132,-180.9316669924057,-10.80176125233004,-170.12990574007566,-170.12990574007566
Den Helder,linear,1900,-175,1900,-168.51077121623297,-175,-182.61719806445183,-14.106426848218852,-168.51077121623297,-168.51077121623297
Den Helder,linear,1901,-223,1901,-166.89163669239028,-223,-182.71046185356295,-15.818825161172676,-166.89163669239028,-166.89163669239028
Den Helder,linear,1902,-260,1902,-165.27250216854756,-260,-181.01817087181553,-15.745668703267967,-165.27250216854756,-165.27250216854756
Den Helder,linear,1903,-165,1903,-163.65336764470487,-165,-177.54858267696747,-13.89521503226262,-163.65336764470487,-163.65336764470487
Den Helder,linear,1904,-133,1904,-162.03423312086215,-133,-172.51056779807848,-10.476334677216327,-162.03423312086215,-162.03423312086215
Den Helder,linear,1905,-171,1905,-160.41509859701947,-171,-166.29003341009673,-5.874934813077263,-160.41509859701947,-160.41509859701947
Den Helder,linear,1906,-129,1906,-158.79596407317675,-129,-159.40636394241756,-0.6103998692408297,-158.79596407317675,-158.79596407317675
Den Helder,linear,1907,-157,1907,-157.17682954933406,-157,-152.45379540116318,4.7230341481709,-157.17682954933406,-157.17682954933406
Den Helder,linear,1908,-176,1908,-155.55769502549134,-176,-146.0343407966436,9.523354228847746,-155.55769502549134,-155.55769502549134
Den Helder,linear,1909,-129,1909,-153.93856050164865,-129,-140.6898377390716,13.248722762577021,-153.93856050164865,-153.93856050164865
Den Helder,linear,1910,-112,1910,-152.31942597780593,-112,-136.84078835112902,15.478637626676905,-152.31942597780593,-152.31942597780593
Den Helder,linear,1911,-142,1911,-150.70029145396325,-142,-134.73889496112622,15.961396492837023,-150.70029145396325,-150.70029145396325
Den Helder,linear,1912,-90,1912,-149.08115693012056,-90,-134.43864912503298,14.642507805087575,-149.08115693012056,-149.08115693012056
Den Helder,linear,1913,-132,1913,-147.46202240627784,-132,-135.79118087528545,11.670841530992405,-147.46202240627784,-147.46202240627784
Den Helder,linear,1914,-96,1914,-145.84288788243515,-96,-138.46106246430762,7.381825418127524,-145.84288788243515,-145.84288788243515
Den Helder,linear,1915,-127,1915,-144.22375335859243,-127,-141.96416987501303,2.2595834835794104,-144.22375335859243,-144.22375335859243
Den Helder,linear,1916,-98,1916,-142.60461883474974,-98,-145.72232846860672,-3.1177096338569834,-142.60461883474974,-142.60461883474974
Den Helder,linear,1917,-152,1917,-140.98548431090703,-152,-149.1285746253306,-8.143090314423564,-140.98548431090703,-140.98548431090703
Den Helder,linear,1918,-135,1918,-139.36634978706434,-135,-151.61566695031865,-12.249317163254322,-139.36634978706434,-139.36634978706434
Den Helder,linear,1919,-137,1919,-137.74721526322162,-137,-152.7201138210607,-14.972898557839073,-137.74721526322162,-137.74721526322162
Den Helder,linear,1920,-147,1920,-136.12808073937893,-147,-152.13449014730037,-16.006409407921453,-136.12808073937893,-136.12808073937893
Den Helder,linear,1921,-135,1921,-134.5089462155362,-135,-149.74213807295192,-15.233191857415681,-134.5089462155362,-134.5089462155362
Den Helder,linear,1922,-148,1922,-132.88981169169352,-148,-145.63033476759966,-12.740523075906133,-132.88981169169352,-132.88981169169352
Den Helder,linear,1923,-125,1923,-131.27067716785083,-125,-140.08044098905256,-8.809763821201734,-131.27067716785083,-131.27067716785083
Den Helder,linear,1924,-144,1924,-129.65154264400812,-144,-133.53614240099444,-3.8845997569863115,-129.65154264400812,-129.65154264400812
Den Helder,linear,1925,-102,1925,-128.03240812016543,-102,-126.55336841679961,1.4790397033658111,-128.03240812016543,-128.03240812016543
Den Helder,linear,1926,-133,1926,-126.41327359632271,-133,-119.7375414954698,6.675732100852907,-126.41327359632271,-126.41327359632271
Den Helder,linear,1927,-133,1927,-124.79413907248002,-133,-113.6752398947757,11.11889917770431,-124.79413907248002,-124.79413907248002
Den Helder,linear,1928,-118,1928,-123.1750045486373,-118,-108.86798746942584,14.307017079211473,-123.1750045486373,-123.1750045486373
Den Helder,linear,1929,-152,1929,-121.55587002479461,-152,-105.67564401122502,15.880226013569601,-121.55587002479461,-121.55587002479461
Den Helder,linear,1930,-101,1930,-119.9367355009519,-101,-104.27578596404183,15.660949536910065,-119.9367355009519,-119.9367355009519
Den Helder,linear,1931,-96,1931,-118.31760097710921,-96,-104.64366242791714,13.673938549192076,-118.31760097710921,-118.31760097710921
Den Helder,linear,1932,-109,1932,-116.6984664532665,-109,-106.55498892453342,10.143477528733083,-116.6984664532665,-116.6984664532665
Den Helder,linear,1933,-166,1933,-115.0793319294238,-166,-109.61126357690662,5.468068352517179,-115.0793319294238,-115.0793319294238
Den Helder,linear,1934,-160,1934,-113.4601974055811,-160,-113.28474813170563,0.17544927387548093,-113.4601974055811,-113.4601974055811
Den Helder,linear,1935,-105,1935,-111.8410628817384,-105,-116.97803657742696,-5.136973695688566,-111.8410628817384,-111.8410628817384
Den Helder,linear,1936,-93,1936,-110.2219283578957,-93,-120.0914875322691,-9.86955917437339,-110.2219283578957,-110.2219283578957
Den Helder,linear,1937,-108,1937,-108.60279383405299,-108,-122.0909089501183,-13.488115116065318,-108.60279383405299,-108.60279383405299
Den Helder,linear,1938,-23,1938,-106.9836593102103,-23,-122.56785521257525,-15.584195902364954,-106.9836593102103,-106.9836593102103
Den Helder,linear,1939,-137,1939,-105.36452478636758,-137,-121.28573055415482,-15.921205767787242,-105.36452478636758,-105.36452478636758
Den Helder,linear,1940,-118,1940,-103.7453902625249,-118,-118.20649488231543,-14.461104619790532,-103.7453902625249,-103.7453902625249
Den Helder,linear,1941,-157,1941,-102.12625573868219,-157,-113.49495756464145,-11.36870182595926,-102.12625573868219,-102.12625573868219
Den Helder,linear,1942,-143,1942,-100.50712121483949,-143,-107.50017452062649,-6.993053305787002,-100.50712121483949,-100.50712121483949
Den Helder,linear,1943,-92,1943,-98.88798669099678,-92,-100.7160484270617,-1.8280617360649094,-98.88798669099678,-98.88798669099678
Den Helder,linear,1944,-88,1944,-97.26885216715408,-88,-93.72557930100253,3.543272866151553,-97.26885216715408,-97.26885216715408
Den Helder,linear,1945,-82,1945,-95.64971764331138,-82,-87.13505819296299,8.514659450348384,-95.64971764331138,-95.64971764331138
Den Helder,linear,1946,-97,1946,-94.03058311946867,-97,-81.50563189752197,12.524951221946715,-94.03058311946867,-94.03058311946867
Den Helder,linear,1947,-183,1947,-92.41144859562598,-183,-77.28996333574688,15.121485259879103,-92.41144859562598,-92.41144859562598
Den Helder,linear,1948,-100,1948,-90.79231407178327,-100,-74.7811370883123,16.011176983470953,-90.79231407178327,-90.79231407178327
Den Helder,linear,1949,-63,1949,-89.17317954794058,-63,-74.07957738302707,15.093602164913504,-89.17317954794058,-89.17317954794058
Den Helder,linear,1950,-70,1950,-87.55404502409786,-94.10526315789474,-75.08171267913497,12.4723323449629,-87.55404502409786,-87.55404502409786
Den Helder,linear,1951,-94,1951,-85.93491050025517,-100.10526315789474,-77.49166633693409,8.443244163321086,-85.93491050025517,-85.93491050025517
Den Helder,linear,1952,-78,1952,-84.31577597641247,-88.10526315789474,-80.85465378477376,3.4611221916387036,-84.31577597641247,-84.31577597641247
Den Helder,linear,1953,-107,1953,-82.69664145256976,-79.10526315789474,-84.60831646790041,-1.911675015330653,-82.69664145256976,-82.69664145256976
Den Helder,linear,1954,-65,1954,-81.07750692872706,-89.10526315789474,-88.14619824383728,-7.068691315110219,-81.07750692872706,-81.07750692872706
Den Helder,linear,1955,-58,1955,-79.45837240488436,-62.10526315789474,-90.88619930658433,-11.427826901699973,-79.45837240488436,-79.45837240488436
Den Helder,linear,1956,-136,1956,-77.83923788104165,-118.10526315789474,-92.33628088182354,-14.49704300078189,-77.83923788104165,-77.83923788104165
Den Helder,linear,1957,-115,1957,-76.22010335719895,-115.10526315789474,-92.15000425538524,-15.92990089818629,-76.22010335719895,-76.22010335719895
Den Helder,linear,1958,-78,1958,-74.60096883335626,-81.10526315789474,-90.16563515000135,-15.564666316645079,-74.60096883335626,-74.60096883335626
Den Helder,linear,1959,-117,1959,-72.98183430951354,-72.10526315789474,-86.42439953175392,-13.442565222240361,-72.98183430951354,-72.98183430951354
Den Helder,linear,1960,-85,1960,-71.36269978567086,-79.10526315789474,-81.16583021643383,-9.803130430762982,-71.36269978567086,-71.36269978567086
Den Helder,linear,1961,-33,1961,-69.74356526182815,-56.10526315789474,-74.80072952905199,-5.057164267223841,-69.74356526182815,-69.74356526182815
Den Helder,linear,1962,-86,1962,-68.12443073798545,-93.10526315789474,-67.86479986465355,0.2596308733319068,-68.12443073798545,-68.12443073798545
Den Helder,linear,1963,-131,1963,-66.50529621414275,-101.10526315789474,-60.95817611518976,5.547120098952979,-66.50529621414275,-66.50529621414275
Den Helder,linear,1964,-89,1964,-64.88616169030004,-56.10526315789474,-54.677685258421576,10.208476431878454,-64.88616169030004,-64.88616169030004
Den Helder,linear,1965,-29,1965,-63.26702716645734,-55.10526315789474,-49.549479328657824,13.717547837799517,-63.26702716645734,-63.26702716645734
Den Helder,linear,1966,-3,1966,-61.647892642614636,-21.10526315789474,-45.96964584354199,15.678246799072644,-61.647892642614636,-61.647892642614636
Den Helder,linear,1967,19,1967,-60.02875811877193,-31.10526315789474,-44.15949930328816,15.869258815483775,-60.02875811877193,-60.02875811877193
Den Helder,linear,1968,-60,1968,-58.409623594929236,-48.10526315789474,-44.1406002481842,14.269023346745039,-58.409623594929236,-58.409623594929236
Den Helder,linear,1969,-90,1969,-56.79048907108653,-65.10526315789474,-45.73232160595441,11.058167465132119,-56.79048907108653,-56.79048907108653
Den Helder,linear,1970,-65,1970,-55.17135454724383,-79.10526315789474,-48.57223702827396,6.599117518969867,-55.17135454724383,-55.17135454724383
Den Helder,linear,1971,-120,1971,-53.55222002340113,-97.10526315789474,-52.157029876660175,1.3951901467409558,-53.55222002340113,-53.55222002340113
Den Helder,linear,1972,-132,1972,-51.93308549955842,-86.10526315789474,-55.899305243336215,-3.9662197437777937,-51.93308549955842,-51.93308549955842
Den Helder,linear,1973,-80,1973,-50.31395097571573,-97.10526315789474,-59.19389233268316,-8.879941356967432,-50.31395097571573,-50.31395097571573
Den Helder,linear,1974,-82,1974,-48.694816451873024,-119.10526315789474,-61.486153301516744,-12.791336849643718,-48.694816451873024,-48.694816451873024
Den Helder,linear,1975,-108,1975,-47.07568192803032,-87.10526315789474,-62.33458817676659,-15.258906248736272,-47.07568192803032,-47.07568192803032
Den Helder,linear,1976,-121,1976,-45.45654740418762,-84.10526315789474,-61.46066930115835,-16.004121896970727,-45.45654740418762,-45.45654740418762
Den Helder,linear,1977,-42,1977,-43.837412880344914,-62.10526315789474,-58.7802802284663,-14.942867348121391,-43.837412880344914,-43.837412880344914
Den Helder,linear,1978,-63,1978,-42.21827835650221,-61.10526315789474,-54.41321039333473,-12.194932036832515,-42.21827835650221,-42.21827835650221
Den Helder,linear,1979,-57,1979,-40.599143832659514,-53.10526315789474,-48.66963384188215,-8.070490009222635,-40.599143832659514,-40.599143832659514
Den Helder,linear,1980,-43,1980,-38.98000930881681,-31.10526315789474,-42.01509824054362,-3.03508893172681,-38.98000930881681,-38.98000930881681
Den Helder,linear,1981,-5,1981,-37.36087478497411,-27.10526315789474,-35.01797603958035,2.3428987453937618,-37.36087478497411,-37.36087478497411
Den Helder,linear,1982,-29,1982,-35.741740261131405,-28.10526315789474,-28.28530925738888,7.456431003742521,-35.741740261131405,-35.741740261131405
Den Helder,linear,1983,13,1983,-34.12260573728871,-21.10526315789474,-22.394289425376073,11.72831631191264,-34.12260573728871,-34.12260573728871
Den Helder,linear,1984,-40,1984,-32.503471213446005,-25.10526315789474,-17.827106915762812,14.67636429768319,-32.503471213446005,-32.503471213446005
Den Helder,linear,1985,-38,1985,-30.884336689603302,-29.10526315789474,-14.916523554543168,15.967813135060133,-30.884336689603302,-30.884336689603302
Den Helder,linear,1986,-38,1986,-29.2652021657606,-35.10526315789474,-13.808312027703838,15.45689013805676,-29.2652021657606,-29.2652021657606
Den Helder,linear,1987,-57,1987,-27.646067641917895,-25.10526315789474,-14.444801744316244,13.20126589760165,-27.646067641917895,-27.646067641917895
Den Helder,linear,1988,30,1988,-26.026933118075195,0.8947368421052602,-16.57138842228146,9.45554469579374,-26.026933118075195,-26.026933118075195
Den Helder,linear,1989,-18,1989,-24.407798594232492,-26.10526315789474,-19.765272625228548,4.642525969003941,-24.407798594232492,-24.407798594232492
Den Helder,linear,1990,28,1990,-22.788664070389792,-31.10526315789474,-23.483183379346855,-0.6945193089570658,-22.788664070389792,-22.788664070389792
Den Helder,linear,1991,-77,1991,-21.16952954654709,-54.10526315789474,-27.122700052177414,-5.9531705056303235,-21.16952954654709,-21.16952954654709
Den Helder,linear,1992,-29,1992,-19.550395022704386,-33.10526315789474,-30.090250767374556,-10.539855744670168,-19.550395022704386,-19.550395022704386
Den Helder,linear,1993,-41,1993,-17.931260498861683,-28.10526315789474,-31.868112013391105,-13.936851514529424,-17.931260498861683,-17.931260498861683
Den Helder,linear,1994,5,1994,-16.31212597501898,-18.10526315789474,-32.07284684458416,-15.76072086956518,-16.31212597501898,-16.31212597501898
Den Helder,linear,1995,0,1995,-14.692991451176283,-5.10526315789474,-30.498585444761567,-15.805593993585282,-14.692991451176283,-14.692991451176283
Den Helder,linear,1996,-110,1996,-13.07385692733358,-32.10526315789474,-27.14026274620423,-14.06640581887065,-13.07385692733358,-13.07385692733358
Den Helder,linear,1997,-62,1997,-11.454722403490877,-30.10526315789474,-22.194190150747808,-10.739467747256931,-11.454722403490877,-11.454722403490877
Den Helder,linear,1998,18,1998,-9.835587879648173,-22.10526315789474,-16.035896819729857,-6.200308940081682,-9.835587879648173,-9.835587879648173
Den Helder,linear,1999,13,1999,-8.21645335580547,-21.10526315789474,-9.177741704036904,-0.9612883482314336,-8.21645335580547,-8.21645335580547
Den Helder,linear,2000,11,2000,-6.597318831962774,-15.10526315789474,-2.211080869438362,4.386237962524409,-6.597318831962774,-6.597318831962774
Den Helder,linear,2001,10,2001,-4.9781843081200705,1.8947368421052602,4.260482001796277,9.238666309916347,-4.9781843081200705,-4.9781843081200705
Den Helder,linear,2002,-2,2002,-3.3590497842773672,14.89473684210526,9.689227562771325,13.048277347048693,-3.3590497842773672,-3.3590497842773672
Den Helder,linear,2003,-12,2003,-1.739915260434664,21.89473684210526,13.645144792240792,15.385060052675458,-1.739915260434664,-1.739915260434664
Den Helder,linear,2004,20,2004,-0.12078073659196065,4.89473684210526,15.864468621308632,15.985249357900592,-0.12078073659196065,-0.12078073659196065
Den Helder,linear,2005,-7,2005,1.4983537872507355,-1.1052631578947398,16.279452496963202,14.781098709712465,1.4983537872507355,1.4983537872507355
Den Helder,linear,2006,-5,2006,3.117488311093439,-8.10526315789474,15.026015295151275,11.908526984057834,3.117488311093439,3.117488311093439
Den Helder,linear,2007,42,2007,4.736622834936142,15.89473684210526,12.428399435718596,7.691776600782452,4.736622834936142,4.736622834936142
Den Helder,linear,2008,17,2008,6.355757358778845,-5.10526315789474,8.962571919227138,2.606814560448292,6.355757358778845,6.355757358778845
Den Helder,linear,2009,-17,2009,7.974891882621549,-9.10526315789474,5.202499404910137,-2.7723924777114126,7.974891882621549,7.974891882621549
Den Helder,linear,2010,-30,2010,9.594026406464245,-2.10526315789474,1.755361546917662,-7.838664859546581,9.594026406464245,9.594026406464245
Den Helder,linear,2011,17,2011,11.213160930306948,4.89473684210526,-0.8069845964865969,-12.020145526793545,11.213160930306948,11.213160930306948
Den Helder,linear,2012,2,2012,12.832295454149651,1.8947368421052602,-2.012553104819709,-14.84484855896936,12.832295454149651,12.832295454149651
Den Helder,linear,2013,-27,2013,14.451429977992355,0.8947368421052602,-1.5425047517818378,-15.993934729774193,14.451429977992355,14.451429977992355
Den Helder,linear,2014,6,2014,16.070564501835058,5.89473684210526,0.7328639186993211,-15.337700583135735,16.070564501835058,16.070564501835058
Den Helder,linear,2015,36,2015,17.68969902567776,12.89473684210526,4.739480274845402,-12.95021875083236,17.68969902567776,17.68969902567776
Den Helder,linear,2016,17,2016,19.308833549520465,36.89473684210526,10.20785656819379,-9.100976981326674,19.308833549520465,19.308833549520465
Den Helder,linear,2017,56,2017,20.927968073363168,34.89473684210526,16.70350844635415,-4.2244596270090184,20.927968073363168,20.927968073363168
Den Helder,linear,2018,-11,2018,22.54710259720587,30.89473684210526,23.67599750834148,1.1288949111356095,22.54710259720587,22.54710259720587
Den Helder,linear,2019,71,2019,24.16623712104856,61.89473684210526,30.521062208921506,6.354825087872941,24.16623712104856,24.16623712104856
Den Helder,linear,2020,70,2020,25.785371644891264,56.89473684210526,36.648824066969716,10.863452422078455,25.785371644891264,25.785371644891264
Den Helder,linear,2021,42,2021,27.404506168733967,58.89473684210526,41.55037038103129,14.14586421229733,27.404506168733967,27.404506168733967
Den Helder,linear,2022,67,2022,29.02364069257667,71.89473684210526,44.855197907519404,15.831557214942734,29.02364069257667,29.02364069257667
Den Helder,linear,2023,123,2023,30.642775216419373,95.89473684210526,46.37303352865126,15.730258312231896,30.642775216419373,30.642775216419373
Den Helder,linear,2024,134,2024,32.26190974026208,112.89473684210526,46.1153113893255,13.853401649063418,32.26190974026208,32.26190974026208
Den Helder,linear,2025,85,2025,33.88104426410478,106.89473684210526,44.29388226448856,10.412838000383784,33.88104426410478,33.88104426410478
Den Helder,broken_linear,1891,-157,1891,-172.65403254607736,-157,-159.65247699030277,13.001555555774592,-172.65403254607736,-354.22970942517355
Den Helder,broken_linear,1892,-156,1892,-171.29368074184936,-156,-157.13328853429576,14.160392207553583,-171.29368074184936,-351.08920392605245
Den Helder,broken_linear,1893,-136,1893,-169.9333289376213,-136,-156.21245871780928,13.720870219812012,-169.9333289376213,-347.9486984269313
Den Helder,broken_linear,1894,-138,1894,-168.5729771333933,-138,-156.84037636086552,11.732600772527753,-168.5729771333933,-344.8081929278102
Den Helder,broken_linear,1895,-162,1895,-167.21262532916523,-162,-158.79261493613515,8.420010393030068,-167.21262532916523,-341.667687428689
Den Helder,broken_linear,1896,-183,1896,-165.8522735249372,-183,-161.69526478245515,4.15700874248204,-165.8522735249372,-338.52718192956786
Den Helder,broken_linear,1897,-173,1897,-164.49192172070917,-173,-165.06713827319973,-0.5752165524905397,-164.49192172070917,-335.38667643044676
Den Helder,broken_linear,1898,-131,1898,-163.13156991648114,-131,-168.37408401810268,-5.242514101621536,-163.13156991648114,-332.24617093132565
Den Helder,broken_linear,1899,-132,1899,-161.7712181122531,-132,-171.08927936624295,-9.31806125398985,-161.7712181122531,-329.1056654322045
Den Helder,broken_linear,1900,-175,1900,-160.41086630802505,-175,-172.75269567531453,-12.341829367289485,-160.41086630802505,-325.9651599330833
Den Helder,broken_linear,1901,-223,1901,-159.05051450379705,-223,-173.02302418656564,-13.972509682768614,-159.05051450379705,-322.8246544339622
Den Helder,broken_linear,1902,-260,1902,-157.690162699569,-260,-171.71620135625116,-14.026038656682179,-157.690162699569,-319.68414893484106
Den Helder,broken_linear,1903,-165,1903,-156.32981089534098,-165,-168.82618508492465,-12.496374189583666,-156.32981089534098,-316.54364343571996
Den Helder,broken_linear,1904,-133,1904,-154.96945909111292,-133,-164.52563672127738,-9.556177630164441,-154.96945909111292,-313.4031379365988
Den Helder,broken_linear,1905,-171,1905,-153.6091072868849,-171,-159.14643185913152,-5.53732457224664,-153.6091072868849,-310.2626324374777
Den Helder,broken_linear,1906,-129,1906,-152.24875548265686,-129,-153.14219977738944,-0.8934442947325758,-152.24875548265686,-307.1221269383566
Den Helder,broken_linear,1907,-157,1907,-150.88840367842883,-157,-147.0371198952132,3.851283783215604,-150.88840367842883,-303.9816214392354
Den Helder,broken_linear,1908,-176,1908,-149.5280518742008,-176,-141.3667548583549,8.161297015845882,-149.5280518742008,-300.84111594011426
Den Helder,broken_linear,1909,-129,1909,-148.16770006997274,-129,-136.61759874027305,11.550101329699695,-148.16770006997274,-297.70061044099316
Den Helder,broken_linear,1910,-112,1910,-146.80734826574474,-112,-133.17216387348645,13.63518439225826,-146.80734826574474,-294.56010494187205
Den Helder,broken_linear,1911,-142,1911,-145.44699646151668,-142,-131.26580465201963,14.18119180949705,-145.44699646151668,-291.41959944275084
Den Helder,broken_linear,1912,-90,1912,-144.08664465728867,-90,-130.96015183156032,13.126492825728352,-144.08664465728867,-288.27909394362973
Den Helder,broken_linear,1913,-132,1913,-142.7262928530606,-132,-132.13615593889537,10.59013691416524,-142.7262928530606,-285.1385884445086
Den Helder,broken_linear,1914,-96,1914,-141.36594104883258,-96,-134.50752501793173,6.85841603090086,-141.36594104883258,-281.99808294538747
Den Helder,broken_linear,1915,-127,1915,-140.00558924460455,-127,-137.65303992257367,2.3525493220308644,-140.00558924460455,-278.8575774462663
Den Helder,broken_linear,1916,-98,1916,-138.64523744037652,-98,-141.0640995578031,-2.4188621174265874,-138.64523744037652,-275.7170719471452
Den Helder,broken_linear,1917,-152,1917,-137.2848856361485,-152,-144.20212938520444,-6.91724374905597,-137.2848856361485,-272.5765664480241
Den Helder,broken_linear,1918,-135,1918,-135.92453383192043,-135,-146.55937319016246,-10.63483935824204,-135.92453383192043,-269.4360609489029
Den Helder,broken_linear,1919,-137,1919,-134.56418202769242,-137,-147.71620622125144,-13.152024193559033,-134.56418202769242,-266.2955554497818
Den Helder,broken_linear,1920,-147,1920,-133.20383022346437,-147,-147.38850046352457,-14.184670240060196,-133.20383022346437,-263.15504995066067
Den Helder,broken_linear,1921,-135,1921,-131.84347841923636,-135,-145.45969567586718,-13.616217256630808,-131.84347841923636,-260.01454445153956
Den Helder,broken_linear,1922,-148,1922,-130.4831266150083,-148,-141.9939561641761,-11.510829549167779,-130.4831266150083,-256.8740389524184
Den Helder,broken_linear,1923,-125,1923,-129.12277481078027,-125,-137.22892821553435,-8.106153404754082,-129.12277481078027,-253.73353345329724
Den Helder,broken_linear,1924,-144,1924,-127.76242300655224,-144,-131.54891570023236,-3.7864926936801138,-127.76242300655224,-250.59302795417614
Den Helder,broken_linear,1925,-102,1925,-126.40207120232421,-102,-125.4415016538346,0.9605695484896026,-126.40207120232421,-247.452522455055
Den Helder,broken_linear,1926,-133,1926,-125.04171939809618,-133,-119.44251219159977,5.599207206496386,-125.04171939809618,-244.31201695593387
Den Helder,broken_linear,1927,-133,1927,-123.68136759386815,-133,-114.07553497039572,9.60583262347243,-123.68136759386815,-241.17151145681274
Den Helder,broken_linear,1928,-118,1928,-122.3210157896401,-118,-109.79281907038053,12.528196719259572,-122.3210157896401,-238.0310059576916
Den Helder,broken_linear,1929,-152,1929,-120.96066398541207,-152,-106.92422724054187,14.036436744870201,-120.96066398541207,-234.89050045857044
Den Helder,broken_linear,1930,-101,1930,-119.60031218118404,-101,-105.64000253912775,13.96030964205628,-119.60031218118404,-231.74999495944934
Den Helder,broken_linear,1931,-96,1931,-118.23996037695599,-96,-105.93155209591956,12.308408281036433,-118.23996037695599,-228.60948946032818
Den Helder,broken_linear,1932,-109,1932,-116.87960857272796,-109,-107.61241703510922,9.267191537618743,-116.87960857272796,-225.46898396120704
Den Helder,broken_linear,1933,-166,1933,-115.51925676849993,-166,-110.33931907843666,5.179937690063271,-115.51925676849993,-222.3284784620859
Den Helder,broken_linear,1934,-160,1934,-114.1589049642719,-160,-113.65090818676464,0.5079967775072554,-114.1589049642719,-219.1879729629648
Den Helder,broken_linear,1935,-105,1935,-112.79855316004387,-105,-117.01983758809268,-4.2212844280488255,-112.79855316004387,-216.04746746384365
Den Helder,broken_linear,1936,-93,1936,-111.43820135581583,-93,-119.91228820715605,-8.47408685134023,-111.43820135581583,-212.90696196472254
Den Helder,broken_linear,1937,-108,1937,-110.07784955158779,-108,-121.84822365825241,-11.77037410666462,-110.07784955158779,-209.76645646560138
Den Helder,broken_linear,1938,-23,1938,-108.71749774735976,-23,-122.45557450038991,-13.73807675303016,-108.71749774735976,-206.62595096648025
Den Helder,broken_linear,1939,-137,1939,-107.35714594313173,-137,-121.51223569023878,-14.155089747107054,-107.35714594313173,-203.4854454673591
Den Helder,broken_linear,1940,-118,1940,-105.99679413890368,-118,-118.97113675742601,-12.974342618522337,-105.99679413890368,-200.34493996823795
Den Helder,broken_linear,1941,-157,1941,-104.63644233467565,-157,-114.96555489840217,-10.329112563726536,-104.63644233467565,-197.20443446911685
Den Helder,broken_linear,1942,-143,1942,-103.27609053044762,-143,-109.7940712717701,-6.517980741322483,-103.27609053044762,-194.06392896999571
Den Helder,broken_linear,1943,-92,1943,-101.91573872621959,-92,-103.88686855788254,-1.971129831662941,-101.91573872621959,-190.92342347087458
Den Helder,broken_linear,1944,-88,1944,-100.55538692199156,-88,-97.75717395606728,2.7982129659242885,-100.55538692199156,-187.78291797175345
Den Helder,broken_linear,1945,-82,1945,-99.19503511776352,-82,-91.94332850615031,7.251706611613214,-99.19503511776352,-184.64241247263232
Den Helder,broken_linear,1946,-97,1946,-97.83468331353548,-97,-86.94802167748408,10.8866616360514,-97.83468331353548,-181.50190697351115
Den Helder,broken_linear,1947,-183,1947,-96.47433150930745,-183,-83.18155013999274,13.292781369314717,-96.47433150930745,-178.36140147439005
Den Helder,broken_linear,1948,-100,1948,-95.11397970507942,-100,-80.91550540096028,14.198474304119129,-95.11397970507942,-175.2208959752689
Den Helder,broken_linear,1949,-63,1949,-93.75362790085137,-63,-80.25211782984817,13.501510071003185,-93.75362790085137,-172.08039047614776
Den Helder,broken_linear,1950,-70,1950,-92.39327609662334,-94.10526315789474,-81.11271737379991,11.280558722823432,-92.39327609662334,-168.93988497702662
Den Helder,broken_linear,1951,-94,1951,-91.03292429239531,-100.10526315789474,-83.24661346413018,7.786310828265126,-91.03292429239531,-165.79937947790552
Den Helder,broken_linear,1952,-78,1952,-89.67257248816728,-88.10526315789474,-86.25939179161426,3.4131806965530167,-89.67257248816728,-162.65887397878436
Den Helder,broken_linear,1953,-107,1953,-88.31222068393924,-79.10526315789474,-89.6574339433355,-1.3452132593962496,-88.31222068393924,-159.51836847966325
Den Helder,broken_linear,1954,-65,1954,-86.95186887971121,-89.10526315789474,-92.90363473334597,-5.95176585363475,-86.95186887971121,-156.3778629805421
Den Helder,broken_linear,1955,-58,1955,-85.59151707548317,-62.10526315789474,-95.47802811625041,-9.886511040767257,-85.59151707548317,-153.23735748142096
Den Helder,broken_linear,1956,-136,1956,-84.23116527125514,-118.10526315789474,-96.93647851501238,-12.705313243757255,-84.23116527125514,-150.09685198229982
Den Helder,broken_linear,1957,-115,1957,-82.8708134670271,-115.10526315789474,-96.96081276124706,-14.089999294219954,-82.8708134670271,-146.95634648317872
Den Helder,broken_linear,1958,-78,1958,-81.51046166279906,-81.10526315789474,-95.39473398977296,-13.884272326973898,-81.51046166279906,-143.81584098405756
Den Helder,broken_linear,1959,-117,1959,-80.15010985857103,-72.10526315789474,-92.26146369549366,-12.111353836922635,-80.15010985857103,-140.67533548493643
Den Helder,broken_linear,1960,-85,1960,-78.789758054343,-79.10526315789474,-87.76112059999569,-8.971362545652687,-78.789758054343,-137.5348299858153
Den Helder,broken_linear,1961,-33,1961,-77.42940625011497,-56.10526315789474,-82.24813218910411,-4.81872593898914,-77.42940625011497,-134.39432448669416
Den Helder,broken_linear,1962,-86,1962,-76.06905444588693,-93.10526315789474,-76.19122860106394,-0.12217415517700836,-76.06905444588693,-131.25381898757303
Den Helder,broken_linear,1963,-131,1963,-74.7087026416589,-101.10526315789474,-70.12053456756216,4.5881680740967425,-74.7087026416589,-128.1133134884519
Den Helder,broken_linear,1964,-89,1964,-73.34835083743086,-56.10526315789474,-64.56773142107218,8.780619416358688,-73.34835083743086,-124.97280798933076
Den Helder,broken_linear,1965,-29,1965,-71.98799903320283,-55.10526315789474,-60.00604340040422,11.981955632798607,-71.98799903320283,-121.83230249020963
Den Helder,broken_linear,1966,-3,1966,-70.6276472289748,-21.10526315789474,-56.79682231873953,13.830824910235268,-70.6276472289748,-118.6917969910885
Den Helder,broken_linear,1967,19,1967,-69.26729542474676,-31.10526315789474,-55.14875986622482,14.118535558521938,-69.26729542474676,-115.55129149196736
Den Helder,broken_linear,1968,-60,1968,-67.90694362051872,-48.10526315789474,-55.09433147105662,12.812612149462092,-67.90694362051872,-112.41078599284621
Den Helder,broken_linear,1969,-90,1969,-66.54659181629069,-65.10526315789474,-56.486130625503506,10.060461190787167,-66.54659181629069,-109.27028049372508
Den Helder,broken_linear,1970,-65,1970,-65.18624001206265,-79.10526315789474,-59.013507440947556,6.172732571115101,-65.18624001206265,-106.12977499460395
Den Helder,broken_linear,1971,-120,1971,-63.82588820783462,-97.10526315789474,-62.237633349910965,1.5882548579236637,-63.82588820783462,-102.98926949548282
Den Helder,broken_linear,1972,-132,1972,-62.465536403606585,-86.10526315789474,-65.64103401600775,-3.1754976124011662,-62.465536403606585,-99.84876399636168
Den Helder,broken_linear,1973,-80,1973,-61.10518459937855,-97.10526315789474,-68.68599940932653,-7.580814809947974,-61.10518459937855,-96.70825849724055
Den Helder,broken_linear,1974,-82,1974,-59.744832795150515,-119.10526315789474,-70.87527799196344,-11.130445196812929,-59.744832795150515,-93.5677529981194
Den Helder,broken_linear,1975,-108,1975,-58.384480990922484,-87.10526315789474,-71.80820413878676,-13.423723147864278,-58.384480990922484,-90.42724749899828
Den Helder,broken_linear,1976,-121,1976,-57.02412918669445,-84.10526315789474,-71.2259233934962,-14.201794206801749,-57.02412918669445,-87.28674199987715
Den Helder,broken_linear,1977,-42,1977,-55.663777382466414,-62.10526315789474,-69.04061074524564,-13.37683336277923,-55.663777382466414,-84.146236500756
Den Helder,broken_linear,1978,-63,1978,-54.303425578238375,-61.10526315789474,-65.34538390384022,-11.041958325601831,-54.303425578238375,-81.00573100163487
Den Helder,broken_linear,1979,-57,1979,-52.943073774010344,-53.10526315789474,-60.40379260951116,-7.460718835500807,-52.943073774010344,-77.86522550251374
Den Helder,broken_linear,1980,-43,1980,-51.58272196978231,-31.10526315789474,-54.62007037467076,-3.037348404888448,-51.58272196978231,-74.7247200033926
Den Helder,broken_linear,1981,-5,1981,-50.222370165554274,-27.10526315789474,-48.493506501475345,1.7288636640789248,-50.222370165554274,-71.58421450427147
Den Helder,broken_linear,1982,-29,1982,-48.86201836132624,-28.10526315789474,-42.56208864779199,6.299929713534253,-48.86201836132624,-68.44370900515034
Den Helder,broken_linear,1983,13,1983,-47.501666557098204,-21.10526315789474,-37.34177730432438,10.159889252773826,-47.501666557098204,-65.3032035060292
Den Helder,broken_linear,1984,-40,1984,-46.14131475287017,-25.10526315789474,-33.26826659502852,12.873048157841653,-46.14131475287017,-62.16269800690807
Den Helder,broken_linear,1985,-38,1985,-44.78096294864214,-29.10526315789474,-30.647805168440698,14.133157780201444,-44.78096294864214,-59.02219250778694
Den Helder,broken_linear,1986,-38,1986,-43.4206111444141,-35.10526315789474,-29.622628286983044,13.797982857431055,-43.4206111444141,-55.8816870086658
Den Helder,broken_linear,1987,-57,1987,-42.060259340186064,-25.10526315789474,-30.154902977831924,11.905356362354143,-42.060259340186064,-52.74118150954466
Den Helder,broken_linear,1988,30,1988,-40.69990753595803,0.8947368421052602,-32.030998441398445,8.668909094559586,-40.69990753595803,-49.600676010423534
Den Helder,broken_linear,1989,-18,1989,-39.33955573173,-26.10526315789474,-34.88559969374648,4.453956037983524,-39.33955573173,-46.4601705113024
Den Helder,broken_linear,1990,28,1990,-37.97920392750196,-31.10526315789474,-38.242942608119805,-0.2637386806178448,-37.97920392750196,-43.31966501218126
Den Helder,broken_linear,1991,-77,1991,-36.61885212327393,-54.10526315789474,-41.57051593754363,-4.9516638142696925,-36.61885212327393,-40.17915951306013
Den Helder,broken_linear,1992,-29,1992,-35.25850031904589,-33.10526315789474,-44.339168686129454,-9.080668367083556,-35.25850031904589,-37.038654013938995
Den Helder,broken_linear,1993,-41,1993,-33.89814851481786,-28.10526315789474,-46.082838191002146,-12.18468967618428,-33.89814851481786,-33.89814851481786
Den Helder,broken_linear,1994,5,1994,-30.75764301569673,-18.10526315789474,-44.6710033942791,-13.913360378582365,-32.53779671058983,-30.75764301569673
Den Helder,broken_linear,1995,0,1995,-27.617137516575593,-5.10526315789474,-41.68869375195061,-14.071556235375022,-31.177444906361792,-27.617137516575593
Den Helder,broken_linear,1996,-110,1996,-24.476632017454463,-32.10526315789474,-37.11805285787098,-12.641420840416515,-29.81709310213376,-24.476632017454463
Den Helder,broken_linear,1997,-62,1997,-21.336126518333323,-30.10526315789474,-31.1205076860047,-9.784381167671375,-28.456741297905722,-21.336126518333323
Den Helder,broken_linear,1998,18,1998,-18.19562101921219,-22.10526315789474,-24.0185474709331,-5.822926451720911,-27.09638949367769,-18.19562101921219
Den Helder,broken_linear,1999,13,1999,-15.055115520091054,-21.10526315789474,-16.25932263599903,-1.2042071159079777,-25.736037689449653,-15.055115520091054
Den Helder,broken_linear,2000,11,2000,-11.914610020969922,-15.10526315789474,-8.364172551306943,3.5504374696629792,-24.37568588522162,-11.914610020969922
Den Helder,broken_linear,2001,10,2001,-8.774104521848784,1.8947368421052602,-0.8697791914664439,7.90432533038234,-23.015334080993583,-8.774104521848784
Den Helder,broken_linear,2002,-2,2002,-5.633599022727651,14.89473684210526,5.732411007881208,11.366010030608859,-21.65498227676555,-5.633599022727651
Den Helder,broken_linear,2003,-12,2003,-2.4930935236065217,21.89473684210526,11.051659318118588,13.544752841725112,-20.29463047253752,-2.4930935236065217
Den Helder,broken_linear,2004,20,2004,0.6474119755146148,4.89473684210526,14.842039472204675,14.194627496690059,-18.93427866830948,0.6474119755146148
Den Helder,broken_linear,2005,-7,2005,3.787917474635748,-1.1052631578947398,17.03019666794586,13.242279193310111,-17.57392686408145,3.787917474635748
Den Helder,broken_linear,2006,-5,2006,6.928422973756888,-8.10526315789474,17.723627513926782,10.795204540169893,-16.21357505985341,6.928422973756888
Den Helder,broken_linear,2007,42,2007,10.068928472878017,15.89473684210526,17.19854631664888,7.129617843770864,-14.85322325562538,10.068928472878017
Den Helder,broken_linear,2008,17,2008,13.209433971999154,-5.10526315789474,15.868707305460163,2.659273333461008,-13.492871451397342,13.209433971999154
Den Helder,broken_linear,2009,-17,2009,16.349939471120287,-9.10526315789474,14.238701996256285,-2.1112374748640015,-12.13251964716931,16.349939471120287
Den Helder,broken_linear,2010,-30,2010,19.490444970241427,-2.10526315789474,12.847003268435664,-6.643441701805763,-10.772167842941272,19.490444970241427
Den Helder,broken_linear,2011,17,2011,22.63095046936256,4.89473684210526,12.205185072495247,-10.425765396867316,-9.41181603871324,22.63095046936256
Den Helder,broken_linear,2012,2,2012,25.771455968483686,1.8947368421052602,12.740178362525375,-13.031277605958309,-8.05146423448521,25.771455968483686
Den Helder,broken_linear,2013,-27,2013,28.911961467604826,0.8947368421052602,14.746081133040368,-14.16588033456446,-6.691112430257171,28.911961467604826
Den Helder,broken_linear,2014,6,2014,32.05246696672596,5.89473684210526,18.350962017105562,-13.701504949620395,-5.330760626029139,32.05246696672596
Den Helder,broken_linear,2015,36,2015,35.19297246584709,12.89473684210526,23.50240449986557,-11.690567965981522,-3.970408821801101,35.19297246584709
Den Helder,broken_linear,2016,17,2016,38.333477964968225,36.89473684210526,29.973423448831152,-8.360054516137076,-2.6100570175730695,38.333477964968225
Den Helder,broken_linear,2017,56,2017,41.473983464089365,34.89473684210526,37.38808613074382,-4.085897333345538,-1.249705213345031,41.473983464089365
Den Helder,broken_linear,2018,-11,2018,44.61448896321049,30.89473684210526,45.26394573483374,0.6494567716232531,0.11064659088299322,44.61448896321049
Den Helder,broken_linear,2019,71,2019,47.75499446233164,61.89473684210526,53.06649770544123,5.31150324310959,1.4709983951110388,47.75499446233164
Den Helder,broken_linear,2020,70,2020,50.895499961452764,56.89473684210526,60.26951210865441,9.374012147201647,2.83135019933907,50.895499961452764
Den Helder,broken_linear,2021,42,2021,54.0360054605739,58.89473684210526,66.41443199846438,12.378426537890476,4.1917020035671015,54.0360054605739
Den Helder,broken_linear,2022,67,2022,57.17651095969503,71.89473684210526,71.16213317353045,13.985622213835413,5.552053807795133,57.17651095969503
Den Helder,broken_linear,2023,123,2023,60.31701645881617,95.89473684210526,74.33120292604099,14.014186467224814,6.9124056120231785,60.31701645881617
Den Helder,broken_linear,2024,134,2024,63.4575219579373,112.89473684210526,75.91841705708137,12.460895099144071,8.27275741625121,63.4575219579373
Den Helder,broken_linear,2025,85,2025,66.59802745705844,106.89473684210526,76.09910380908121,9.501076352022777,9.633109220479241,66.59802745705844
Den Helder,broken_squared,1891,-157,1891,-168.59713679037026,-157,-155.39476185769828,13.20237493267197,-168.59713679037026,-89.48742920299107
Den Helder,broken_squared,1892,-156,1892,-167.36549530036706,-156,-153.09841835461233,14.267076945754702,-167.36549530036706,-90.53220651985008
Den Helder,broken_squared,1893,-136,1893,-166.1338538103639,-136,-152.41247556378832,13.72137824657557,-166.1338538103639,-91.54375144536806
Den Helder,broken_squared,1894,-138,1894,-164.90221232036072,-138,-153.27533757618465,11.626874744176067,-164.90221232036072,-92.52206397954497
Den Helder,broken_squared,1895,-162,1895,-163.67057083035752,-162,-155.45058666272314,8.219984167634381,-163.67057083035752,-93.46714412238082
Den Helder,broken_squared,1896,-183,1896,-162.43892934035432,-183,-158.5536689984037,3.8852603419506244,-162.43892934035432,-94.3789918738756
Den Helder,broken_squared,1897,-173,1897,-161.20728785035115,-173,-162.09530129395273,-0.888013443601575,-161.20728785035115,-95.25760723402936
Den Helder,broken_squared,1898,-131,1898,-159.97564636034798,-131,-165.53669879806466,-5.561052437716675,-159.97564636034798,-96.10299020284208
Den Helder,broken_squared,1899,-132,1899,-158.74400487034478,-132,-168.3503907924443,-9.60638592209951,-158.74400487034478,-96.91514078031369
Den Helder,broken_squared,1900,-175,1900,-157.51236338034158,-175,-170.07975901188175,-12.567395631540169,-157.51236338034158,-97.69405896644427
Den Helder,broken_squared,1901,-223,1901,-156.28072189033844,-223,-170.39057857182453,-14.109856681486084,-156.28072189033844,-98.43974476123385
Den Helder,broken_squared,1902,-260,1902,-155.04908040033524,-260,-169.10874370534395,-14.05966330500872,-155.04908040033524,-99.15219816468232
Den Helder,broken_squared,1903,-165,1903,-153.81743891033204,-165,-166.2399200052968,-12.422481094964759,-153.81743891033204,-99.83141917678972
Den Helder,broken_squared,1904,-133,1904,-152.58579742032887,-133,-161.96890491878327,-9.38310749845441,-152.58579742032887,-100.47740779755611
Den Helder,broken_squared,1905,-171,1905,-151.3541559303257,-171,-156.6387686782876,-5.284612747961868,-151.3541559303257,-101.09016402698143
Den Helder,broken_squared,1906,-129,1906,-150.1225144403225,-129,-150.71213014333424,-0.5896157030117264,-150.1225144403225,-101.6696878650657
Den Helder,broken_squared,1907,-157,1907,-148.8908729503193,-157,-144.71893855398153,4.1719343963377895,-148.8908729503193,-102.21597931180888
Den Helder,broken_squared,1908,-176,1908,-147.65923146031614,-176,-139.19665534683745,8.462576113478667,-147.65923146031614,-102.72903836721105
Den Helder,broken_squared,1909,-129,1909,-146.42758997031297,-129,-134.62958802957283,11.798001940740155,-146.42758997031297,-103.20886503127215
Den Helder,broken_squared,1910,-112,1910,-145.19594848030977,-112,-131.3942238215626,13.801724658747153,-145.19594848030977,-103.65545930399219
Den Helder,broken_squared,1911,-142,1911,-143.96430699030657,-142,-129.71673354283698,14.247573447469573,-143.96430699030657,-104.06882118537116
Den Helder,broken_squared,1912,-90,1912,-142.73266550030343,-90,-129.64744251298666,13.085222987316751,-142.73266550030343,-104.44895067540915
Den Helder,broken_squared,1913,-132,1913,-141.50102401030023,-132,-131.05515006518647,10.445873945113755,-141.50102401030023,-104.79584777410602
Den Helder,broken_squared,1914,-96,1914,-140.26938252029703,-96,-133.6419388619445,6.6274436583525365,-140.26938252029703,-105.10951248146183
Den Helder,broken_squared,1915,-127,1915,-139.03774103029386,-127,-136.9768024064918,2.060938623802054,-139.03774103029386,-105.38994479747663
Den Helder,broken_squared,1916,-98,1916,-137.8060995402907,-98,-140.5442950340895,-2.7381954937988064,-137.8060995402907,-105.63714472215037
Den Helder,broken_squared,1917,-152,1917,-136.5744580502875,-152,-143.80271300047295,-7.228254950185438,-136.5744580502875,-105.85111225548302
Den Helder,broken_squared,1918,-135,1918,-135.3428165602843,-135,-146.24523945912517,-10.902422898840868,-135.3428165602843,-106.0318473974746
Den Helder,broken_squared,1919,-137,1919,-134.11117507028112,-137,-147.45715156920215,-13.345976498921047,-134.11117507028112,-106.17935014812518
Den Helder,broken_squared,1920,-147,1920,-132.87953358027795,-147,-147.16263246415295,-14.283098883874988,-132.87953358027795,-106.2936205074347
Den Helder,broken_squared,1921,-135,1921,-131.64789209027475,-135,-145.25590416563304,-13.608012075358296,-131.64789209027475,-106.37465847540314
Den Helder,broken_squared,1922,-148,1922,-130.41625060027158,-148,-141.8131673054473,-11.396916705175748,-130.41625060027158,-106.42246405203055
Den Helder,broken_squared,1923,-125,1923,-129.18460911026838,-125,-137.08399995572353,-7.899390845455169,-129.18460911026838,-106.43703723731687
Den Helder,broken_squared,1924,-144,1924,-127.95296762026521,-144,-131.4631864270156,-3.5102188067503683,-127.95296762026521,-106.41837803126218
Den Helder,broken_squared,1925,-102,1925,-126.72132613026203,-102,-125.44615586744146,1.275170262820553,-126.72132613026203,-106.36648643386641
Den Helder,broken_squared,1926,-133,1926,-125.48968464025884,-133,-119.57306054472832,5.916624095530519,-125.48968464025884,-106.2813624451296
Den Helder,broken_squared,1927,-133,1927,-124.25804315025566,-133,-114.36780599233246,9.890237157923192,-124.25804315025566,-106.16300606505172
Den Helder,broken_squared,1928,-118,1928,-123.02640166025247,-118,-110.27891501070275,12.74748664954974,-123.02640166025247,-106.0114172936328
Den Helder,broken_squared,1929,-152,1929,-121.79476017024929,-152,-107.62890051779144,14.165859652457856,-121.79476017024929,-105.82659613087282
Den Helder,broken_squared,1930,-101,1930,-120.5631186802461,-101,-106.5778618039312,13.985256876314907,-120.5631186802461,-105.60854257677178
Den Helder,broken_squared,1931,-96,1931,-119.33147719024294,-96,-107.10541327504116,12.226063915201784,-119.33147719024294,-105.3572566313297
Den Helder,broken_squared,1932,-109,1932,-118.09983570023974,-109,-109.01298548284853,9.086850217391202,-118.09983570023974,-105.07273829454654
Den Helder,broken_squared,1933,-166,1933,-116.86819421023657,-166,-111.94623871262996,4.921955497606613,-116.86819421023657,-104.75498756642236
Den Helder,broken_squared,1934,-160,1934,-115.63655272023337,-160,-115.4350591878397,0.2014935323936804,-115.63655272023337,-104.40400444695709
Den Helder,broken_squared,1935,-105,1935,-114.4049112302302,-105,-118.94662330768783,-4.5417120774576265,-114.4049112302302,-104.0197889361508
Den Helder,broken_squared,1936,-93,1936,-113.17326974022701,-93,-121.94554027547848,-8.772270535251462,-113.17326974022701,-103.60234103400344
Den Helder,broken_squared,1937,-108,1937,-111.94162825022383,-108,-123.95428449997807,-12.012656249754249,-111.94162825022383,-103.15166074051503
Den Helder,broken_squared,1938,-23,1938,-110.70998676022064,-23,-124.60709644386307,-13.897109683642432,-110.70998676022064,-102.66774805568556
Den Helder,broken_squared,1939,-137,1939,-109.47834527021746,-137,-123.69126784434805,-14.212922574130577,-109.47834527021746,-102.15060297951504
Den Helder,broken_squared,1940,-118,1940,-108.24670378021428,-118,-121.17115122397719,-12.924447443762908,-108.24670378021428,-101.60022551200346
Den Helder,broken_squared,1941,-157,1941,-107.01506229021109,-157,-117.19218361064104,-10.17712132042994,-107.01506229021109,-101.01661565315084
Den Helder,broken_squared,1942,-143,1942,-105.78342080020792,-143,-112.06447028817962,-6.28104948797169,-105.78342080020792,-100.39977340295717
Den Helder,broken_squared,1943,-92,1943,-104.55177931020472,-92,-106.22778156678818,-1.676002256583455,-104.55177931020472,-99.74969876142241
Den Helder,broken_squared,1944,-88,1944,-103.32013782020155,-88,-100.20191357356579,3.1182242466357613,-103.32013782020155,-99.06639172854663
Den Helder,broken_squared,1945,-82,1945,-102.08849633019837,-82,-94.52801610428932,7.560480225909057,-102.08849633019837,-98.34985230432979
Den Helder,broken_squared,1946,-97,1946,-100.85685484019518,-97,-89.70751017324721,11.149344666947966,-100.85685484019518,-97.60008048877188
Den Helder,broken_squared,1947,-183,1947,-99.625213350192,-183,-86.14548996154151,13.479723388650486,-99.625213350192,-96.81707628187293
Den Helder,broken_squared,1948,-100,1948,-98.39357186018881,-100,-84.10499768640693,14.288574173781889,-98.39357186018881,-96.00083968363292
Den Helder,broken_squared,1949,-63,1949,-97.16193037018563,-63,-83.67733262978058,13.484597740405047,-97.16193037018563,-95.15137069405186
Den Helder,broken_squared,1950,-70,1950,-95.93028888018245,-94.10526315789474,-84.77174570368359,11.158543176498846,-95.93028888018245,-94.26866931312975
Den Helder,broken_squared,1951,-94,1951,-94.69864739017926,-100.10526315789474,-87.12568278152672,7.572964608652548,-94.69864739017926,-93.35273554086658
Den Helder,broken_squared,1952,-78,1952,-93.46700590017608,-88.10526315789474,-90.33442057615832,3.1325853240177435,-93.46700590017608,-92.40356937726234
Den Helder,broken_squared,1953,-107,1953,-92.2353644101729,-79.10526315789474,-93.8967499057764,-1.6613854956034988,-92.2353644101729,-91.42117082231708
Den Helder,broken_squared,1954,-65,1954,-91.00372292016971,-89.10526315789474,-97.271549834969,-6.267826914799285,-91.00372292016971,-90.40553987603073
Den Helder,broken_squared,1955,-58,1955,-89.77208143016654,-62.10526315789474,-99.93886686725817,-10.166785437091633,-89.77208143016654,-89.35667653840336
Den Helder,broken_squared,1956,-136,1956,-88.54043994016335,-118.10526315789474,-101.45860485644296,-12.918164916279597,-88.54043994016335,-88.27458080943492
Den Helder,broken_squared,1957,-115,1957,-87.30879845016017,-115.10526315789474,-101.52020099489053,-14.211402544730362,-87.30879845016017,-87.15925268912542
Den Helder,broken_squared,1958,-78,1958,-86.07715696015698,-81.10526315789474,-99.97768068626985,-13.90052372611286,-86.07715696015698,-86.01069217747488
Den Helder,broken_squared,1959,-117,1959,-84.8455154701538,-72.10526315789474,-96.86613447315187,-12.020619002998082,-84.8455154701538,-84.82889927448328
Den Helder,broken_squared,1960,-85,1960,-83.61387398015061,-79.10526315789474,-92.39775718119009,-8.78388320103947,-83.61387398015061,-83.61387398015061
Den Helder,broken_squared,1961,-33,1961,-82.36561629447691,-56.10526315789474,-86.92128016703288,-4.555663872555958,-82.38223249014743,-82.36561629447691
Den Helder,broken_squared,1962,-86,1962,-81.08412621746214,-93.10526315789474,-80.89734879630066,0.1867774211614801,-81.15059100014425,-81.08412621746214
Den Helder,broken_squared,1963,-131,1963,-79.76940374910632,-101.10526315789474,-74.8612675932699,4.9081361558364165,-79.91894951014106,-79.76940374910632
Den Helder,broken_squared,1964,-89,1964,-78.42144888940945,-56.10526315789474,-69.34596138186023,9.075487507549202,-78.68730802013788,-78.42144888940945
Den Helder,broken_squared,1965,-29,1965,-77.04026163837152,-55.10526315789474,-64.82182123170423,12.21844040666728,-77.45566653013469,-77.04026163837152
Den Helder,broken_squared,1966,-3,1966,-75.62584199599254,-21.10526315789474,-61.64360892102664,13.982233074965906,-76.22402504013152,-75.62584199599254
Den Helder,broken_squared,1967,19,1967,-74.17818996227251,-31.10526315789474,-60.01041309146791,14.167776870804605,-74.99238355012834,-74.17818996227251
Den Helder,broken_squared,1968,-60,1968,-72.69730553721142,-48.10526315789474,-59.943177056231605,12.754128480979812,-73.76074206012515,-72.69730553721142
Den Helder,broken_squared,1969,-90,1969,-71.18318872080928,-65.10526315789474,-61.28233481714466,9.900853903664615,-72.52910057012197,-71.18318872080928
Den Helder,broken_squared,1970,-65,1970,-69.63583951306609,-79.10526315789474,-63.70582212593411,5.930017387131978,-71.29745908011878,-69.63583951306609
Den Helder,broken_squared,1971,-120,1971,-68.05525791398183,-97.10526315789474,-66.76542958562163,1.2898283283601915,-70.0658175901156,-68.05525791398183
Den Helder,broken_squared,1972,-132,1972,-66.44144392355652,-86.10526315789474,-69.93739442449956,-3.4959505009430325,-68.83417610011242,-66.44144392355652
Den Helder,broken_squared,1973,-80,1973,-64.79439754179016,-97.10526315789474,-72.68152038059065,-7.887122838800504,-67.60253461010923,-64.79439754179016
Den Helder,broken_squared,1974,-82,1974,-63.11411876868275,-119.10526315789474,-74.50215252139289,-11.38803375271013,-66.37089312010605,-63.11411876868275
Den Helder,broken_squared,1975,-108,1975,-61.400607604234295,-87.10526315789474,-75.00412444731636,-13.603516843082055,-65.13925163010288,-61.400607604234295
Den Helder,broken_squared,1976,-121,1976,-59.65386404844477,-84.10526315789474,-73.93736282096305,-14.283498772518268,-63.907610140099685,-59.65386404844477
Den Helder,broken_squared,1977,-42,1977,-57.873888101314186,-62.10526315789474,-71.22511447224403,-13.35122637092985,-62.6759686500965,-57.873888101314186
Den Helder,broken_squared,1978,-63,1978,-56.06067976284257,-61.10526315789474,-66.97260993613499,-10.911930173292415,-61.44432716009332,-56.06067976284257
Den Helder,broken_squared,1979,-57,1979,-54.214239033029884,-53.10526315789474,-61.45518552357247,-7.240946490542583,-60.21268567009014,-54.214239033029884
Den Helder,broken_squared,1980,-43,1980,-52.33456591187614,-31.10526315789474,-55.087204650403976,-2.752638738527842,-58.981044180086954,-52.33456591187614
Den Helder,broken_squared,1981,-5,1981,-50.42166039938135,-27.10526315789474,-48.37528643897513,2.046373960406223,-57.74940269008377,-50.42166039938135
Den Helder,broken_squared,1982,-29,1982,-48.475522495545505,-28.10526315789474,-41.86112092838085,6.614401567164654,-56.517761200080585,-48.475522495545505
Den Helder,broken_squared,1983,13,1983,-46.4961522003686,-21.10526315789474,-36.06032564416796,10.435826556200638,-55.2861197100774,-46.4961522003686
Den Helder,broken_squared,1984,-40,1984,-44.48354951385065,-25.10526315789474,-31.404245111048652,13.079304402801995,-54.054478220074216,-44.48354951385065
Den Helder,broken_squared,1985,-38,1985,-42.437714435991644,-29.10526315789474,-28.191262706585192,14.246451729406452,-52.82283673007104,-42.437714435991644
Den Helder,broken_squared,1986,-38,1986,-40.35864696679158,-35.10526315789474,-26.55312054538345,13.805526421408134,-51.591195240067854,-40.35864696679158
Den Helder,broken_squared,1987,-57,1987,-38.24634710625047,-25.10526315789474,-26.44004904725861,11.806298058991864,-50.35955375006467,-38.24634710625047
Den Helder,broken_squared,1988,30,1988,-36.1008148543683,0.8947368421052602,-27.626384693954567,8.474430160413734,-49.12791226006149,-36.1008148543683
Den Helder,broken_squared,1989,-18,1989,-33.92205021114508,-26.10526315789474,-29.73604186839411,4.186008342750968,-47.89627077005831,-33.92205021114508
Den Helder,broken_squared,1990,28,1990,-31.710053176580796,-31.10526315789474,-32.28496363474508,-0.5749104581642861,-46.664629280055124,-31.710053176580796
Den Helder,broken_squared,1991,-77,1991,-29.464823750675464,-54.10526315789474,-34.735759814404986,-5.270936063729525,-45.43298779005194,-29.464823750675464
Den Helder,broken_squared,1992,-29,1992,-27.186361933429076,-33.10526315789474,-36.55836506821879,-9.372003134789715,-44.201346300048755,-27.186361933429076
Den Helder,broken_squared,1993,-41,1993,-24.874667724841633,-28.10526315789474,-37.2898701851842,-12.415202460342565,-42.96970481004557,-24.874667724841633
Den Helder,broken_squared,1994,5,1994,-22.52974112491314,-18.10526315789474,-36.58677310247089,-14.057031977557754,-41.738063320042386,-22.52974112491314
Den Helder,broken_squared,1995,0,1995,-20.15158213364359,-5.10526315789474,-34.26375180674786,-14.112169673104273,-40.5064218300392,-20.15158213364359
Den Helder,broken_squared,1996,-110,1996,-17.740190751032994,-32.10526315789474,-30.31458261361793,-12.574391862584935,-39.274780340036024,-17.740190751032994
Den Helder,broken_squared,1997,-62,1997,-15.295566977081336,-30.10526315789474,-24.912842667914376,-9.617275690833043,-38.04313885003284,-15.295566977081336
Den Helder,broken_squared,1998,18,1998,-12.817710811788626,-22.10526315789474,-18.392317369921837,-5.5746065581332145,-36.811497360029655,-12.817710811788626
Den Helder,broken_squared,1999,13,1999,-10.306622255154856,-21.10526315789474,-11.2093242453319,-0.9027019901770457,-35.57985587002647,-10.306622255154856
Den Helder,broken_squared,2000,11,2000,-7.762301307180046,-15.10526315789474,-3.8912059637371357,3.8710953434429074,-34.34821438002329,-7.762301307180046
Den Helder,broken_squared,2001,10,2001,-5.184747967864173,1.8947368421052602,3.0231936279073697,8.207941595771544,-33.11657289002011,-5.184747967864173
Den Helder,broken_squared,2002,-2,2002,-2.5739622372072404,14.89473684210526,9.044351670765549,11.618313907972793,-31.884931400016924,-2.5739622372072404
Den Helder,broken_squared,2003,-12,2003,0.07005588479073666,21.89473684210526,13.787321337850415,13.717265453059673,-30.65328991001374,0.07005588479073666
Den Helder,broken_squared,2004,20,2004,2.7473063981297727,4.89473684210526,17.015182825893035,14.267876427763262,-29.421648420010555,2.7473063981297727
Den Helder,broken_squared,2005,-7,2005,5.457789302809857,-1.1052631578947398,18.665785751236463,13.207996448426607,-28.190006930007378,5.457789302809857
Den Helder,broken_squared,2006,-5,2006,8.201504598831,-8.10526315789474,18.858764393567117,10.657259794736117,-26.958365440004194,8.201504598831
Den Helder,broken_squared,2007,42,2007,10.978452286193196,15.89473684210526,17.88203393968277,6.90358165348957,-25.72672395000101,10.978452286193196
Den Helder,broken_squared,2008,17,2008,13.78863236489645,-5.10526315789474,16.159291967948576,2.370659603052128,-24.495082459997825,13.78863236489645
Den Helder,broken_squared,2009,-17,2009,16.632044834940764,-9.10526315789474,14.202193453409999,-2.4298513815307574,-23.26344096999464,16.632044834940764
Den Helder,broken_squared,2010,-30,2010,19.50868969632611,-2.10526315789474,12.55259755461689,-6.956092141709225,-22.031799479991463,19.50868969632611
Den Helder,broken_squared,2011,17,2011,22.418566949052526,4.89473684210526,11.721405093915319,-10.697161855137209,-20.80015798998828,22.418566949052526
Den Helder,broken_squared,2012,2,2012,25.361676593119995,1.8947368421052602,12.130890469490113,-13.230786123629882,-19.568516499985094,25.361676593119995
Den Helder,broken_squared,2013,-27,2013,28.338018628528516,0.8947368421052602,14.067037302379983,-14.270981326148533,-18.33687500998191,28.338018628528516
Den Helder,broken_squared,2014,6,2014,31.34759305527809,5.89473684210526,17.647257947014374,-13.700335108263722,-17.105233519978725,31.34759305527809
Den Helder,broken_squared,2015,36,2015,34.39039987336873,12.89473684210526,22.807140535480542,-11.583259337888183,-15.87359202997554,34.39039987336873
Den Helder,broken_squared,2016,17,2016,37.466439082800406,36.89473684210526,29.307719486987953,-8.158719595812455,-14.641950539972363,37.466439082800406
Den Helder,broken_squared,2017,56,2017,40.57571068357314,34.89473684210526,36.76244882153134,-3.813261862041801,-13.410309049969179,40.57571068357314
Den Helder,broken_squared,2018,-11,2018,43.71821467568694,30.89473684210526,44.68083365664981,0.9626189809628727,-12.178667559965994,43.71821467568694
Den Helder,broken_squared,2019,71,2019,46.89395105914178,61.89473684210526,52.5237949686236,5.629843909481809,-10.94702606996281,46.89395105914178
Den Helder,broken_squared,2020,70,2020,50.10291983393768,56.89473684210526,59.76451830360553,9.661598469667847,-9.715384579959625,50.10291983393768
Den Helder,broken_squared,2021,42,2021,53.345121000074634,58.89473684210526,65.94791812164411,12.602797121569477,-8.483743089956448,53.345121000074634
Den Helder,broken_squared,2022,67,2022,56.62055455755264,71.89473684210526,70.74200571741906,14.121451159866425,-7.252101599953264,56.62055455755264
Den Helder,broken_squared,2023,123,2023,59.929220506371706,95.89473684210526,73.9753625477872,14.04614204141549,-6.020460109950079,59.929220506371706
Den Helder,broken_squared,2024,134,2024,63.27111884653182,112.89473684210526,75.65648915272978,12.38537030619796,-4.788818619946895,63.27111884653182
Den Helder,broken_squared,2025,85,2025,66.646249578033,106.89473684210526,75.97284565427933,9.326596076246332,-3.5571771299437103,66.646249578033
Delfzijl,linear,1891,-127,1891,-131.23824667452408,-127,-116.55550831799016,14.682738356533921,-131.23824667452408,-131.23824667452408
Delfzijl,linear,1892,-127,1892,-129.16429186164464,-127,-114.15430647985917,15.009985381785471,-129.16429186164464,-129.16429186164464
Delfzijl,linear,1893,-83,1893,-127.0903370487652,-83,-113.44736137292638,13.642975675838834,-127.0903370487652,-127.0903370487652
Delfzijl,linear,1894,-116,1894,-125.01638223588577,-116,-114.28037135485145,10.736010881034318,-125.01638223588577,-125.01638223588577
Delfzijl,linear,1895,-128,1895,-122.94242742300631,-128,-116.32521187749656,6.617215545509742,-122.94242742300631,-122.94242742300631
Delfzijl,linear,1896,-122,1896,-120.86847261012687,-122,-119.11697264653807,1.7514999635887984,-120.86847261012687,-120.86847261012687
Delfzijl,linear,1897,-122,1897,-118.79451779724744,-122,-122.10643451438314,-3.3119167171357122,-118.79451779724744,-118.79451779724744
Delfzijl,linear,1898,-65,1898,-116.72056298436797,-65,-124.72206276091201,-8.001499776544046,-116.72056298436797,-116.72056298436797
Delfzijl,linear,1899,-91,1899,-114.64660817148854,-91,-126.43451925135504,-11.787911079866507,-114.64660817148854,-114.64660817148854
Delfzijl,linear,1900,-112,1900,-112.5726533586091,-112,-126.81641164157816,-14.243758282969058,-112.5726533586091,-112.5726533586091
Delfzijl,linear,1901,-130,1901,-110.49869854572964,-130,-125.59053542079616,-15.091836875066509,-110.49869854572964,-110.49869854572964
Delfzijl,linear,1902,-161,1902,-108.4247437328502,-161,-122.66116345625717,-14.236419723406964,-108.4247437328502,-108.4247437328502
Delfzijl,linear,1903,-36,1903,-106.35078891997077,-36,-118.12485122288788,-11.774062302917116,-106.35078891997077,-106.35078891997077
Delfzijl,linear,1904,-134,1904,-104.27683410709133,-134,-112.25953807426983,-7.982703967178488,-104.27683410709133,-104.27683410709133
Delfzijl,linear,1905,-196,1905,-102.20287929421187,-196,-105.49317475234731,-3.290295458135444,-102.20287929421187,-102.20287929421187
Delfzijl,linear,1906,-115,1906,-100.12892448133243,-115,-98.35541831538946,1.7735061659429765,-100.12892448133243,-100.12892448133243
Delfzijl,linear,1907,-130,1907,-98.054969668453,-130,-91.41784693411572,6.637122734337289,-98.054969668453,-98.054969668453
Delfzijl,linear,1908,-123,1908,-95.98101485557353,-123,-85.2294428293194,10.751572026254134,-95.98101485557353,-95.98101485557353
Delfzijl,linear,1909,-76,1909,-93.9070600426941,-76,-80.25462573431119,13.652434308382901,-93.9070600426941,-93.9070600426941
Delfzijl,linear,1910,-66,1910,-91.83310522981466,-66,-76.8208313742277,15.012273855586981,-91.83310522981466,-91.83310522981466
Delfzijl,linear,1911,-54,1911,-89.7591504169352,-54,-75.08155205752875,14.677598359406444,-89.7591504169352,-89.7591504169352
Delfzijl,linear,1912,14,1912,-87.68519560405576,14,-74.99901118432125,12.686184419734525,-87.68519560405576,-87.68519560405576
Delfzijl,linear,1913,-45,1913,-85.61124079117633,-45,-76.34842729172743,9.262813499448907,-85.61124079117633,-85.61124079117633
Delfzijl,linear,1914,-40,1914,-83.53728597829686,-40,-78.7433863308621,4.79389964743477,-83.53728597829686,-83.53728597829686
Delfzijl,linear,1915,-80,1915,-81.46333116541743,-80,-81.67945827182615,-0.21612710640872113,-81.46333116541743,-81.46333116541743
Delfzijl,linear,1916,-9,1916,-79.389376352538,-9,-84.59113479896986,-5.201758446431876,-79.389376352538,-79.389376352538
Delfzijl,linear,1917,-73,1917,-77.31542153965853,-73,-86.91566123650524,-9.600239696846709,-77.31542153965853,-77.31542153965853
Delfzijl,linear,1918,-87,1918,-75.2414667267791,-87,-88.15655765617024,-12.91509092939115,-75.2414667267791,-75.2414667267791
Delfzijl,linear,1919,-112,1919,-73.16751191389966,-112,-87.93965920231658,-14.772147288416907,-73.16751191389966,-73.16751191389966
Delfzijl,linear,1920,-85,1920,-71.09355710102022,-85,-86.05535006543698,-14.961792964416762,-71.09355710102022,-71.09355710102022
Delfzijl,linear,1921,-17,1921,-69.01960228814076,-17,-82.48222393133915,-13.462621643198382,-69.01960228814076,-69.01960228814076
Delfzijl,linear,1922,-76,1922,-66.94564747526132,-76,-77.38950022546476,-10.443852750203424,-66.94564747526132,-66.94564747526132
Delfzijl,linear,1923,-52,1923,-64.87169266238189,-52,-71.11792341803125,-6.246230755649355,-64.87169266238189,-64.87169266238189
Delfzijl,linear,1924,-87,1924,-62.79773784950243,-87,-64.14130138682165,-1.3435635373192216,-62.79773784950243,-62.79773784950243
Delfzijl,linear,1925,-5,1925,-60.723783036623,-5,-57.013024206789794,3.710758829833207,-60.723783036623,-60.723783036623
Delfzijl,linear,1926,-17,1926,-58.64982822374355,-17,-50.30360007460475,8.346228149138799,-58.64982822374355,-58.64982822374355
Delfzijl,linear,1927,-43,1927,-56.57587341086411,-43,-44.53625901992589,12.039614390938219,-56.57587341086411,-56.57587341086411
Delfzijl,linear,1928,-30,1928,-54.50191859798466,-30,-40.12789315436548,14.374025443619184,-54.50191859798466,-54.50191859798466
Delfzijl,linear,1929,-69,1929,-52.42796378510521,-69,-37.3419998457616,15.085963939343614,-52.42796378510521,-52.42796378510521
Delfzijl,linear,1930,-47,1930,-50.35400897222578,-47,-36.25893937148297,14.095069600742816,-50.35400897222578,-50.35400897222578
Delfzijl,linear,1931,-17,1931,-48.28005415934633,-17,-36.76686422732625,11.51318993202007,-48.28005415934633,-48.28005415934633
Delfzijl,linear,1932,-34,1932,-46.20609934646689,-34,-38.57434394906295,7.631755397403939,-46.20609934646689,-46.20609934646689
Delfzijl,linear,1933,-79,1933,-44.13214453358744,-79,-41.24326041600795,2.8888841175794937,-44.13214453358744,-44.13214453358744
Delfzijl,linear,1934,-57,1934,-42.05818972070799,-57,-44.23826056907035,-2.180070848362356,-42.05818972070799,-42.05818972070799
Delfzijl,linear,1935,-14,1935,-39.98423490782856,-14,-46.98718455247777,-7.00294964464921,-39.98423490782856,-39.98423490782856
Delfzijl,linear,1936,-15,1936,-37.91028009494911,-15,-48.945648434032805,-11.035368339083691,-37.91028009494911,-37.91028009494911
Delfzijl,linear,1937,-52,1937,-35.83632528206967,-52,-49.65849170942576,-13.822166427356088,-35.83632528206967,-35.83632528206967
Delfzijl,linear,1938,-5,1938,-33.76237046919022,-5,-48.81115368459521,-15.048783215404987,-33.76237046919022,-33.76237046919022
Delfzijl,linear,1939,-68,1939,-31.688415656310774,-68,-46.265179611125866,-14.57676395481509,-31.688415656310774,-31.688415656310774
Delfzijl,linear,1940,-47,1940,-29.61446084343134,-47,-42.07384880869517,-12.459387965263831,-29.61446084343134,-29.61446084343134
Delfzijl,linear,1941,-99,1941,-27.54050603055189,-99,-36.476160745425695,-8.935654714873802,-27.54050603055189,-27.54050603055189
Delfzijl,linear,1942,-78,1942,-25.466551217672446,-78,-29.86985789917918,-4.403306681506736,-25.466551217672446,-25.466551217672446
Delfzijl,linear,1943,-10,1943,-23.392596404793004,-10,-22.766530452647228,0.6260659521457783,-23.392596404793004,-23.392596404793004
Delfzijl,linear,1944,21,1944,-21.31864159191356,21,-15.733870393632124,5.584771198281437,-21.31864159191356,-21.31864159191356
Delfzijl,linear,1945,22,1945,-19.24468677903412,22,-9.331593106766276,9.913093672267841,-19.24468677903412,-19.24468677903412
Delfzijl,linear,1946,-5,1946,-17.17073196615467,-5,-4.048259326775469,13.1224726393792,-17.17073196615467,-17.17073196615467
Delfzijl,linear,1947,-106,1947,-15.096777153275227,-106,-0.24612869480448474,14.850648458470742,-15.096777153275227,-15.096777153275227
Delfzijl,linear,1948,-10,1948,-13.022822340395784,-10,1.8797304103497883,14.902552750745572,-13.022822340395784,-13.022822340395784
Delfzijl,linear,1949,13,1949,-10.948867527516342,13,2.3234592756821257,13.272326803198467,-10.948867527516342,-10.948867527516342
Delfzijl,linear,1950,-21,1950,-8.8749127146369,-37.98684210526316,1.2690701580170476,10.143982872653947,-8.8749127146369,-8.8749127146369
Delfzijl,linear,1951,-47,1951,-6.800957901757457,-42.98684210526316,-0.930324156255935,5.870633745501522,-6.800957901757457,-6.800957901757457
Delfzijl,linear,1952,2,1952,-4.727003088878007,-7.9868421052631575,-3.792368065896607,0.9346350229814004,-4.727003088878007,-4.727003088878007
Delfzijl,linear,1953,-27,1953,-2.6530482759985645,-2.986842105263161,-6.759909192131591,-4.106860916133028,-2.6530482759985645,-2.6530482759985645
Delfzijl,linear,1954,-19,1954,-0.579093463119122,-39.986842105263165,-9.263887125314005,-8.684793662194883,-0.579093463119122,-0.579093463119122
Delfzijl,linear,1955,4,1955,1.4948613497603205,-5.9868421052631575,-10.78756629424201,-12.28242764400233,1.4948613497603205,1.4948613497603205
Delfzijl,linear,1956,-40,1956,3.5688161626397665,-27.986842105263158,-10.924862653193532,-14.493678815833299,3.5688161626397665,3.5688161626397665
Delfzijl,linear,1957,-20,1957,5.642770975519209,-20.986842105263158,-9.426180543881614,-15.068951519400825,5.642770975519209,5.642770975519209
Delfzijl,linear,1958,-30,1958,7.716725788398655,-24.986842105263158,-6.226585882394579,-13.943311670793234,7.716725788398655,7.716725788398655
Delfzijl,linear,1959,-63,1959,9.790680601278098,-15.986842105263158,-1.45313561395254,-11.243816215230638,9.790680601278098,9.790680601278098
Delfzijl,linear,1960,-15,1960,11.86463541415754,11.013157894736839,4.589463878986848,-7.275171535170693,11.86463541415754,11.86463541415754
Delfzijl,linear,1961,86,1961,13.938590227036986,65.01315789473684,11.453250603663452,-2.4853396233735303,13.938590227036986,13.938590227036986
Delfzijl,linear,1962,16,1962,16.01254503991643,1.0131578947368425,18.597570805163016,2.5850257652465904,16.01254503991643,16.01254503991643
Delfzijl,linear,1963,-29,1963,18.086499852795875,5.0131578947368425,25.450105425818222,7.36360557302235,18.086499852795875,18.086499852795875
Delfzijl,linear,1964,-14,1964,20.160454665675317,14.013157894736839,31.471470795427983,11.311016129752666,20.160454665675317,20.160454665675317
Delfzijl,linear,1965,0,1965,22.23440947855476,-20.98684210526316,36.216101729454635,13.981692250899872,22.23440947855476,22.23440947855476
Delfzijl,linear,1966,30,1966,24.308364291434202,26.013157894736842,39.38254483670468,15.074180545270478,24.308364291434202,24.308364291434202
Delfzijl,linear,1967,103,1967,26.38231910431365,49.01315789473684,40.84748516387119,14.465166059557545,26.38231910431365,26.38231910431365
Delfzijl,linear,1968,37,1968,28.45627391719309,55.01315789473684,40.6796654089363,12.223391491743214,28.45627391719309,28.45627391719309
Delfzijl,linear,1969,12,1969,30.530228730072537,47.01315789473684,39.13212656792639,8.601897837853858,30.530228730072537,30.530228730072537
Delfzijl,linear,1970,62,1970,32.60418354295198,51.01315789473684,36.613645854411516,4.009462311459536,32.60418354295198,32.60418354295198
Delfzijl,linear,1971,26,1971,34.67813835583142,44.01315789473684,33.64259584539825,-1.0355425104331752,34.67813835583142,34.67813835583142
Delfzijl,linear,1972,-57,1972,36.752093168710864,-3.9868421052631575,30.788433016759736,-5.963660151951125,36.752093168710864,36.752093168710864
Delfzijl,linear,1973,35,1973,38.82604798159031,4.013157894736839,28.607420167819587,-10.218627813770718,38.82604798159031,38.82604798159031
Delfzijl,linear,1974,35,1974,40.900002794469756,7.013157894736839,27.579838086247097,-13.320164708222661,40.900002794469756,40.900002794469756
Delfzijl,linear,1975,7,1975,42.9739576073492,25.013157894736842,28.055773705961673,-14.918183901387525,42.9739576073492,42.9739576073492
Delfzijl,linear,1976,-22,1976,45.04791242022864,11.013157894736842,30.21560393644979,-14.832308483778853,45.04791242022864,45.04791242022864
Delfzijl,linear,1977,15,1977,47.121867233108084,1.0131578947368425,34.04963556345259,-13.072231669655494,47.121867233108084,47.121867233108084
Delfzijl,linear,1978,15,1978,49.195822045987526,21.013157894736842,39.35919937351614,-9.836622672471382,49.195822045987526,49.195822045987526
Delfzijl,linear,1979,1,1979,51.269776858866976,18.013157894736842,45.77907500275809,-5.490701856108885,51.269776858866976,51.269776858866976
Delfzijl,linear,1980,45,1980,53.34373167174642,57.01315789473684,52.81871529812713,-0.5250163736192865,53.34373167174642,53.34373167174642
Delfzijl,linear,1981,107,1981,55.41768648462586,79.01315789473684,59.91761697865867,4.499930494032816,55.41768648462586,55.41768648462586
Delfzijl,linear,1982,79,1982,57.4916412975053,79.01315789473685,66.50858761625327,9.01694631874796,57.4916412975053,57.4916412975053
Delfzijl,linear,1983,128,1983,59.565596110384746,83.01315789473685,72.08176765600157,12.516171545616812,59.565596110384746,59.565596110384746
Delfzijl,linear,1984,31,1984,61.639550923264196,47.01315789473684,76.24218097075855,14.602630047494355,61.639550923264196,61.639550923264196
Delfzijl,linear,1985,47,1985,63.71350573614364,52.01315789473684,78.7543179133622,15.040812177218553,63.71350573614364,63.71350573614364
Delfzijl,linear,1986,19,1986,65.78746054902308,20.013157894736842,79.56871854072176,13.781257991698661,65.78746054902308,65.78746054902308
Delfzijl,linear,1987,23,1987,67.86141536190252,57.01315789473684,78.82755542015465,10.966140058252131,67.86141536190252,67.86141536190252
Delfzijl,linear,1988,111,1988,69.93537017478197,81.01315789473684,76.84858585698426,6.913215682202292,69.93537017478197,69.93537017478197
Delfzijl,linear,1989,75,1989,72.00932498766142,59.01315789473684,74.08928494065947,2.079959952998066,72.00932498766142,72.00932498766142
Delfzijl,linear,1990,124,1990,74.08327980054085,54.01315789473685,71.09520790288249,-2.9880718976583474,74.08327980054085,74.08327980054085
Delfzijl,linear,1991,9,1991,76.1572346134203,20.013157894736842,68.43841040250304,-7.718824210917266,76.1572346134203,76.1572346134203
Delfzijl,linear,1992,57,1992,78.23118942629975,50.01315789473684,66.65287756652171,-11.578311859778038,78.23118942629975,78.23118942629975
Delfzijl,linear,1993,54,1993,80.30514423917919,62.01315789473684,66.17425025412236,-14.130893985056828,80.30514423917919,80.30514423917919
Delfzijl,linear,1994,93,1994,82.37909905205862,70.01315789473684,67.29065196027776,-15.088447091780854,82.37909905205862,82.37909905205862
Delfzijl,linear,1995,106,1995,84.45305386493808,95.01315789473685,70.11016678735595,-14.342887077582144,84.45305386493808,84.45305386493808
Delfzijl,linear,1996,-37,1996,86.52700867781752,44.01315789473685,74.54863941871668,-11.978369259100845,86.52700867781752,86.52700867781752
Delfzijl,linear,1997,39,1997,88.60096349069696,65.01315789473684,80.33917417604297,-8.261789314653992,88.60096349069696,88.60096349069696
Delfzijl,linear,1998,131,1998,90.6749183035764,94.01315789473685,87.06226095137987,-3.612657352196535,90.6749183035764,90.6749183035764
Delfzijl,linear,1999,123,1999,92.74887311645585,90.01315789473685,94.19312754000691,1.444254423551044,92.74887311645585,92.74887311645585
Delfzijl,linear,2000,117,2000,94.82282792933529,96.01315789473684,101.16097346496065,6.338145535625371,94.82282792933529,94.82282792933529
Delfzijl,linear,2001,126,2001,96.89678274221473,122.01315789473685,107.41339925698892,10.516616514774187,96.89678274221473,96.89678274221473
Delfzijl,linear,2002,106,2002,98.97073755509419,127.01315789473684,112.4787587150814,13.50802115998721,98.97073755509419,98.97073755509419
Delfzijl,linear,2003,86,2003,101.04469236797362,113.01315789473684,116.01939611693201,14.974703748958387,101.04469236797362,101.04469236797362
Delfzijl,linear,2004,116,2004,103.11864718085306,99.01315789473685,117.86975921277573,14.75111203192265,103.11864718085306,103.11864718085306
Delfzijl,linear,2005,81,2005,105.19260199373252,84.01315789473685,118.05508598666066,12.862483992928112,105.19260199373252,105.19260199373252
Delfzijl,linear,2006,80,2006,107.26655680661196,76.01315789473685,116.78855591121163,9.521999104599658,107.26655680661196,107.26655680661196
Delfzijl,linear,2007,155,2007,109.3405116194914,119.01315789473685,114.44722724888268,5.106715629391276,109.3405116194914,109.3405116194914
Delfzijl,linear,2008,117,2008,111.41446643237086,93.01315789473684,111.52947648424377,0.11501005187292002,111.41446643237086,111.41446643237086
Delfzijl,linear,2009,81,2009,113.4884212452503,93.01315789473685,108.59874392451414,-4.889677320736164,113.4884212452503,113.4884212452503
Delfzijl,linear,2010,67,2010,115.56237605812973,101.01315789473685,106.2199352010393,-9.342440857090414,115.56237605812973,115.56237605812973
Delfzijl,linear,2011,122,2011,117.63633087100916,105.01315789473685,104.89565737185535,-12.740673499153825,117.63633087100916,117.63633087100916
Delfzijl,linear,2012,106,2012,119.71028568388863,104.01315789473685,105.00948699493674,-14.700798688951897,119.71028568388863,119.71028568388863
Delfzijl,linear,2013,82,2013,121.78424049676806,111.01315789473684,106.78267380586524,-15.001566690902823,121.78424049676806,121.78424049676806
Delfzijl,linear,2014,126,2014,123.8581953096475,133.01315789473685,110.24916708566101,-13.609028223986495,123.8581953096475,123.8581953096475
Delfzijl,linear,2015,179,2015,125.93215012252696,143.01315789473685,115.25178362521265,-10.680366497314335,125.93215012252696,125.93215012252696
Delfzijl,linear,2016,144,2016,128.0061049354064,167.01315789473685,121.45994982850317,-6.546155106903229,128.0061049354064,128.0061049354064
Delfzijl,linear,2017,202,2017,130.08005974828583,173.01315789473685,128.40701530925716,-1.6730444390286552,130.08005974828583,130.08005974828583
Delfzijl,linear,2018,105,2018,132.15401456116527,148.01315789473685,135.54292619727303,3.3889116361077636,132.15401456116527,132.15401456116527
Delfzijl,linear,2019,195,2019,134.22796937404473,187.01315789473685,142.29631263873756,8.068343264692828,134.22796937404473,134.22796937404473
Delfzijl,linear,2020,205,2020,136.30192418692417,192.01315789473685,148.13898234476727,11.83705815784312,136.30192418692417,136.30192418692417
Delfzijl,linear,2021,182,2021,138.3758789998036,199.01315789473685,152.64554045898652,14.269661459182899,138.3758789998036,138.3758789998036
Delfzijl,linear,2022,165,2022,140.44983381268307,163.01315789473685,155.54140613319325,15.091572320510187,140.44983381268307,140.44983381268307
Delfzijl,linear,2023,223,2023,142.5237886255625,199.01315789473685,156.73380592532013,14.210017299757636,142.5237886255625,142.5237886255625
Delfzijl,linear,2024,218,2024,144.59774343844194,204.01315789473685,156.32224563033245,11.72450219189052,144.59774343844194,144.59774343844194
Delfzijl,linear,2025,183,2025,146.6716982513214,203.01315789473685,154.58727853291953,7.915580281598124,146.6716982513214,146.6716982513214
Delfzijl,broken_linear,1891,-127,1891,-119.20255755326635,-127,-106.61063974130822,12.591917811958123,-119.20255755326635,-328.7527546322266
Delfzijl,broken_linear,1892,-127,1892,-117.42725491025872,-127,-104.52855185920862,12.89870305105011,-117.42725491025872,-324.9230382923664
Delfzijl,broken_linear,1893,-83,1893,-115.65195226725108,-83,-103.90240906380357,11.749543203447502,-115.65195226725108,-321.09332195250624
Delfzijl,broken_linear,1894,-116,1894,-113.87664962424343,-116,-104.6024995827295,9.274150041513927,-113.87664962424343,-317.263605612646
Delfzijl,broken_linear,1895,-128,1895,-112.10134698123578,-128,-106.34941264906738,5.7519343321684016,-112.10134698123578,-313.43388927278585
Delfzijl,broken_linear,1896,-122,1896,-110.32604433822813,-122,-108.74557707786907,1.5804672603590582,-110.32604433822813,-309.6041729329256
Delfzijl,broken_linear,1897,-122,1897,-108.55074169522048,-122,-111.32013723632627,-2.769395541105808,-108.55074169522048,-305.77445659306545
Delfzijl,broken_linear,1898,-65,1898,-106.77543905221285,-65,-113.58210101860296,-6.806661966390108,-106.77543905221285,-301.9447402532052
Delfzijl,broken_linear,1899,-91,1899,-105.00013640920521,-91,-115.07576073127397,-10.07562432206876,-105.00013640920521,-298.11502391334506
Delfzijl,broken_linear,1900,-112,1900,-103.22483376619756,-112,-115.43213123982595,-12.207297473628385,-103.22483376619756,-294.28530757348483
Delfzijl,broken_linear,1901,-130,1901,-101.44953112318991,-130,-114.41059927956331,-12.9610681563734,-101.44953112318991,-290.45559123362466
Delfzijl,broken_linear,1902,-161,1902,-99.67422848018228,-161,-111.92608275210041,-12.251854271918134,-99.67422848018228,-286.6258748937645
Delfzijl,broken_linear,1903,-36,1903,-97.89892583717463,-36,-108.05863439346821,-10.159708556293578,-97.89892583717463,-282.79615855390426
Delfzijl,broken_linear,1904,-134,1904,-96.12362319416698,-134,-103.04440579683525,-6.920782602668264,-96.12362319416698,-278.96644221404404
Delfzijl,broken_linear,1905,-196,1905,-94.34832055115935,-196,-97.24899172856561,-2.900671177406257,-94.34832055115935,-275.13672587418387
Delfzijl,broken_linear,1906,-115,1906,-92.5730179081517,-115,-91.1261635061638,1.446854401987891,-92.5730179081517,-271.3070095343237
Delfzijl,broken_linear,1907,-130,1907,-90.79771526514405,-130,-85.16664942080351,5.631065844340547,-90.79771526514405,-267.47729319446347
Delfzijl,broken_linear,1908,-123,1908,-89.02241262213641,-123,-79.84274363005028,9.17966899208614,-89.02241262213641,-263.6475768546033
Delfzijl,broken_linear,1909,-76,1909,-87.24710997912877,-76,-75.55499580910337,11.692114170025388,-87.24710997912877,-259.8178605147431
Delfzijl,broken_linear,1910,-66,1910,-85.47180733612112,-66,-72.58699898262059,12.88480835350053,-85.47180733612112,-255.98814417488288
Delfzijl,broken_linear,1911,-54,1911,-83.69650469311348,-54,-71.07337887455937,12.62312581855411,-83.69650469311348,-252.15842783502268
Delfzijl,broken_linear,1912,14,1912,-81.92120205010583,14,-70.98459798804726,10.936604062058576,-81.92120205010583,-248.3287114951625
Delfzijl,broken_linear,1913,-45,1913,-80.14589940709818,-45,-72.130289659455,8.01560974764317,-80.14589940709818,-244.49899515530228
Delfzijl,broken_linear,1914,-40,1914,-78.37059676409055,-40,-74.18074575428997,4.189851009800568,-78.37059676409055,-240.6692788154421
Delfzijl,broken_linear,1915,-80,1915,-76.5952941210829,-80,-76.70413257460623,-0.10883845352332733,-76.5952941210829,-236.83956247558191
Delfzijl,broken_linear,1916,-9,1916,-74.81999147807525,-9,-79.21523422089976,-4.395242742824496,-74.81999147807525,-233.00984613572172
Delfzijl,broken_linear,1917,-73,1917,-73.04468883506762,-73,-81.2302214864746,-8.18553265140698,-73.04468883506762,-229.18012979586155
Delfzijl,broken_linear,1918,-87,1918,-71.26938619205997,-87,-82.32126422843132,-11.051878036371344,-71.26938619205997,-225.35041345600132
Delfzijl,broken_linear,1919,-112,1919,-69.49408354905232,-112,-82.16482282705064,-12.670739277998324,-69.49408354905232,-221.52069711614115
Delfzijl,broken_linear,1920,-85,1920,-67.71878090604469,-85,-80.57816782019528,-12.859386914150592,-67.71878090604469,-217.69098077628095
Delfzijl,broken_linear,1921,-17,1921,-65.94347826303704,-17,-77.54000554772857,-11.596527284691534,-65.94347826303704,-213.86126443642075
Delfzijl,broken_linear,1922,-76,1922,-64.1681756200294,-76,-73.19288167997252,-9.024706059943115,-64.1681756200294,-210.03154809656058
Delfzijl,broken_linear,1923,-52,1923,-62.39287297702175,-52,-67.82709133118856,-5.434218354166798,-62.39287297702175,-206.20183175670036
Delfzijl,broken_linear,1924,-87,1924,-60.617570334014104,-87,-61.84791190898678,-1.2303415749726798,-60.617570334014104,-202.37211541684013
Delfzijl,broken_linear,1925,-5,1925,-58.84226769100647,-5,-55.72985730189647,3.112410389110002,-58.84226769100647,-198.54239907697996
Delfzijl,broken_linear,1926,-17,1926,-57.06696504799882,-17,-49.963116977789994,7.1038480702088265,-57.06696504799882,-194.71268273711976
Delfzijl,broken_linear,1927,-43,1927,-55.29166240499117,-43,-44.99822569645252,10.29343670853865,-55.29166240499117,-190.88296639725957
Delfzijl,broken_linear,1928,-30,1928,-53.51635976198354,-30,-41.195209259561395,12.32115050242214,-53.51635976198354,-187.0532500573994
Delfzijl,broken_linear,1929,-69,1929,-51.74105711897589,-69,-38.78294648723854,12.958110631737348,-51.74105711897589,-183.22353371753917
Delfzijl,broken_linear,1930,-47,1930,-49.96575447596824,-47,-37.83333445061015,12.132420025358089,-49.96575447596824,-179.393817377679
Delfzijl,broken_linear,1931,-17,1931,-48.190451832960605,-17,-38.25317306771996,9.937278765240642,-48.190451832960605,-175.5641010378188
Delfzijl,broken_linear,1932,-34,1932,-46.415149189952956,-34,-39.79468509153622,6.620464098416732,-46.415149189952956,-171.7343846979586
Delfzijl,broken_linear,1933,-79,1933,-44.63984654694531,-79,-42.083484043160546,2.556362503784758,-44.63984654694531,-167.90466835809838
Delfzijl,broken_linear,1934,-57,1934,-42.864543903937665,-57,-44.660833201147916,-1.7962892972102482,-42.864543903937665,-164.0749520182382
Delfzijl,broken_linear,1935,-14,1935,-41.089241260930024,-14,-47.03542565047977,-5.9461843895497495,-41.089241260930024,-160.245235678378
Delfzijl,broken_linear,1936,-15,1936,-39.31393861792238,-15,-48.73884070218636,-9.424902084263978,-39.31393861792238,-156.4155193385178
Delfzijl,broken_linear,1937,-52,1937,-37.53863597491473,-52,-49.37841702314207,-11.839781048227332,-37.53863597491473,-152.5858029986576
Delfzijl,broken_linear,1938,-5,1938,-35.76333333190709,-5,-48.68157440519499,-12.918241073287907,-35.76333333190709,-148.75608665879741
Delfzijl,broken_linear,1939,-68,1939,-33.98803068889945,-68,-46.526581340264926,-12.538550651365474,-33.98803068889945,-144.92637031893722
Delfzijl,broken_linear,1940,-47,1940,-32.2127280458918,-47,-42.956295501877236,-10.743567455985438,-32.2127280458918,-141.09665397907702
Delfzijl,broken_linear,1941,-99,1941,-30.43742540288416,-99,-38.17332617204037,-7.735900769156206,-30.43742540288416,-137.26693763921685
Delfzijl,broken_linear,1942,-78,1942,-28.662122759876517,-78,-32.51716465602527,-3.8550418961487547,-28.662122759876517,-133.43722129935665
Delfzijl,broken_linear,1943,-10,1943,-26.88682011686887,-10,-26.425864096535378,0.46095602033348815,-26.88682011686887,-129.60750495949645
Delfzijl,broken_linear,1944,21,1944,-25.111517473861227,21,-20.386594090065493,4.724923383795735,-25.111517473861227,-125.77778861963625
Delfzijl,broken_linear,1945,22,1945,-23.336214830853585,22,-14.880651268384579,8.455563562469008,-23.336214830853585,-121.94807227977606
Delfzijl,broken_linear,1946,-5,1946,-21.560912187845943,-5,-10.329132792724137,11.231779395121807,-21.560912187845943,-118.11835593991586
Delfzijl,broken_linear,1947,-106,1947,-19.785609544838294,-106,-7.045404881777381,12.740204663060915,-19.785609544838294,-114.28863960005566
Delfzijl,broken_linear,1948,-10,1948,-18.010306901830653,-10,-5.199731503077343,12.81057539875331,-18.010306901830653,-110.45892326019546
Delfzijl,broken_linear,1949,13,1949,-16.23500425882301,13,-4.800055775127699,11.434948483695312,-16.23500425882301,-106.62920692033528
Delfzijl,broken_linear,1950,-21,1950,-14.459701615815362,-37.98684210526316,-5.69110338545093,8.768598230364432,-14.459701615815362,-102.79949058047508
Delfzijl,broken_linear,1951,-47,1951,-12.68439897280772,-42.98684210526316,-7.571909226518045,5.1124897462896755,-12.68439897280772,-98.9697742406149
Delfzijl,broken_linear,1952,2,1952,-10.909096329800075,-7.9868421052631575,-10.029788925121627,0.8793074046784488,-10.909096329800075,-95.14005790075468
Delfzijl,broken_linear,1953,-27,1953,-9.133793686792433,-2.986842105263161,-12.586920718332617,-3.453127031540182,-9.133793686792433,-91.31034156089449
Delfzijl,broken_linear,1954,-19,1954,-7.358491043784788,-39.986842105263165,-14.754279732419596,-7.395788688634807,-7.358491043784788,-87.4806252210343
Delfzijl,broken_linear,1955,4,1955,-5.583188400777143,-5.9868421052631575,-16.086836816356502,-10.50364841557936,-5.583188400777143,-83.6509088811741
Delfzijl,broken_linear,1956,-40,1956,-3.807885757769501,-27.986842105263158,-16.23379134455544,-12.425905586785937,-3.807885757769501,-79.8211925413139
Delfzijl,broken_linear,1957,-20,1957,-2.032583114761856,-20.986842105263158,-14.978167945717049,-12.945584830955193,-2.032583114761856,-75.99147620145371
Delfzijl,broken_linear,1958,-30,1958,-0.2572804717542141,-24.986842105263158,-12.261307664812232,-12.004027193058018,-0.2572804717542141,-72.16175986159351
Delfzijl,broken_linear,1959,-63,1959,1.5180221712534312,-15.986842105263158,-8.189489110729838,-9.707511281983269,1.5180221712534312,-68.33204352173331
Delfzijl,broken_linear,1960,-15,1960,3.2933248142610765,11.013157894736839,-3.021932225506852,-6.315257039767928,3.2933248142610765,-64.50232718187311
Delfzijl,broken_linear,1961,86,1961,5.06862745726872,65.01315789473684,2.8584612466096573,-2.210166210659064,5.06862745726872,-60.67261084201293
Delfzijl,broken_linear,1962,16,1962,6.8439301002763635,1.0131578947368425,8.988327911686088,2.144397811409725,6.8439301002763635,-56.84289450215273
Delfzijl,broken_linear,1963,-29,1963,8.619232743284007,5.0131578947368425,14.876145012160258,6.256912268876253,8.619232743284007,-53.01317816229253
Delfzijl,broken_linear,1964,-14,1964,10.39453538629165,14.013157894736839,20.05771120975719,9.66317582346554,10.39453538629165,-49.18346182243234
Delfzijl,broken_linear,1965,0,1965,12.169838029299296,-20.98684210526316,24.148543454773122,11.978705425473821,12.169838029299296,-45.35374548257215
Delfzijl,broken_linear,1966,30,1966,13.94514067230694,26.013157894736842,26.8872756289404,12.94213495663346,13.94514067230694,-41.524029142711946
Delfzijl,broken_linear,1967,103,1967,15.720443315314583,49.01315789473684,28.165160326669756,12.444717011355168,15.720443315314583,-37.694312802851755
Delfzijl,broken_linear,1968,37,1968,17.495745958322228,55.01315789473684,28.038343752009393,10.542597793687165,17.495745958322228,-33.86459646299156
Delfzijl,broken_linear,1969,12,1969,19.27104860132987,47.01315789473684,26.721528198539573,7.450479597209707,19.27104860132987,-30.03488012313137
Delfzijl,broken_linear,1970,62,1970,21.046351244337515,51.01315789473684,24.563737461739784,3.5173862174022728,21.046351244337515,-26.205163783271168
Delfzijl,broken_linear,1971,26,1971,22.82165388734516,44.01315789473684,22.008920670385066,-0.8127332169600945,22.82165388734516,-22.375447443410973
Delfzijl,broken_linear,1972,-57,1972,24.596956530352802,-3.9868421052631575,19.545841391658037,-5.051115138694771,24.596956530352802,-18.545731103550782
Delfzijl,broken_linear,1973,35,1973,26.372259173360447,4.013157894736839,17.652908292698474,-8.719350880661972,26.372259173360447,-14.71601476369058
Delfzijl,broken_linear,1974,35,1974,28.14756181636809,7.013157894736839,16.744174614690184,-11.403387201677898,28.14756181636809,-10.88629842383039
Delfzijl,broken_linear,1975,7,1975,29.922864459375734,25.013157894736842,17.12260178550905,-12.800262673866682,29.922864459375734,-7.056582083970195
Delfzijl,broken_linear,1976,-22,1976,31.69816710238338,11.013157894736842,18.945862555074815,-12.752304547308565,31.69816710238338,-3.2268657441099933
Delfzijl,broken_linear,1977,15,1977,33.47346974539102,1.0131578947368425,22.208543635055072,-11.264926110335953,33.47346974539102,0.6028505957501977
Delfzijl,broken_linear,1978,15,1978,35.24877238839866,21.013157894736842,26.742756725456015,-8.506015662942646,35.24877238839866,4.432566935610392
Delfzijl,broken_linear,1979,1,1979,37.02407503140631,18.013157894736842,32.23708895828504,-4.786986073121273,37.02407503140631,8.26228327547059
Delfzijl,broken_linear,1980,45,1980,38.799377674413954,57.01315789473684,38.2717537211097,-0.5276239533042579,38.799377674413954,12.091999615330785
Delfzijl,broken_linear,1981,107,1981,40.574680317421596,79.01315789473684,44.36597420045835,3.7912938830367553,40.574680317421596,15.921715955190976
Delfzijl,broken_linear,1982,79,1982,42.349982960429244,79.01315789473685,50.03225121298125,7.682268252552007,42.349982960429244,19.751432295051178
Delfzijl,broken_linear,1983,128,1983,44.125285603436886,83.01315789473685,54.83138982618558,10.706104222748698,44.125285603436886,23.581148634911372
Delfzijl,broken_linear,1984,31,1984,45.90058824644453,47.01315789473684,58.422073621951334,12.521485375506806,45.90058824644453,27.410864974771563
Delfzijl,broken_linear,1985,47,1985,47.67589088945218,52.01315789473684,60.599390892537414,12.923500003085238,47.67589088945218,31.240581314631765
Delfzijl,broken_linear,1986,19,1986,49.45119353245982,20.013157894736842,61.317964112816995,11.866770580357178,49.45119353245982,35.07029765449196
Delfzijl,broken_linear,1987,23,1987,51.22649617546746,57.01315789473684,60.697071942427215,9.470575766959753,51.22649617546746,38.90001399435215
Delfzijl,broken_linear,1988,111,1988,53.00179881847511,81.01315789473684,59.00718561025997,6.00538679178486,53.00179881847511,42.72973033421235
Delfzijl,broken_linear,1989,75,1989,54.77710146148275,59.01315789473684,56.63943939104865,1.8623379295658933,54.77710146148275,46.55944667407255
Delfzijl,broken_linear,1990,124,1990,56.55240410449039,54.01315789473685,54.06148120342584,-2.490922901064556,56.55240410449039,50.38916301393274
Delfzijl,broken_linear,1991,9,1991,58.32770674749804,20.013157894736842,51.76468670681806,-6.563020040679984,58.32770674749804,54.218879353792936
Delfzijl,broken_linear,1992,57,1992,60.10300939050568,50.01315789473684,50.20869512227735,-9.894314268228337,60.10300939050568,58.048595693653134
Delfzijl,broken_linear,1993,54,1993,61.878312033513325,62.01315789473684,49.769527313586416,-12.108784719926906,61.878312033513325,61.878312033513325
Delfzijl,broken_linear,1994,93,1994,65.70802837337352,70.01315789473684,52.75155601309318,-12.956472360280346,63.653614676520974,65.70802837337352
Delfzijl,broken_linear,1995,106,1995,69.5377447132337,95.01315789473685,57.196050527898215,-12.341694185335507,65.42891731952861,69.5377447132337
Delfzijl,broken_linear,1996,-37,1996,73.3674610530939,44.01315789473685,63.03361758181899,-10.333843471274912,67.20421996253626,73.3674610530939
Delfzijl,broken_linear,1997,39,1997,77.19717739295412,65.01315789473684,70.03762040599723,-7.159556986956885,68.9795226055439,77.19717739295412
Delfzijl,broken_linear,1998,131,1998,81.02689373281432,94.01315789473685,77.84976043411095,-3.1771332987033714,70.75482524855155,81.02689373281432
Delfzijl,broken_linear,1999,123,1999,84.8566100726745,90.01315789473685,86.02052036359873,1.1639102909242296,72.53012789155919,84.8566100726745
Delfzijl,broken_linear,2000,117,2000,88.68632641253468,96.01315789473684,94.05990355988179,5.373577147347113,74.30543053456682,88.68632641253468
Delfzijl,broken_linear,2001,126,2001,92.51604275239488,122.01315789473685,101.49274257767732,8.976699825282425,76.08073317757447,92.51604275239488
Delfzijl,broken_linear,2002,106,2002,96.3457590922551,127.01315789473684,107.91233383299426,11.566574740739172,77.85603582058212,96.3457590922551
Delfzijl,broken_linear,2003,86,2003,100.17547543211529,113.01315789473684,113.02634439566211,12.850868963546818,79.63133846358977,100.17547543211529
Delfzijl,broken_linear,2004,116,2004,104.00519177197549,99.01315789473685,116.68980915902117,12.684617387045689,81.40664110659742,104.00519177197549
Delfzijl,broken_linear,2005,81,2005,107.83490811183567,84.01315789473685,118.92149382106484,11.086585709229151,83.18194374960505,107.83490811183567
Delfzijl,broken_linear,2006,80,2006,111.66462445169586,76.01315789473685,119.90177670048845,8.23715224879258,84.95724639261269,111.66462445169586
Delfzijl,broken_linear,2007,155,2007,115.49434079155606,119.01315789473685,119.95228847831214,4.45794768675609,86.73254903562034,115.49434079155606
Delfzijl,broken_linear,2008,117,2008,119.32405713141625,93.01315789473684,119.49960803552376,0.1755509041075154,88.50785167862799,119.32405713141625
Delfzijl,broken_linear,2009,81,2009,123.15377347127645,93.01315789473685,119.02711223026921,-4.126661241007236,90.28315432163564,123.15377347127645
Delfzijl,broken_linear,2010,67,2010,126.98348981113665,101.01315789473685,119.02041458584665,-7.963075225289989,92.05845696464327,126.98348981113665
Delfzijl,broken_linear,2011,122,2011,130.81320615099685,105.01315789473685,119.91255151443156,-10.900654636565285,93.83375960765092,130.81320615099685
Delfzijl,broken_linear,2012,106,2012,134.64292249085705,104.01315789473685,122.03510319844182,-12.607819292415256,95.60906225065857,134.64292249085705
Delfzijl,broken_linear,2013,82,2013,138.47263883071724,111.01315789473684,125.5807663751405,-12.891872455576749,97.3843648936662,138.47263883071724
Delfzijl,broken_linear,2014,126,2014,142.30235517057744,133.01315789473685,130.58160363296219,-11.720751537615257,99.15966753667385,142.30235517057744
Delfzijl,broken_linear,2015,179,2015,146.13207151043764,143.01315789473685,136.90542433695057,-9.226647173487052,100.9349701796815,146.13207151043764
Delfzijl,broken_linear,2016,144,2016,149.9617878502978,167.01315789473685,144.27070568746566,-5.691082162832135,102.71027282268913,149.9617878502978
Delfzijl,broken_linear,2017,202,2017,153.79150419015804,173.01315789473685,152.27836969305528,-1.5131344971027347,104.48557546569678,153.79150419015804
Delfzijl,broken_linear,2018,105,2018,157.6212205300182,148.01315789473685,160.4568292218727,2.835608691854499,106.26087810870443,157.6212205300182
Delfzijl,broken_linear,2019,195,2019,161.4509368698784,187.01315789473685,168.31521854468923,6.864281674810835,108.03618075171207,161.4509368698784
Delfzijl,broken_linear,2020,205,2020,165.2806532097386,192.01315789473685,175.39879995553397,10.118146745795363,109.81148339471972,165.2806532097386
Delfzijl,broken_linear,2021,182,2021,169.1103695495988,199.01315789473685,181.3402924305615,12.22992288096272,111.58678603772735,169.1103695495988
Delfzijl,broken_linear,2022,165,2022,172.940085889459,163.01315789473685,185.90132858694068,12.961242697481685,113.362088680735,172.940085889459
Delfzijl,broken_linear,2023,223,2023,176.7698022293192,199.01315789473685,188.99936047473813,12.229558245418907,115.13739132374265,176.7698022293192
Delfzijl,broken_linear,2024,218,2024,180.5995185691794,204.01315789473685,190.71697720223665,10.117458633057254,116.91269396675028,180.5995185691794
Delfzijl,broken_linear,2025,183,2025,184.42923490903956,203.01315789473685,191.29258266485556,6.863347755816013,118.68799660975793,184.42923490903956
Delfzijl,broken_squared,1891,-127,1891,-116.03169528571048,-127,-103.0399831241824,12.991712161528092,-116.03169528571048,-32.98608613291408
Delfzijl,broken_squared,1892,-127,1892,-114.3645122334538,-127,-101.16298341367207,13.201528819781737,-114.3645122334538,-33.70857929446396
Delfzijl,broken_squared,1893,-83,1893,-112.69732918119708,-83,-100.77611034193671,11.92121883926037,-112.69732918119708,-34.39618667187065
Delfzijl,broken_squared,1894,-116,1894,-111.03014612894036,-116,-101.73484852489405,9.295297604046304,-111.03014612894036,-35.04890826513419
Delfzijl,broken_squared,1895,-128,1895,-109.36296307668366,-128,-103.74279629290915,5.6201667837745095,-109.36296307668366,-35.66674407425458
Delfzijl,broken_squared,1896,-122,1896,-107.69578002442695,-122,-106.38512212070711,1.3106579037198394,-107.69578002442695,-36.2496940992318
Delfzijl,broken_squared,1897,-122,1897,-106.02859697217023,-122,-109.17538886378209,-3.1467918916118554,-106.02859697217023,-36.797758340065855
Delfzijl,broken_squared,1898,-65,1898,-104.36141391991353,-65,-111.61046050117007,-7.249046581256529,-104.36141391991353,-37.310936796756764
Delfzijl,broken_squared,1899,-91,1899,-102.69423086765683,-91,-113.22729376905455,-10.533062901397738,-102.69423086765683,-37.7892294693045
Delfzijl,broken_squared,1900,-112,1900,-101.02704781540011,-112,-113.65520431203869,-12.628156496638589,-101.02704781540011,-38.23263635770906
Delfzijl,broken_squared,1901,-130,1901,-99.3598647631434,-130,-112.65770779413276,-13.29784303098936,-99.3598647631434,-38.64115746197047
Delfzijl,broken_squared,1902,-161,1902,-97.6926817108867,-161,-110.15921314114468,-12.46653143025797,-97.6926817108867,-39.01479278208874
Delfzijl,broken_squared,1903,-36,1903,-96.02549865862999,-36,-106.25355490650249,-10.228056247872498,-96.02549865862999,-39.353542318063816
Delfzijl,broken_squared,1904,-134,1904,-94.35831560637328,-134,-101.19340166708437,-6.835086060711084,-94.35831560637328,-39.65740606989574
Delfzijl,broken_squared,1905,-196,1905,-92.69113255411656,-196,-95.36173597964404,-2.670603425527479,-92.69113255411656,-39.926384037584505
Delfzijl,broken_squared,1906,-115,1906,-91.02394950185986,-115,-89.22862510655075,1.7953243953091054,-91.02394950185986,-40.16047622113011
Delfzijl,broken_squared,1907,-130,1907,-89.35676644960316,-130,-83.29816202851315,6.058604421090015,-89.35676644960316,-40.35968262053256
Delfzijl,broken_squared,1908,-123,1908,-87.68958339734644,-123,-78.0515657938473,9.6380176034991365,-87.68958339734644,-40.52400323579183
Delfzijl,broken_squared,1909,-76,1909,-86.02240034508974,-76,-73.89286376992142,12.129536575168318,-86.02240034508974,-40.65343806690795
Delfzijl,broken_squared,1910,-66,1910,-84.35521729283302,-66,-71.10328692940385,13.25193036342917,-84.35521729283302,-40.7479871138809
Delfzijl,broken_squared,1911,-54,1911,-82.68803424057631,-54,-69.80952581745156,12.87850842312476,-82.68803424057631,-40.8076503767107
Delfzijl,broken_squared,1912,14,1912,-81.02085118831961,14,-69.96943031733585,11.051420870983753,-81.02085118831961,-40.83242785539734
Delfzijl,broken_squared,1913,-45,1913,-79.3536681360629,-45,-71.3767673578734,7.976900778189497,-79.3536681360629,-40.82231954994081
Delfzijl,broken_squared,1914,-40,1914,-77.68648508380619,-40,-73.68449953496767,4.001985548838519,-77.68648508380619,-40.77732546034112
Delfzijl,broken_squared,1915,-80,1915,-76.01930203154949,-80,-76.44395706567254,-0.4246550341230457,-76.01930203154949,-40.69744558659827
Delfzijl,broken_squared,1916,-9,1916,-74.35211897929277,-9,-79.1554815283764,-4.803362549083632,-74.35211897929277,-40.582679928712245
Delfzijl,broken_squared,1917,-73,1917,-72.68493592703607,-73,-81.3248249613075,-8.639889034271432,-72.68493592703607,-40.43302848668308
Delfzijl,broken_squared,1918,-87,1918,-71.01775287477936,-87,-82.51893825371607,-11.50118537893671,-71.01775287477936,-40.24849126051075
Delfzijl,broken_squared,1919,-112,1919,-69.35056982252264,-112,-82.41485169786445,-13.064281875341807,-69.35056982252264,-40.02906825019524
Delfzijl,broken_squared,1920,-85,1920,-67.68338677026594,-85,-80.83613029443809,-13.152743524172147,-67.68338677026594,-39.774759455736586
Delfzijl,broken_squared,1921,-17,1921,-66.01620371800922,-17,-77.77278890753101,-11.756585189521788,-66.01620371800922,-39.485564877134756
Delfzijl,broken_squared,1922,-76,1922,-64.34902066575252,-76,-73.38241933994209,-9.03339867418957,-64.34902066575252,-39.16148451438978
Delfzijl,broken_squared,1923,-52,1923,-62.68183761349581,-52,-67.97240210981015,-5.29056449631434,-62.68183761349581,-38.802518367501634
Delfzijl,broken_squared,1924,-87,1924,-61.01465456123909,-87,-61.96521077978892,-0.9505562185498273,-61.01465456123909,-38.40866643647031
Delfzijl,broken_squared,1925,-5,1925,-59.34747150898239,-5,-55.85072512331124,3.4967463856711456,-59.34747150898239,-37.97992872129585
Delfzijl,broken_squared,1926,-17,1926,-57.68028845672567,-17,-50.13093579401351,7.549352662712158,-57.68028845672567,-37.516305221978214
Delfzijl,broken_squared,1927,-43,1927,-56.013105404468966,-43,-45.26328197582103,10.749823428647936,-56.013105404468966,-37.01779593851742
Delfzijl,broken_squared,1928,-30,1928,-54.34592235221226,-30,-41.609017793922234,12.736904558290021,-54.34592235221226,-36.484400870913476
Delfzijl,broken_squared,1929,-69,1929,-52.678739299955545,-69,-39.3924356439259,13.286303656029643,-52.678739299955545,-35.91612001916636
Delfzijl,broken_squared,1930,-47,1930,-51.01155624769884,-47,-38.67554911850277,12.336007129196071,-51.01155624769884,-35.31295338327608
Delfzijl,broken_squared,1931,-17,1931,-49.34437319544214,-17,-39.351093203978955,9.993279991463183,-49.34437319544214,-34.67490096324265
Delfzijl,broken_squared,1932,-34,1932,-47.67719014318542,-34,-41.154631851850255,6.522558291335164,-47.67719014318542,-34.00196275906603
Delfzijl,broken_squared,1933,-79,1933,-46.01000709092872,-79,-43.694406279347135,2.3156008115815845,-46.01000709092872,-33.29413877074628
Delfzijl,broken_squared,1934,-57,1934,-44.342824038672006,-57,-46.49555486291422,-2.1527308242422074,-44.342824038672006,-32.551428998283356
Delfzijl,broken_squared,1935,-14,1935,-42.675640986415296,-14,-49.05371329048444,-6.378072304069148,-42.675640986415296,-31.77383344167727
Delfzijl,broken_squared,1936,-15,1936,-41.00845793415859,-15,-50.89194483882194,-9.883486904663352,-41.00845793415859,-30.961352100928025
Delfzijl,broken_squared,1937,-52,1937,-39.34127488190188,-52,-51.61457475331275,-12.273299871410867,-39.34127488190188,-30.113984976035614
Delfzijl,broken_squared,1938,-5,1938,-37.67409182964517,-5,-50.95185215797464,-13.27776032832947,-37.67409182964517,-29.23173206700004
Delfzijl,broken_squared,1939,-68,1939,-36.00690877738846,-68,-48.79039826881349,-12.783489491425023,-36.00690877738846,-28.314593373821307
Delfzijl,broken_squared,1940,-47,1940,-34.33972572513175,-47,-45.186004059048784,-10.846278333917034,-34.33972572513175,-27.36256889649941
Delfzijl,broken_squared,1941,-99,1941,-32.672542672875046,-99,-40.35733283579762,-7.6847901629225746,-32.672542672875046,-26.375658635034362
Delfzijl,broken_squared,1942,-78,1942,-31.005359620618336,-78,-34.66123855181668,-3.6558789311983486,-31.005359620618336,-25.353862589426143
Delfzijl,broken_squared,1943,-10,1943,-29.338176568361625,-10,-28.552485805480117,0.7856907628815106,-29.338176568361625,-24.29718075967476
Delfzijl,broken_squared,1944,21,1944,-27.67099351610492,21,-22.53241814642336,5.138575369681565,-27.67099351610492,-23.205613145780227
Delfzijl,broken_squared,1945,22,1945,-26.00381046384821,22,-17.092368767691944,8.911441696156269,-26.00381046384821,-22.07915974774252
Delfzijl,broken_squared,1946,-5,1946,-24.3366274115915,-5,-12.658201119979058,11.67842629161244,-24.3366274115915,-20.917820565561655
Delfzijl,broken_squared,1947,-106,1947,-22.66944435933479,-106,-9.542239443231114,13.127204916103675,-22.66944435933479,-19.721595599237627
Delfzijl,broken_squared,1948,-10,1948,-21.00226130707808,-10,-7.90801507169839,13.094246235379691,-21.00226130707808,-18.490484848770436
Delfzijl,broken_squared,1949,13,1949,-19.335078254821376,13,-7.751807784124974,11.583270470696402,-19.335078254821376,-17.224488314160094
Delfzijl,broken_squared,1950,-21,1950,-17.667895202564665,-37.98684210526316,-8.903065724870928,8.764829477693738,-17.667895202564665,-15.92360599540658
Delfzijl,broken_squared,1951,-47,1951,-16.000712150307955,-42.98684210526316,-11.043656497240228,4.957055653067726,-16.000712150307955,-14.587837892509906
Delfzijl,broken_squared,1952,2,1952,-14.33352909805125,-7.9868421052631575,-13.743776455915445,0.5897526421358048,-14.33352909805125,-13.217184005470076
Delfzijl,broken_squared,1953,-27,1953,-12.666346045794542,-2.986842105263161,-16.510464926035905,-3.8441188802413606,-12.666346045794542,-11.811644334287081
Delfzijl,broken_squared,1954,-19,1954,-10.999162993537832,-39.986842105263165,-18.843247291472327,-7.844084297934495,-10.999162993537832,-10.37121887896092
Delfzijl,broken_squared,1955,4,1955,-9.331979941281121,-5.9868421052631575,-20.290626221540403,-10.958646280259282,-9.331979941281121,-8.8959076394916
Delfzijl,broken_squared,1956,-40,1956,-7.664796889024414,-27.986842105263158,-20.50104457150826,-12.836247682483847,-7.664796889024414,-7.385710615879121
Delfzijl,broken_squared,1957,-20,1957,-5.997613836767707,-20.986842105263158,-19.262567503778627,-13.264953667010918,-5.997613836767707,-5.84062780812348
Delfzijl,broken_squared,1958,-30,1958,-4.330430784510996,-24.986842105263158,-16.526804698073676,-12.196373913562681,-4.330430784510996,-4.260659216224673
Delfzijl,broken_squared,1959,-63,1959,-2.663247732254286,-15.986842105263158,-12.414372423766913,-9.75112469151263,-2.663247732254286,-2.645804840182705
Delfzijl,broken_squared,1960,-15,1960,-0.9960646799975788,11.013157894736839,-7.20127894126232,-6.205214261264741,-0.9960646799975788,-0.9960646799975788
Delfzijl,broken_squared,1961,86,1961,0.688561264330711,65.01315789473684,-1.270327092369115,-1.9588883566998267,0.6711183722591301,0.688561264330711
Delfzijl,broken_squared,1962,16,1962,2.4080729928021625,1.0131578947368425,4.916620668331447,2.508547675529286,2.338301424515839,2.4080729928021625
Delfzijl,broken_squared,1963,-29,1963,4.162470505416775,5.0131578947368425,10.855301120304446,6.692830614887672,4.005484476772548,4.162470505416775
Delfzijl,broken_squared,1964,-14,1964,5.95175380217455,14.013157894736839,16.07341203573768,10.12165823356313,5.6726675290292565,5.95175380217455
Delfzijl,broken_squared,1965,0,1965,7.775922883075486,-20.98684210526316,20.183923439231666,12.408000556156182,7.339850581285965,7.775922883075486
Delfzijl,broken_squared,1966,30,1966,9.634977748119585,26.013157894736842,22.928763735688303,13.293785987568718,9.007033633542674,9.634977748119585
Delfzijl,broken_squared,1967,103,1967,11.528918397306844,49.01315789473684,24.207949621233816,12.679031223926968,10.674216685799383,11.528918397306844
Delfzijl,broken_squared,1968,37,1968,13.457744830637266,55.01315789473684,24.09087172949267,10.633126898855403,12.341399738056092,13.457744830637266
Delfzijl,broken_squared,1969,12,1969,15.421457048110849,47.01315789473684,22.808462142407226,7.387005094296377,14.0085827903128,15.421457048110849
Delfzijl,broken_squared,1970,62,1970,17.420055049727594,51.01315789473684,20.72712786023594,3.307072810508345,15.67576584256951,17.420055049727594
Delfzijl,broken_squared,1971,26,1971,19.4535388354875,44.01315789473684,18.307392498346807,-1.146146337140694,17.34294889482622,19.4535388354875
Delfzijl,broken_squared,1972,-57,1972,21.52190840539057,-3.9868421052631575,16.051914542041267,-5.4699938633493,19.010131947082925,21.52190840539057
Delfzijl,broken_squared,1973,35,1973,23.6251637594368,4.013157894736839,14.448749614933934,-9.176414144502862,20.677314999339636,23.6251637594368
Delfzijl,broken_squared,1974,35,1974,25.763304897626192,7.013157894736839,13.91626104985085,-11.847043847775343,22.344498051596346,25.763304897626192
Delfzijl,broken_squared,1975,7,1975,27.936331819958745,25.013157894736842,14.755896998553562,-13.180434821405182,24.011681103853054,27.936331819958745
Delfzijl,broken_squared,1976,-22,1976,30.144244526434456,11.013157894736842,17.118164378599282,-13.026080147835176,25.67886415610976,30.144244526434456
Delfzijl,broken_squared,1977,15,1977,32.38704301705334,1.0131578947368425,20.98564035858371,-11.401402658469628,27.34604720836647,32.38704301705334
Delfzijl,broken_squared,1978,15,1978,34.664727291815375,21.013157894736842,26.17493896561149,-8.489788326203886,29.013230260623182,34.664727291815375
Delfzijl,broken_squared,1979,1,1979,36.977297350720576,18.013157894736842,32.357410833569276,-4.619886517151299,30.68041331287989,36.977297350720576
Delfzijl,broken_squared,1980,45,1980,39.324753193768935,57.01315789473684,39.09623960172832,-0.22851359204061517,32.347596365136596,39.324753193768935
Delfzijl,broken_squared,1981,107,1981,41.707094820960464,79.01315789473684,45.895747696238416,4.188652875277961,34.01477941739331,41.707094820960464
Delfzijl,broken_squared,1982,79,1982,44.12432223229515,79.01315789473685,52.25734608921427,8.133023856919127,35.68196246965002,44.12432223229515
Delfzijl,broken_squared,1983,128,1983,46.57643542777299,83.01315789473685,57.73581268909421,11.159377261321211,37.34914552190673,46.57643542777299
Delfzijl,broken_squared,1984,31,1984,49.063434407394,47.01315789473684,61.98954692159552,12.92611251420152,39.01632857416343,49.063434407394
Delfzijl,broken_squared,1985,47,1985,51.58531917115817,52.01315789473684,64.81912799993519,13.233808828777027,40.68351162642014,51.58531917115817
Delfzijl,broken_squared,1986,19,1986,54.1420897190655,20.013157894736842,66.1898246076679,12.0477348886024,42.35069467867685,54.1420897190655
Delfzijl,broken_squared,1987,23,1987,56.733746051116,57.01315789473684,66.23551520674592,9.501769155629919,44.01787773093356,56.733746051116
Delfzijl,broken_squared,1988,111,1988,59.36028816730965,81.01315789473684,65.24357646481896,5.883288297509316,45.685060783190266,59.36028816730965
Delfzijl,broken_squared,1989,75,1989,62.021716067646466,59.01315789473684,63.62244552520513,1.6007294575586535,47.35224383544698,62.021716067646466
Delfzijl,broken_squared,1990,124,1990,64.71802975212645,54.01315789473685,61.85551753831831,-2.8625122138081553,49.01942688770369,64.71802975212645
Delfzijl,broken_squared,1991,9,1991,67.44922922074959,20.013157894736842,60.44658228491695,-7.002646935832647,50.6866099399604,67.44922922074959
Delfzijl,broken_squared,1992,57,1992,70.21531447351589,50.01315789473684,59.86295874916008,-10.352355724355812,52.3537929922171,70.21531447351589
Delfzijl,broken_squared,1993,54,1993,73.01628551042535,62.01315789473684,60.48274634408212,-12.533539166343221,54.02097604447381,73.01628551042535
Delfzijl,broken_squared,1994,93,1994,75.85214233147798,70.01315789473684,62.55214682368681,-13.299995507791158,55.68815909673052,75.85214233147798
Delfzijl,broken_squared,1995,106,1995,78.72288493667378,95.01315789473685,66.157674184,-12.565210752673798,57.35534214898723,78.72288493667378
Delfzijl,broken_squared,1996,-37,1996,81.62851332601272,44.01315789473685,71.21638936907488,-10.412123956937847,59.022525201243944,81.62851332601272
Delfzijl,broken_squared,1997,39,1997,84.56902749949482,65.01315789473684,77.48526204252246,-7.08376545697235,60.68970825350065,84.56902749949482
Delfzijl,broken_squared,1998,131,1998,87.5444274571201,94.01315789473685,84.58860271171676,-2.955824745403334,62.35689130575736,87.5444274571201
Delfzijl,broken_squared,1999,123,1999,90.55471319888852,90.01315789473685,92.0604687951913,1.5057555963027762,64.02407435801406,90.55471319888852
Delfzijl,broken_squared,2000,117,2000,93.59988472480012,96.01315789473684,99.39725803528563,5.797373310485516,65.69125741027077,93.59988472480012
Delfzijl,broken_squared,2001,126,2001,96.67994203485489,122.01315789473685,106.1145527583619,9.434610723507006,67.35844046252748,96.67994203485489
Delfzijl,broken_squared,2002,106,2002,99.7948851290528,127.01315789473684,111.80179866918033,12.00691354012753,69.02562351478419,99.7948851290528
Delfzijl,broken_squared,2003,86,2003,102.94471400739388,113.01315789473684,116.16864629364832,13.223932286254442,70.6928065670409,102.94471400739388
Delfzijl,broken_squared,2004,116,2004,106.12942866987814,99.01315789473685,119.07772426529394,12.948295595415802,72.35998961929761,106.12942866987814
Delfzijl,broken_squared,2005,81,2005,109.34902911650553,84.01315789473685,120.56014516064138,11.211116044135855,74.02717267155431,109.34902911650553
Delfzijl,broken_squared,2006,80,2006,112.6035153472761,76.01315789473685,120.81199365753639,8.208478310260288,75.69435572381103,112.6035153472761
Delfzijl,broken_squared,2007,155,2007,115.89288736218981,119.01315789473685,120.1721934166336,4.279306054443785,77.36153877606773,115.89288736218981
Delfzijl,broken_squared,2008,117,2008,119.2171451612467,93.01315789473684,119.08425096862781,-0.13289419261888868,79.02872182832444,119.2171451612467
Delfzijl,broken_squared,2009,81,2009,122.57628874444677,93.01315789473685,118.04619477776069,-4.530093966686104,80.69590488058115,122.57628874444677
Delfzijl,broken_squared,2010,67,2010,125.97031811178996,101.01315789473685,117.55436012525607,-8.415957986533888,82.36308793283786,125.97031811178996
Delfzijl,broken_squared,2011,122,2011,129.39923326327636,105.01315789473685,118.04736511131145,-11.351868151964906,84.03027098509456,129.39923326327636
Delfzijl,broken_squared,2012,106,2012,132.8630341989059,104.01315789473685,119.85660150170492,-13.006432697201,85.69745403735128,132.8630341989059
Delfzijl,broken_squared,2013,82,2013,136.36172091867857,111.01315789473684,123.16882877998461,-13.192892138693963,87.36463708960798,136.36172091867857
Delfzijl,broken_squared,2014,126,2014,139.89529342259442,133.01315789473685,128.0050936131399,-11.890199809454506,89.03182014186469,139.89529342259442
Delfzijl,broken_squared,2015,179,2015,143.46375171065347,143.01315789473685,134.2183542025711,-9.245397508082362,90.6990031941214,143.46375171065347
Delfzijl,broken_squared,2016,144,2016,147.06709578285563,167.01315789473685,141.51007767247484,-5.557018110380776,92.3661862463781,147.06709578285563
Delfzijl,broken_squared,2017,202,2017,150.705325639201,173.01315789473685,149.46393706031128,-1.2413885788897048,94.03336929863482,150.705325639201
Delfzijl,broken_squared,2018,105,2018,154.3784412796895,148.01315789473685,157.59280435115505,3.2143630714655425,95.70055235089153,154.3784412796895
Delfzijl,broken_squared,2019,195,2019,158.08644270432117,187.01315789473685,165.39373520268032,7.307292498359201,97.36773540314823,158.08644270432117
Delfzijl,broken_squared,2020,205,2020,161.829329913096,192.01315789473685,172.40473894298106,10.57540902988505,99.03491845540495,161.829329913096
Delfzijl,broken_squared,2021,182,2021,165.60710290601398,199.01315789473685,178.25692591020592,12.649823004191925,100.70210150766165,165.60710290601398
Delfzijl,broken_squared,2022,165,2022,169.41976168307514,163.01315789473685,182.7161459869587,13.29638430388358,102.36928455991837,169.41976168307514
Delfzijl,broken_squared,2023,223,2023,173.26730624427944,199.01315789473685,185.70941836704463,12.442112122765208,104.03646761217507,173.26730624427944
Delfzijl,broken_squared,2024,218,2024,177.1497365896269,204.01315789473685,187.33316928648733,10.18343269686044,105.70365066443178,177.1497365896269
Delfzijl,broken_squared,2025,183,2025,181.06705271911756,203.01315789473685,187.842347882386,6.775295163268451,107.3708337166885,181.06705271911756
Harlingen,linear,1891,-100,1891,-96.57194928318742,-100,-84.69497395013326,11.876975333054158,-96.57194928318742,-96.57194928318742
Harlingen,linear,1892,-91,1892,-95.1094597793153,-91,-82.82485090145333,12.284608877861965,-95.1094597793153,-95.1094597793153
Harlingen,linear,1893,-74,1893,-93.64697027544318,-74,-82.3413568701948,11.305613405248376,-93.64697027544318,-93.64697027544318
Harlingen,linear,1894,-70,1894,-92.18448077157106,-70,-83.13398744032399,9.050493331247075,-92.18448077157106,-92.18448077157106
Harlingen,linear,1895,-104,1895,-90.72199126769894,-104,-84.94819523768598,5.7737960300129565,-90.72199126769894,-90.72199126769894
Harlingen,linear,1896,-101,1896,-89.25950176382685,-101,-87.4141220434013,1.845379720425535,-89.25950176382685,-89.25950176382685
Harlingen,linear,1897,-82,1897,-87.79701225995473,-82,-90.08834665443908,-2.2913343944843527,-87.79701225995473,-87.79701225995473
Harlingen,linear,1898,-42,1898,-86.3345227560826,-42,-92.5039361887237,-6.169413432641096,-86.3345227560826,-86.3345227560826
Harlingen,linear,1899,-79,1899,-84.87203325221049,-79,-94.2231512782683,-9.35111802605782,-84.87203325221049,-84.87203325221049
Harlingen,linear,1900,-114,1900,-83.40954374833836,-114,-94.88685603539761,-11.477312287059256,-83.40954374833836,-83.40954374833836
Harlingen,linear,1901,-126,1901,-81.94705424446624,-126,-94.25505562687829,-12.30800138241205,-81.94705424446624,-81.94705424446624
Harlingen,linear,1902,-136,1902,-80.48456474059412,-136,-92.2339857647689,-11.749421024174769,-80.48456474059412,-80.48456474059412
Harlingen,linear,1903,-15,1903,-79.022075236722,-15,-88.8866963793516,-9.864621142629604,-79.022075236722,-79.022075236722
Harlingen,linear,1904,-84,1904,-77.55958573284991,-84,-84.42593483879813,-6.866349105948217,-77.55958573284991,-77.55958573284991
Harlingen,linear,1905,-78,1905,-76.09709622897779,-78,-79.19013202434529,-3.0930357953675003,-76.09709622897779,-76.09709622897779
Harlingen,linear,1906,-50,1906,-74.63460672510567,-50,-73.60520184015513,1.0294048849505306,-74.63460672510567,-74.63460672510567
Harlingen,linear,1907,-78,1907,-73.17211722123355,-78,-68.13646604996967,5.035651171263878,-73.17211722123355,-73.17211722123355
Harlingen,linear,1908,-105,1908,-71.70962771736143,-105,-63.23613093945659,8.473496777904847,-71.70962771736143,-71.70962771736143
Harlingen,linear,1909,-59,1909,-70.24713821348931,-59,-59.29224439218948,10.954893821299832,-70.24713821348931,-70.24713821348931
Harlingen,linear,1910,-47,1910,-68.78464870961719,-47,-56.58489486505975,12.199753844557442,-68.78464870961719,-68.78464870961719
Harlingen,linear,1911,-77,1911,-67.32215920574507,-77,-55.2545963172857,12.067562888459365,-67.32215920574507,-67.32215920574507
Harlingen,linear,1912,-1,1912,-65.85966970187295,-1,-55.286427653911154,10.573242047961788,-65.85966970187295,-65.85966970187295
Harlingen,linear,1913,-25,1913,-64.39718019800085,-25,-56.51171694900245,7.885463248998402,-64.39718019800085,-64.39718019800085
Harlingen,linear,1914,-10,1914,-62.934690694128726,-10,-58.62708034133056,4.307610352798164,-62.934690694128726,-62.934690694128726
Harlingen,linear,1915,-74,1915,-61.472201190256605,-74,-61.22866658131468,0.24353460894193146,-61.472201190256605,-61.472201190256605
Harlingen,linear,1916,-4,1916,-60.009711686384485,-4,-63.85774186542414,-3.8480301790396547,-60.009711686384485,-60.009711686384485
Harlingen,linear,1917,-53,1917,-58.54722218251238,-53,-66.05246955579088,-7.505247373278495,-58.54722218251238,-58.54722218251238
Harlingen,linear,1918,-34,1918,-57.08473267864026,-34,-67.40004013320564,-10.315307454565374,-57.08473267864026,-57.08473267864026
Harlingen,linear,1919,-60,1919,-55.62224317476814,-60,-67.58326719896822,-11.961024024200077,-55.62224317476814,-55.62224317476814
Harlingen,linear,1920,-53,1920,-54.159753670896016,-53,-66.41638998750639,-12.256636316610367,-54.159753670896016,-54.159753670896016
Harlingen,linear,1921,-35,1921,-52.69726416702391,-35,-63.866041170105206,-11.168777003081294,-52.69726416702391,-52.69726416702391
Harlingen,linear,1922,-52,1922,-51.23477466315179,-52,-60.05501320243085,-8.820238539279062,-51.23477466315179,-51.23477466315179
Harlingen,linear,1923,-8,1923,-49.77228515927967,-8,-55.24839808821062,-5.476112928930952,-49.77228515927967,-49.77228515927967
Harlingen,linear,1924,-39,1924,-48.30979565540755,-39,-49.823665037519795,-1.5138693821122517,-48.30979565540755,-48.30979565540755
Harlingen,linear,1925,18,1925,-46.84730615153543,18,-44.22805351322896,2.6192526383064743,-46.84730615153543,-46.84730615153543
Harlingen,linear,1926,6,1926,-45.38481664766332,6,-38.928090938639556,6.4567257090237655,-45.38481664766332,-45.38481664766332
Harlingen,linear,1927,-10,1927,-43.9223271437912,-10,-34.35693327063517,9.565393873156035,-43.9223271437912,-43.9223271437912
Harlingen,linear,1928,8,1928,-42.45983763991908,8,-30.865472387400615,11.594365252518465,-42.45983763991908,-42.45983763991908
Harlingen,linear,1929,-68,1929,-40.997348136046966,-68,-28.682729059406824,12.314619076640145,-40.997348136046966,-40.997348136046966
Harlingen,linear,1930,-36,1930,-39.534858632174846,-36,-27.89000215928094,11.644856472893904,-39.534858632174846,-39.534858632174846
Harlingen,linear,1931,-15,1931,-38.07236912830273,-15,-28.41169202647443,9.660677101828302,-38.07236912830273,-38.07236912830273
Harlingen,linear,1932,-29,1932,-36.60987962443061,-29,-30.023833802273145,6.586045822157468,-36.60987962443061,-36.60987962443061
Harlingen,linear,1933,-85,1933,-35.1473901205585,-85,-32.37937753232764,2.7680125882308606,-35.1473901205585,-35.1473901205585
Harlingen,linear,1934,-55,1934,-33.68490061668638,-55,-35.047361537330204,-1.3624609206438287,-33.68490061668638,-33.68490061668638
Harlingen,linear,1935,-3,1935,-32.222411112814264,-3,-37.56155734553701,-5.339146232722751,-32.222411112814264,-32.222411112814264
Harlingen,linear,1936,-13,1936,-30.759921608942143,-13,-39.47309537536789,-8.713173766425752,-30.759921608942143,-30.759921608942143
Harlingen,linear,1937,-46,1937,-29.29743210507003,-46,-40.40113122792284,-11.103699122852813,-29.29743210507003,-29.29743210507003
Harlingen,linear,1938,-13,1938,-27.83494260119791,-13,-40.075833616014734,-12.240891014816825,-27.83494260119791,-27.83494260119791
Harlingen,linear,1939,-63,1939,-26.37245309732579,-63,-38.368841653965305,-11.996388556639522,-26.37245309732579,-26.37245309732579
Harlingen,linear,1940,-57,1940,-24.909963593453675,-57,-35.30775363218091,-10.397790038727239,-24.909963593453675,-24.909963593453675
Harlingen,linear,1941,-95,1941,-23.447474089581554,-95,-31.07301185160761,-7.625537762026056,-23.447474089581554,-23.447474089581554
Harlingen,linear,1942,-59,1942,-21.98498458570944,-59,-25.97753514333767,-3.9925505576282276,-21.98498458570944,-21.98498458570944
Harlingen,linear,1943,-13,1943,-20.52249508183732,-13,-20.43139805900107,0.09109702283625332,-20.52249508183732,-20.52249508183732
Harlingen,linear,1944,-11,1944,-19.060005577965207,-11,-14.895543579224483,4.164461998740723,-19.060005577965207,-19.060005577965207
Harlingen,linear,1945,-9,1945,-17.597516074093086,-9,-9.829754032472225,7.767762041620861,-17.597516074093086,-17.597516074093086
Harlingen,linear,1946,-32,1946,-16.135026570220973,-32,-5.64075302285822,10.49427354736275,-16.135026570220973,-16.135026570220973
Harlingen,linear,1947,-103,1947,-14.672537066348852,-103,-2.636296377839674,12.036240688509178,-14.672537066348852,-14.672537066348852
Harlingen,linear,1948,-10,1948,-13.210047562476738,-10,-0.9904341142370097,12.219613448239729,-13.210047562476738,-13.210047562476738
Harlingen,linear,1949,8,1949,-11.747558058604618,8,-0.7238644888832102,11.023693569721408,-11.747558058604618,-11.747558058604618
Harlingen,linear,1950,2,1950,-10.2850685547325,-25.94736842105263,-1.7015976764975775,8.583470878234921,-10.2850685547325,-10.2850685547325
Harlingen,linear,1951,-19,1951,-8.822579050860384,-24.94736842105263,-3.648192787864417,5.1743862629959665,-8.822579050860384,-8.822579050860384
Harlingen,linear,1952,3,1952,-7.360089546988267,-5.94736842105263,-6.178848345188699,1.1812412017995677,-7.360089546988267,-7.360089546988267
Harlingen,linear,1953,-42,1953,-5.8976000431161495,-13.94736842105263,-8.842836867630055,-2.9452368245139056,-5.8976000431161495,-5.8976000431161495
Harlingen,linear,1954,-16,1954,-4.435110539244032,-46.94736842105263,-11.174380874771575,-6.739270335527543,-4.435110539244032,-4.435110539244032
Harlingen,linear,1955,-19,1955,-2.9726210353719154,-17.94736842105263,-12.745227663434285,-9.77260662806237,-2.9726210353719154,-2.9726210353719154
Harlingen,linear,1956,-61,1956,-1.5101315314997983,-40.94736842105263,-13.21298846368299,-11.702856932183188,-1.5101315314997983,-1.5101315314997983
Harlingen,linear,1957,-15,1957,-0.047642027627681216,-14.94736842105263,-12.359785676874408,-12.312143649246726,-0.047642027627681216,-0.047642027627681216
Harlingen,linear,1958,-9,1958,1.4148474762444359,-6.94736842105263,-10.11684587682872,-11.531693353073155,1.4148474762444359,1.4148474762444359
Harlingen,linear,1959,-59,1959,2.877336980116553,-5.94736842105263,-6.572262631529149,-9.449599611645702,2.877336980116553,2.877336980116553
Harlingen,linear,1960,-24,1960,4.339826483988672,-7.94736842105263,-1.9610529144552373,-6.300879398443908,4.339826483988672,4.339826483988672
Harlingen,linear,1961,58,1961,5.802315987860789,32.05263157894737,3.361370508811625,-2.4409454790491623,5.802315987860789,5.802315987860789
Harlingen,linear,1962,4,1962,7.264805491732906,-6.94736842105263,8.959316406163325,1.6945109144304191,7.264805491732906,7.264805491732906
Harlingen,linear,1963,-73,1963,8.727294995605023,-36.94736842105263,14.36599386121885,5.638698865613827,8.727294995605023,8.727294995605023
Harlingen,linear,1964,-60,1964,10.18978449947714,-23.94736842105263,19.136201442035933,8.946416942558791,10.18978449947714,10.18978449947714
Harlingen,linear,1965,11,1965,11.652274003349259,-14.94736842105263,22.89657945010545,11.24430544675619,11.652274003349259,11.652274003349259
Harlingen,linear,1966,27,1966,13.114763507221376,13.05263157894737,25.387753011518207,12.272989504296827,13.114763507221376,13.114763507221376
Harlingen,linear,1967,89,1967,14.577253011093493,27.05263157894737,26.493609095885816,11.916356084792323,14.577253011093493,14.577253011093493
Harlingen,linear,1968,-2,1968,16.03974251496561,17.05263157894737,26.254402810471674,10.214660295506066,16.03974251496561,16.03974251496561
Harlingen,linear,1969,-3,1969,17.502232018837727,34.05263157894737,24.86221359253816,7.359981573700435,17.502232018837727,17.502232018837727
Harlingen,linear,1970,63,1970,18.964721522709844,49.05263157894737,22.63926418360083,3.6745426608909897,18.964721522709844,18.964721522709844
Harlingen,linear,1971,-15,1971,20.42721102658196,13.05263157894737,20.001549638060226,-0.42566138852173285,20.42721102658196,20.42721102658196
Harlingen,linear,1972,-13,1972,21.88970053045408,41.05263157894737,17.411881753083946,-4.477818777370132,21.88970053045408,21.88970053045408
Harlingen,linear,1973,48,1973,23.352190034326195,27.05263157894737,15.327649044203923,-8.024540990122276,23.352190034326195,23.352190034326195
Harlingen,linear,1974,43,1974,24.814679538198313,4.05263157894737,14.149188875501622,-10.66549066269669,24.814679538198313,24.814679538198313
Harlingen,linear,1975,-8,1975,26.27716904207043,16.05263157894737,14.174599256115991,-12.102569785954437,26.27716904207043,26.27716904207043
Harlingen,linear,1976,-42,1976,27.739658545942547,3.05263157894737,15.56609093548576,-12.173567610456786,27.739658545942547,27.739658545942547
Harlingen,linear,1977,21,1977,29.202148049814667,0.05263157894736992,18.33167781495753,-10.870470234857137,29.202148049814667,29.202148049814667
Harlingen,linear,1978,-7,1978,30.66463755368678,0.05263157894736992,22.324272376198632,-8.34036517748815,30.66463755368678,30.66463755368678
Harlingen,linear,1979,15,1979,32.1271270575589,24.05263157894737,27.258288230211797,-4.868838827347106,32.1271270575589,32.1271270575589
Harlingen,linear,1980,52,1980,33.589616561431015,66.05263157894737,32.74187576910895,-0.8477407923220674,33.589616561431015,33.589616561431015
Harlingen,linear,1981,76,1981,35.052106065303136,52.05263157894737,38.321152311504115,3.2690462462009835,35.052106065303136,35.052106065303136
Harlingen,linear,1982,51,1982,36.514595569175256,46.05263157894737,43.53143425021733,7.016838681042075,36.514595569175256,36.514595569175256
Harlingen,linear,1983,100,1983,37.97708507304737,56.05263157894737,47.94968835780995,9.972603284762569,37.97708507304737,37.97708507304737
Harlingen,linear,1984,16,1984,39.43957457691948,31.05263157894737,51.24228179265589,11.802707215736405,39.43957457691948,39.43957457691948
Harlingen,linear,1985,16,1985,40.902064080791604,24.05263157894737,53.20264100888037,12.300576928088766,40.902064080791604,40.902064080791604
Harlingen,linear,1986,18,1986,42.364553584663724,18.05263157894737,53.77456880908728,11.410015224423557,42.364553584663724,42.364553584663724
Harlingen,linear,1987,-11,1987,43.82704308853584,27.05263157894737,53.05858762035459,9.231544531818754,43.82704308853584,43.82704308853584
Harlingen,linear,1988,87,1988,45.28953259240795,51.05263157894737,51.300592994262445,6.011060401854488,45.28953259240795,45.28953259240795
Harlingen,linear,1989,35,1989,46.75202209628007,23.05263157894737,48.86409807063906,2.1120759743589863,46.75202209628007,46.75202209628007
Harlingen,linear,1990,95,1990,48.21451160015219,19.05263157894737,46.1892019197432,-2.0253096804089967,48.21451160015219,48.21451160015219
Harlingen,linear,1991,-42,1991,49.677001104024306,-21.94736842105263,43.74291322391905,-5.934087880105254,49.677001104024306,49.677001104024306
Harlingen,linear,1992,9,1992,51.13949060789643,1.05263157894737,41.966436528484365,-9.173054079412063,51.13949060789643,51.13949060789643
Harlingen,linear,1993,3,1993,52.60198011176854,16.05263157894737,41.22537114254688,-11.37660896922166,52.60198011176854,52.60198011176854
Harlingen,linear,1994,55,1994,54.06446961564066,26.05263157894737,41.76844400418581,-12.296025611454846,54.06446961564066,54.06446961564066
Harlingen,linear,1995,53,1995,55.526959119512775,48.05263157894737,43.69943455057298,-11.827524568939792,55.526959119512775,55.526959119512775
Harlingen,linear,1996,-95,1996,56.989448623384895,-0.9473684210526443,46.9654605819817,-10.023988041403195,56.989448623384895,56.989448623384895
Harlingen,linear,1997,-9,1997,58.45193812725701,25.05263157894737,51.362947356397285,-7.088990770859725,58.45193812725701,58.45193812725701
Harlingen,linear,1998,89,1998,59.91442763112913,41.05263157894737,56.56060615133367,-3.3538214797954637,59.91442763112913,59.91442763112913
Harlingen,linear,1999,80,1999,61.37691713500124,40.05263157894737,62.13682858060085,0.759911445599593,61.37691713500124,61.37691713500124
Harlingen,linear,2000,77,2000,62.83940663887336,45.05263157894737,67.62727577098042,4.787869132107055,62.83940663887336,62.83940663887336
Harlingen,linear,2001,67,2001,64.30189614274548,62.05263157894737,72.57729075580887,8.2753946130634,64.30189614274548,64.30189614274548
Harlingen,linear,2002,53,2002,65.7643856466176,72.05263157894737,76.59321802037097,10.828832373753368,65.7643856466176,65.7643856466176
Harlingen,linear,2003,39,2003,67.22687515048972,76.05263157894737,79.38683748958287,12.159962339093155,67.22687515048972,67.22687515048972
Harlingen,linear,2004,88,2004,68.68936465436184,68.05263157894737,80.80789745789578,12.118532803533933,68.68936465436184,68.68936465436184
Harlingen,linear,2005,58,2005,70.15185415823396,65.05263157894737,80.8610742969187,10.709220138684746,70.15185415823396,70.15185415823396
Harlingen,linear,2006,65,2006,71.61434366210607,60.05263157894737,79.70544460853039,8.09110094642431,71.61434366210607,71.61434366210607
Harlingen,linear,2007,122,2007,73.07683316597819,91.05263157894737,77.63652940436009,4.559696238381914,73.07683316597819,73.07683316597819
Harlingen,linear,2008,98,2008,74.53932266985029,70.05263157894737,75.05293708041913,0.513614410568842,74.53932266985029,74.53932266985029
Harlingen,linear,2009,52,2009,76.00181217372241,62.05263157894737,72.41137037141299,-3.59044180230943,76.00181217372241,76.00181217372241
Harlingen,linear,2010,30,2010,77.46430167759453,72.05263157894737,70.17507588864893,-7.289225788945588,77.46430167759453,77.46430167759453
Harlingen,linear,2011,96,2011,78.92679118146665,76.05263157894737,68.76155501585332,-10.165236165613333,78.92679118146665,78.92679118146665
Harlingen,linear,2012,83,2012,80.38928068533878,80.05263157894737,68.49543831166594,-11.893842373672836,80.38928068533878,80.38928068533878
Harlingen,linear,2013,40,2013,81.8517701892109,75.05263157894737,69.57184273517126,-12.279927454039646,81.8517701892109,81.8517701892109
Harlingen,linear,2014,93,2014,83.31425969308302,94.05263157894737,72.03434775893956,-11.279911934143449,83.31425969308302,83.31425969308302
Harlingen,linear,2015,140,2015,84.77674919695511,102.05263157894737,75.77007632261461,-9.006672874340488,84.77674919695511,84.77674919695511
Harlingen,linear,2016,103,2016,86.23923870082723,125.05263157894737,80.52243586592867,-5.7168028348985604,86.23923870082723,86.23923870082723
Harlingen,linear,2017,149,2017,87.70172820469935,122.05263157894737,85.92008129311263,-1.7816469115867135,87.70172820469935,87.70172820469935
Harlingen,linear,2018,47,2018,89.16421770857147,98.05263157894737,91.51883066515701,2.3546129565855303,89.16421770857147,89.16421770857147
Harlingen,linear,2019,140,2019,90.62670721244359,129.05263157894737,96.85180237322692,6.225095160783331,90.62670721244359,90.62670721244359
Harlingen,linear,2020,153,2020,92.08919671631571,133.05263157894737,101.48211454431255,9.392917827996841,92.08919671631571,92.08919671631571
Harlingen,linear,2021,117,2021,93.55168622018783,136.05263157894737,105.05219821744198,11.500511997254149,93.55168622018783,93.55168622018783
Harlingen,linear,2022,142,2022,95.01417572405995,145.05263157894737,107.32415805047641,12.309982326416453,95.01417572405995,95.01417572405995
Harlingen,linear,2023,204,2023,96.47666522793207,174.05263157894737,108.20662483025504,11.729959602322966,96.47666522793207,96.47666522793207
Harlingen,linear,2024,203,2024,97.93915473180417,183.05263157894737,107.76506880072199,9.825914068917829,97.93915473180417,97.93915473180417
Harlingen,linear,2025,151,2025,99.40164423567629,175.05263157894737,106.21440968894073,6.812765453264445,99.40164423567629,99.40164423567629
Harlingen,broken_linear,1891,-100,1891,-81.93363714920514,-100,-72.59960584198046,9.334031307224672,-81.93363714920514,-336.797414509614
Harlingen,broken_linear,1892,-91,1892,-80.834380995582407,-91,-71.11760262986616,9.716778365716255,-80.834380995582407,-333.1994938720657
Harlingen,broken_linear,1893,-74,1893,-79.73512484195967,-74,-70.73238377382809,9.002741068131574,-79.73512484195967,-329.6015732345174
Harlingen,broken_linear,1894,-70,1894,-78.63586868833694,-70,-71.36335209359007,7.272516594746872,-78.63586868833694,-326.00365259696906
Harlingen,broken_linear,1895,-104,1895,-77.53661253471421,-104,-72.81520796786974,4.721404566844469,-77.53661253471421,-322.4057319594208
Harlingen,broken_linear,1896,-101,1896,-76.43735638109146,-101,-74.7999938393893,1.6373625417021538,-76.43735638109146,-318.80781132187246
Harlingen,broken_linear,1897,-82,1897,-75.33810022746873,-82,-76.96959751300066,-1.6314972855319279,-75.33810022746873,-315.20989068432414
Harlingen,broken_linear,1898,-42,1898,-74.238844073846,-42,-78.95504542712014,-4.716201353274142,-74.238844073846,-311.6119700467758
Harlingen,broken_linear,1899,-79,1899,-73.13958792022326,-79,-80.40815065833687,-7.268562738113611,-73.13958792022326,-308.01404940922754
Harlingen,broken_linear,1900,-114,1900,-72.04033176660053,-114,-81.04081462782332,-9.000482861222794,-72.04033176660053,-304.4161287716792
Harlingen,broken_linear,1901,-126,1901,-70.9410756129778,-126,-80.65754631731133,-9.716470704333538,-70.9410756129778,-300.8182081341309
Harlingen,broken_linear,1902,-136,1902,-69.84181945935507,-136,-79.17752837809658,-9.33570891874153,-69.84181945935507,-297.2202874965826
Harlingen,broken_linear,1903,-15,1903,-68.74256330573233,-15,-76.64373941420924,-7.901176108476909,-68.74256330573233,-293.6223668590343
Harlingen,broken_linear,1904,-84,1904,-67.6433071521096,-84,-73.2181027592233,-5.574795607113693,-67.6433071521096,-290.02444622148596
Harlingen,broken_linear,1905,-78,1905,-66.54405099848687,-78,-69.16320933001903,-2.6191583315321605,-66.54405099848687,-286.42652558393763
Harlingen,broken_linear,1906,-50,1906,-65.44479484486413,-50,-64.81267759601954,0.6321172488445956,-65.44479484486413,-282.8286049463893
Harlingen,broken_linear,1907,-78,1907,-64.3455386912414,-78,-60.533496291518865,3.8120423997225297,-64.3455386912414,-279.23068430884103
Harlingen,broken_linear,1908,-105,1908,-63.246282537618676,-105,-56.68460044906669,6.5616820885519935,-63.246282537618676,-275.63276367129276
Harlingen,broken_linear,1909,-59,1909,-62.14702638399594,-59,-53.57635649692231,8.570669887073633,-62.14702638399594,-272.03484303374444
Harlingen,broken_linear,1910,-47,1910,-61.04777023037321,-47,-51.435529552703414,9.6122406776698,-61.04777023037321,-268.4369223961961
Harlingen,broken_linear,1911,-77,1911,-59.94851407675048,-77,-50.379687240768135,9.56882683598235,-59.94851407675048,-264.8390017586478
Harlingen,broken_linear,1912,-1,1912,-58.84925792312774,-1,-50.40392921034094,8.445328712786798,-58.84925792312774,-261.24108112109946
Harlingen,broken_linear,1913,-25,1913,-57.750001769505005,-25,-51.38144026411846,6.368561505386542,-57.750001769505005,-257.6431604835512
Harlingen,broken_linear,1914,-10,1914,-56.65074561588227,-10,-53.077804662792914,3.5729409530893586,-56.65074561588227,-254.04523984600286
Harlingen,broken_linear,1915,-74,1915,-55.55148946225954,-74,-55.177465873953984,0.3740235883055605,-55.55148946225954,-250.44731920845453
Harlingen,broken_linear,1916,-4,1916,-54.452233308636806,-4,-57.31934511304754,-2.867111804410733,-54.452233308636806,-246.84939857090626
Harlingen,broken_linear,1917,-53,1917,-53.352977155014074,-53,-59.13759822259031,-5.7846210675762375,-53.352977155014074,-243.25147793335793
Harlingen,broken_linear,1918,-34,1918,-52.25372100139134,-34,-60.30291044432484,-8.049189442933494,-52.25372100139134,-239.65355729580963
Harlingen,broken_linear,1919,-60,1919,-51.15446484776861,-60,-60.55966792416547,-9.405203076396857,-51.15446484776861,-236.05563665826134
Harlingen,broken_linear,1920,-53,1920,-50.055208694145875,-53,-59.75481020484619,-9.699601510700314,-50.055208694145875,-232.457716020713
Harlingen,broken_linear,1921,-35,1921,-48.95595254052314,-35,-57.85510697226039,-8.89915443173724,-48.95595254052314,-228.85979538316468
Harlingen,broken_linear,1922,-52,1922,-47.8566963869004,-52,-54.95090893741852,-7.094212550518114,-47.8566963869004,-225.26187474561638
Harlingen,broken_linear,1923,-8,1923,-46.75744023327767,-8,-51.24594947206578,-4.488509238788108,-46.75744023327767,-221.66395410806805
Harlingen,broken_linear,1924,-39,1924,-45.65818407965494,-39,-47.034348141485744,-1.3761640618308077,-45.65818407965494,-218.06603347051976
Harlingen,broken_linear,1925,18,1925,-44.558927926032204,18,-42.66741186782049,1.8915160582117125,-44.558927926032204,-214.46811283297146
Harlingen,broken_linear,1926,6,1926,-43.45967177240947,6,-38.5139810528403,4.94569071956917,-43.45967177240947,-210.87019219542316
Harlingen,broken_linear,1927,-10,1927,-42.36041561878674,-10,-34.91879660379084,7.441619014995901,-42.36041561878674,-207.27227155787483
Harlingen,broken_linear,1928,8,1928,-41.261159465164006,8,-32.16358719712007,9.097572268043931,-41.261159465164006,-203.67435092032653
Harlingen,broken_linear,1929,-68,1929,-40.16190331154127,-68,-30.435269067198963,9.72663424434231,-40.16190331154127,-200.0764302827782
Harlingen,broken_linear,1930,-36,1930,-39.06264715791854,-36,-29.80484777869499,9.257799379223547,-39.06264715791854,-196.4785096452299
Harlingen,broken_linear,1931,-15,1931,-37.96339100429581,-15,-30.219403451552076,7.743987552743736,-37.96339100429581,-192.88058900768158
Harlingen,broken_linear,1932,-29,1932,-36.864134850673075,-29,-31.508064108779912,5.356070741893167,-36.864134850673075,-189.28266837013328
Harlingen,broken_linear,1933,-85,1933,-35.764878697050335,-85,-33.40129290357822,2.363585793472123,-35.764878697050335,-185.68474773258495
Harlingen,broken_linear,1934,-55,1934,-34.6656225434276,-55,-35.561312174083064,-0.8956896306554629,-34.6656225434276,-182.08682709503665
Harlingen,broken_linear,1935,-3,1935,-33.56636638980487,-3,-37.62023020116871,-4.053863811363838,-33.56636638980487,-178.48890645748835
Harlingen,broken_linear,1936,-13,1936,-32.46711023618214,-13,-39.22156709975449,-6.754456863572348,-32.46711023618214,-174.89098581994006
Harlingen,broken_linear,1937,-46,1937,-31.367854082559404,-46,-40.06049259582271,-8.692638513263304,-31.367854082559404,-171.29306518239173
Harlingen,broken_linear,1938,-13,1938,-30.26859792893667,-13,-39.9182338376517,-9.649635908715023,-30.26859792893667,-167.6951445448434
Harlingen,broken_linear,1939,-63,1939,-29.16934177531394,-63,-38.686769448954784,-9.517427673640846,-29.16934177531394,-164.0972239072951
Harlingen,broken_linear,1940,-57,1940,-28.070085621691206,-57,-36.38102247505793,-8.310936853366726,-28.070085621691206,-160.4993032697468
Harlingen,broken_linear,1941,-95,1941,-26.970829468068466,-95,-33.13717593955413,-6.166346471485666,-26.970829468068466,-156.90138263219848
Harlingen,broken_linear,1942,-59,1942,-25.871573314445733,-59,-29.197301143497015,-3.3257278290512815,-25.871573314445733,-153.30346199465018
Harlingen,broken_linear,1943,-13,1943,-24.772317160823,-13,-24.882033792604993,-0.10971663178199131,-24.772317160823,-149.70554135710185
Harlingen,broken_linear,1944,-11,1944,-23.673061007200268,-11,-20.554382143048255,3.1186788641520127,-23.673061007200268,-146.10762071955355
Harlingen,broken_linear,1945,-9,1945,-22.573804853577535,-9,-16.578752332529866,5.99505252104767,-22.573804853577535,-142.50970008200525
Harlingen,broken_linear,1946,-32,1946,-21.474548699954802,-32,-13.279815925057525,8.194732774897279,-21.474548699954802,-138.91177944445693
Harlingen,broken_linear,1947,-103,1947,-20.37529254633207,-103,-10.905862507980903,9.469430038351167,-20.37529254633207,-135.31385880690863
Harlingen,broken_linear,1948,-10,1948,-19.276036392709337,-10,-9.600773928211563,9.675262464497774,-19.276036392709337,-131.7159381693603
Harlingen,broken_linear,1949,8,1949,-18.176780239086604,8,-9.387783584358989,8.788996654727613,-18.176780239086604,-128.118017531812
Harlingen,broken_linear,1950,2,1950,-17.07752408546387,-25.94736842105263,-10.166853949694087,6.910670135769786,-17.07752408546387,-124.5200968942637
Harlingen,broken_linear,1951,-19,1951,-15.978267931841136,-24.94736842105263,-11.725968338844575,4.25229959299656,-15.978267931841136,-120.92217625671537
Harlingen,broken_linear,1952,3,1952,-14.8790117782184,-5.94736842105263,-13.765062356572741,1.1139494216456587,-14.8790117782184,-117.32425561916706
Harlingen,broken_linear,1953,-42,1953,-13.779755624595667,-13.94736842105263,-15.929893758970692,-2.150138134375024,-13.779755624595667,-113.72633498161875
Harlingen,broken_linear,1954,-16,1954,-12.680499470972935,-46.94736842105263,-17.852027656040534,-5.171528185067601,-12.680499470972935,-110.12841434407044
Harlingen,broken_linear,1955,-19,1955,-11.581243317350202,-17.94736842105263,-19.19042371358094,-7.609180396230739,-11.581243317350202,-106.53049370652214
Harlingen,broken_linear,1956,-61,1956,-10.481987163727467,-40.94736842105263,-19.669931186135813,-9.187944022408347,-10.481987163727467,-102.93257306897382
Harlingen,broken_linear,1957,-15,1957,-9.382731010104735,-14.94736842105263,-19.11234664228356,-9.729615632178824,-9.382731010104735,-99.33465243142551
Harlingen,broken_linear,1958,-9,1958,-8.283474856482,-6.94736842105263,-17.45652873194223,-9.17305387546023,-8.283474856482,-95.7367317938772
Harlingen,broken_linear,1959,-59,1959,-7.184218702859267,-5.94736842105263,-14.765299535124797,-7.581080832265524,-7.184218702859267,-92.1388111563289
Harlingen,broken_linear,1960,-24,1960,-6.0849625492365345,-7.94736842105263,-11.218353500274333,-5.1333909510378,-6.0849625492365345,-88.54089051878059
Harlingen,broken_linear,1961,58,1961,-4.9857063956138,32.05263157894737,-7.091974377952532,-2.106267982338731,-4.9857063956138,-84.94296988123227
Harlingen,broken_linear,1962,4,1962,-3.886450241991067,-6.94736842105263,-2.727849607249553,1.1586006347415134,-3.886450241991067,-81.34504924368396
Harlingen,broken_linear,1963,-73,1963,-2.7871940883683335,-36.94736842105263,1.5054977593286196,4.292691847696949,-2.7871940883683335,-77.74712860613565
Harlingen,broken_linear,1964,-60,1964,-1.6879379347455998,-23.94736842105263,5.254306209117043,6.942244143862643,-1.6879379347455998,-74.14920796858735
Harlingen,broken_linear,1965,11,1965,-0.5886817811228671,-14.94736842105263,8.21950670918465,8.808188490307517,-0.5886817811228671,-70.55128733103903
Harlingen,broken_linear,1966,27,1966,0.5105743724998666,13.05263157894737,10.190480215702,9.679905843202134,0.5105743724998666,-66.95336669349072
Harlingen,broken_linear,1967,89,1967,1.6098305261226002,27.05263157894737,11.068831363498646,9.459000837376038,1.6098305261226002,-63.3554460559424
Harlingen,broken_linear,1968,-2,1968,2.7090866797453335,17.05263157894737,10.879494873265926,8.170408193520593,2.7090866797453335,-59.757525418394096
Harlingen,broken_linear,1969,-3,1969,3.8083428333680667,34.05263157894737,9.767921037265566,5.959578203897501,3.8083428333680667,-56.15960478084579
Harlingen,broken_linear,1970,63,1970,4.9075989869908,49.05263157894737,7.983657972712859,3.0760589857220584,4.9075989869908,-52.56168414329748
Harlingen,broken_linear,1971,-15,1971,6.006855140613534,13.05263157894737,5.8521838010496445,-0.15467133956389123,6.006855140613534,-48.963763505749164
Harlingen,broken_linear,1972,-13,1972,7.106111294236268,41.05263157894737,3.7381682045624913,-3.3679430896737736,7.106111294236268,-45.36584286820086
Harlingen,broken_linear,1973,48,1973,8.205367447859,27.05263157894737,2.00431022347826,-6.201057224380741,8.205367447859,-41.767922230652545
Harlingen,broken_linear,1974,43,1974,9.304623601481733,4.05263157894737,0.9703984898901368,-8.334225111591598,9.304623601481733,-38.17000159310423
Harlingen,broken_linear,1975,-8,1975,10.403879755104468,16.05263157894737,0.8772149872415227,-9.526664767862945,10.403879755104468,-34.57208095555592
Harlingen,broken_linear,1976,-42,1976,11.5031359087272,3.05263157894737,1.8593567096532126,-9.643779199073984,11.5031359087272,-30.974160318007613
Harlingen,broken_linear,1977,21,1977,12.602392062349935,0.05263157894736992,3.930042984683027,-8.67234907766691,12.602392062349935,-27.3762396804593
Harlingen,broken_linear,1978,-7,1978,13.701648215972668,0.05263157894736992,6.979623337648953,-6.722024878323714,13.701648215972668,-23.778319042910987
Harlingen,broken_linear,1979,15,1979,14.8009043695954,24.05263157894737,10.787954322790835,-4.012950046804565,14.8009043695954,-20.18039840536268
Harlingen,broken_linear,1980,52,1980,15.900160523218135,66.05263157894737,15.049248282634297,-0.8509122405838374,15.900160523218135,-16.582477767814368
Harlingen,broken_linear,1981,76,1981,16.999416676840866,52.05263157894737,19.406589224176848,2.4071725473359806,16.999416676840866,-12.984557130266062
Harlingen,broken_linear,1982,51,1982,18.0986728304636,46.05263157894737,23.492219821722106,5.393546991258505,18.0986728304636,-9.386636492717749
Harlingen,broken_linear,1983,100,1983,19.197928984086335,56.05263157894737,26.969052138486717,7.771123154400391,19.197928984086335,-5.7887158551694355
Harlingen,broken_linear,1984,16,1984,20.297185137709068,31.05263157894737,29.568716531471075,9.271531393762006,20.297185137709068,-2.190795217621126
Harlingen,broken_linear,1985,16,1985,21.396441291331804,24.05263157894737,31.121853957716443,9.725412666384637,21.396441291331804,1.407125419927187
Harlingen,broken_linear,1986,18,1986,22.495697444954537,18.05263157894737,31.57723242853354,9.081534983579006,22.495697444954537,5.0050460574754965
Harlingen,broken_linear,1987,-11,1987,23.59495359857727,27.05263157894737,31.007529836033164,7.412576237455894,23.59495359857727,8.602966695023806
Harlingen,broken_linear,1988,87,1988,24.694209752200003,51.05263157894737,29.601130413629846,4.906920661429848,24.694209752200003,12.200887332572117
Harlingen,broken_linear,1989,35,1989,25.793465905822735,23.05263157894737,27.64086080757056,1.8473949017478264,25.793465905822735,15.798807970120427
Harlingen,broken_linear,1990,95,1990,26.892722059445468,19.05263157894737,25.472065931975322,-1.4206561274701444,26.892722059445468,19.396728607668734
Harlingen,broken_linear,1991,-42,1991,27.9919782130682,-21.94736842105263,23.463628055102088,-4.528350157966113,27.9919782130682,22.994649245217047
Harlingen,broken_linear,1992,9,1992,29.091234366690934,1.05263157894737,21.966329099501007,-7.124905267189927,29.091234366690934,26.592569882765357
Harlingen,broken_linear,1993,3,1993,30.190490520313666,16.05263157894737,21.273256024275145,-8.917234496038521,30.190490520313666,30.190490520313666
Harlingen,broken_linear,1994,55,1994,33.78841115786198,26.05263157894737,24.085383028067426,-9.703028129794554,31.2897466739364,33.78841115786198
Harlingen,broken_linear,1995,53,1995,37.38633179541029,48.05263157894737,27.992742325813758,-9.393589469596536,32.38900282755914,37.38633179541029
Harlingen,broken_linear,1996,-95,1996,40.984252432958606,-0.9473684210526443,32.9604059332691,-8.023846499689506,33.48825898118187,40.984252432958606
Harlingen,broken_linear,1997,-9,1997,44.58217307050691,25.05263157894737,38.833763690080275,-5.7484093804266365,34.587515134804605,44.58217307050691
Harlingen,broken_linear,1998,89,1998,48.180093708055225,41.05263157894737,45.35597492933982,-2.824118778715401,35.68677128842734,48.180093708055225
Harlingen,broken_linear,1999,80,1999,51.77801434560354,40.05263157894737,52.19695944710958,0.41894510150603903,36.78602744205007,51.77801434560354
Harlingen,broken_linear,2000,77,2000,55.37593498315184,45.05263157894737,58.99065540728415,3.6147204241323005,37.8852835956728,55.37593498315184
Harlingen,broken_linear,2001,67,2001,58.97385562070015,62.05263157894737,65.37633868428732,6.4024830635871695,38.984539749295536,58.97385562070015
Harlingen,broken_linear,2002,53,2002,62.57177625824846,72.05263157894737,71.0393397100454,8.467563451796938,40.08379590291827,62.57177625824846
Harlingen,broken_linear,2003,39,2003,66.16969689579678,76.05263157894737,75.74656189857265,9.576865002775868,41.183052056541,66.16969689579678
Harlingen,broken_linear,2004,88,2004,69.76761753334509,68.05263157894737,79.37279249503484,9.605174961689753,42.282308210163734,69.76761753334509
Harlingen,broken_linear,2005,58,2005,73.36553817089339,65.05263157894737,81.91483600408475,8.549297833191348,43.38156436378647,73.36553817089339
Harlingen,broken_linear,2006,65,2006,76.9634588084417,60.05263157894737,83.49187488238533,6.5284160739436325,44.4808205174092,76.9634588084417
Harlingen,broken_linear,2007,122,2007,80.56137944599001,91.05263157894737,84.33201678204104,3.7706373360510312,45.58007667103193,80.56137944599001
Harlingen,broken_linear,2008,98,2008,84.15930008353833,70.05263157894737,84.74654682898544,0.5872467454471186,46.67933282465467,84.15930008353833
Harlingen,broken_linear,2009,52,2009,87.75722072108664,62.05263157894737,85.0947912183465,-2.662429502740137,47.778588978277405,87.75722072108664
Harlingen,broken_linear,2010,30,2010,91.35514135863495,72.05263157894737,85.7435581593039,-5.611583199331056,48.87784513190014,91.35514135863495
Harlingen,broken_linear,2011,96,2011,94.95306199618327,76.05263157894737,87.02573428530172,-7.9273277108815465,49.97710128552287,94.95306199618327
Harlingen,broken_linear,2012,83,2012,98.55098263373156,80.05263157894737,89.20270997258845,-9.348272661143112,51.0763574391456,98.55098263373156
Harlingen,broken_linear,2013,40,2013,102.14890327127988,75.05263157894737,92.43487482084784,-9.714028450432039,52.175613592768336,102.14890327127988
Harlingen,broken_linear,2014,93,2014,105.74682390882819,94.05263157894737,96.76351362764728,-8.983310281180895,53.27486974639107,105.74682390882819
Harlingen,broken_linear,2015,140,2015,109.34474454637649,102.05263157894737,102.10614635417448,-7.238598192202,54.3741259000138,109.34474454637649
Harlingen,broken_linear,2016,103,2016,112.94266518392482,125.05263157894737,108.26583808506685,-4.676827098857961,55.473382053636534,112.94266518392482
Harlingen,broken_linear,2017,149,2017,116.54058582147312,122.05263157894737,114.95342811774609,-1.5871577037270461,56.57263820725927,116.54058582147312
Harlingen,broken_linear,2018,47,2018,120.13850645902143,98.05263157894737,121.82016906594022,1.6816626069187839,57.671894360882,120.13850645902143
Harlingen,broken_linear,2019,140,2019,123.73642709656974,129.05263157894737,128.4970918285128,4.760664731943069,58.77115051450474,123.73642709656974
Harlingen,broken_linear,2020,153,2020,127.33434773411805,133.05263157894737,134.63665309059652,7.30230535647848,59.87040666812747,127.33434773411805
Harlingen,broken_linear,2021,117,2021,130.93226837166637,136.05263157894737,139.95196438249098,9.019696010824616,60.969662821750205,130.93226837166637
Harlingen,broken_linear,2022,142,2022,134.53018900921467,145.05263157894737,144.24917470419757,9.718985694982921,62.06891897537294,134.53018900921467
Harlingen,broken_linear,2023,204,2023,138.128109646763,174.05263157894737,147.4493515168559,9.321241870092928,63.16817512899567,138.128109646763
Harlingen,broken_linear,2024,203,2024,141.7260302843113,183.05263157894737,149.59739027742157,7.871359993110264,64.2674312826184,141.7260302843113
Harlingen,broken_linear,2025,151,2025,145.3239509218596,175.05263157894737,150.85694685011012,5.532995928250536,65.36668743624114,145.3239509218596
Harlingen,broken_squared,1891,-100,1891,-79.28722396388663,-100,-69.33237564971195,9.954848314174676,-79.28722396388663,15.107652723015121
Harlingen,broken_squared,1892,-91,1892,-78.28709689645652,-91,-68.05809379842417,10.22900309803234,-78.28709689645652,13.391523099391776
Harlingen,broken_squared,1893,-74,1893,-77.2869698290264,-74,-67.9384138279163,9.3485560011101,-77.2869698290264,11.715046858119578
Harlingen,broken_squared,1894,-70,1894,-76.28684276159629,-70,-68.87395500046726,7.412887761129035,-76.28684276159629,10.0782239991985
Harlingen,broken_squared,1895,-104,1895,-75.28671569416616,-104,-70.64622816625186,4.640487527914312,-75.28671569416616,8.481054522628611
Harlingen,broken_squared,1896,-101,1896,-74.28658862673605,-101,-72.94229779354073,1.3442908331953207,-74.28658862673605,6.923538428409842
Harlingen,broken_squared,1897,-82,1897,-73.28646155930593,-82,-75.39010466339838,-2.103643104092443,-73.28646155930593,5.40567571654222
Harlingen,broken_squared,1898,-42,1898,-72.28633449187582,-42,-77.60046216881676,-5.31412767694093,-72.28633449187582,3.9274663870257456
Harlingen,broken_squared,1899,-79,1899,-71.2862074244457,-79,-79.21098587306238,-7.924778448616674,-71.2862074244457,2.4889104398604047
Harlingen,broken_squared,1900,-114,1900,-70.28608035701558,-114,-79.92699776478376,-9.640917407768193,-70.28608035701558,1.0900078750462399
Harlingen,broken_squared,1901,-126,1901,-69.28595328958546,-126,-79.55478812946369,-10.26883483987823,-69.28595328958546,-0.26924130741680585
Harlingen,broken_squared,1902,-136,1902,-68.28582622215535,-136,-78.02348059321304,-9.737654371057696,-68.28582622215535,-1.5888371075286898
Harlingen,broken_squared,1903,-15,1903,-67.28569915472524,-15,-75.39303231534205,-8.107333160616822,-67.28569915472524,-2.8687795252894546
Harlingen,broken_squared,1904,-84,1904,-66.28557208729511,-84,-71.84746630550381,-5.561894218208702,-66.28557208729511,-4.109068560699036
Harlingen,broken_squared,1905,-78,1905,-65.285445019865,-78,-67.67409976970055,-2.388654749835553,-65.285445019865,-5.309704213757492
Harlingen,broken_squared,1906,-50,1906,-64.28531795243488,-50,-63.23111309200638,1.0542048604285,-64.28531795243488,-6.470686484464807
Harlingen,broken_squared,1907,-78,1907,-63.28519088500477,-78,-58.90712011320085,4.3780707718039285,-63.28519088500477,-7.592015372820988
Harlingen,broken_squared,1908,-105,1908,-62.28506381757465,-105,-55.07730322358667,7.207760593987986,-62.28506381757465,-8.673690878826001
Harlingen,broken_squared,1909,-59,1909,-61.28493675014454,-59,-52.06106453492455,9.223872215219993,-61.28493675014454,-9.715713002479873
Harlingen,broken_squared,1910,-47,1910,-60.28480968271442,-47,-50.08597326851856,10.198836414195858,-60.28480968271442,-10.718081743782605
Harlingen,broken_squared,1911,-77,1911,-59.284682615284304,-77,-49.26207880914671,10.022603806137594,-59.284682615284304,-11.68079710273419
Harlingen,broken_squared,1912,-1,1912,-58.28455554785418,-1,-49.56948884679903,8.715066701055152,-58.28455554785418,-12.603859079334626
Harlingen,broken_squared,1913,-25,1913,-57.28442848042407,-25,-50.860614727307684,6.423813753116385,-57.28442848042407,-13.487267673583915
Harlingen,broken_squared,1914,-10,1914,-56.28430141299395,-10,-52.87683056722347,3.4074708457704808,-56.28430141299395,-14.331022885482056
Harlingen,broken_squared,1915,-74,1915,-55.284174345563834,-74,-55.27766573020757,0.006508615356260794,-55.284174345563834,-15.135124715029065
Harlingen,broken_squared,1916,-4,1916,-54.28404727813372,-4,-57.67923555515827,-3.395188277024554,-54.28404727813372,-15.899573162224918
Harlingen,broken_squared,1917,-53,1917,-53.2839202107036,-53,-59.69757245577748,-6.41365224507388,-53.2839202107036,-16.624368227069624
Harlingen,broken_squared,1918,-34,1918,-52.283793143273485,-34,-60.9919663803451,-8.708173237071614,-52.283793143273485,-17.30950990956319
Harlingen,broken_squared,1919,-60,1919,-51.283666075843364,-60,-61.303422563930496,-10.01975648808713,-51.283666075843364,-17.954998209705607
Harlingen,broken_squared,1920,-53,1920,-50.28353900841325,-53,-60.48389564239517,-10.200356633981917,-50.28353900841325,-18.560833127496885
Harlingen,broken_squared,1921,-35,1921,-49.28341194098313,-35,-58.51300031854829,-9.22958837756517,-49.28341194098313,-19.12701466293701
Harlingen,broken_squared,1922,-52,1922,-48.283284873553015,-52,-55.5003123588569,-7.217027485303887,-48.283284873553015,-19.653542816025997
Harlingen,broken_squared,1923,-8,1923,-47.2831578061229,-8,-51.67300019499697,-4.389842388874066,-47.2831578061229,-20.14041758676384
Harlingen,broken_squared,1924,-39,1924,-46.28303073869278,-39,-47.350183217036765,-1.0671524783439856,-46.28303073869278,-20.587638975150526
Harlingen,broken_squared,1925,18,1925,-45.282903671262666,18,-42.90691107382086,2.3759925974418112,-45.282903671262666,-20.995206981186076
Harlingen,broken_squared,1926,6,1926,-44.282776603832545,6,-38.73182982813754,5.550946775695001,-44.282776603832545,-21.36312160487047
Harlingen,broken_squared,1927,-10,1927,-43.28264953640243,-10,-35.18331341246782,8.099336123934608,-43.28264953640243,-21.691382846203734
Harlingen,broken_squared,1928,8,1928,-42.28252246897231,8,-32.5490120607824,9.73351040818991,-42.28252246897231,-21.979990705185838
Harlingen,broken_squared,1929,-68,1929,-41.282395401542196,-68,-31.013383699630012,10.269011701912184,-41.282395401542196,-22.228945181816805
Harlingen,broken_squared,1930,-36,1930,-40.28226833411208,-36,-30.636873202764853,9.64539513134723,-40.28226833411208,-22.438246276096628
Harlingen,broken_squared,1931,-15,1931,-39.28214126668196,-15,-31.349089657371728,7.93305160931023,-39.28214126668196,-22.607893988025296
Harlingen,broken_squared,1932,-29,1932,-38.28201419925185,-29,-32.95675176006875,5.3252624391830965,-38.28201419925185,-22.73788831760283
Harlingen,broken_squared,1933,-85,1933,-37.281887131821726,-85,-35.16550450366215,2.1163826281595806,-37.281887131821726,-22.828229264829208
Harlingen,broken_squared,1934,-55,1934,-36.28176006439161,-55,-37.613144589404584,-1.3313845250129663,-36.28176006439161,-22.87891682970445
Harlingen,broken_squared,1935,-3,1935,-35.28163299696149,-3,-39.910504236096486,-4.628871239134995,-35.28163299696149,-22.889951012228536
Harlingen,broken_squared,1936,-13,1936,-34.28150592953138,-13,-41.68537861346422,-7.40387268393285,-34.28150592953138,-22.861331812401488
Harlingen,broken_squared,1937,-46,1937,-33.281378862101256,-46,-42.62453857721837,-9.343159715117112,-33.281378862101256,-22.793059230223285
Harlingen,broken_squared,1938,-13,1938,-32.28125179467114,-13,-42.50908650536013,-10.227834710688986,-32.28125179467114,-22.685133265693942
Harlingen,broken_squared,1939,-63,1939,-31.281124727241025,-63,-41.239164434803854,-9.958039707562836,-31.281124727241025,-22.53755391881345
Harlingen,broken_squared,1940,-57,1940,-30.280997659810907,-57,-38.84522555977085,-8.564227899959945,-30.280997659810907,-22.350321189581816
Harlingen,broken_squared,1941,-95,1941,-29.28087059238079,-95,-35.48459681809546,-6.203726225714671,-29.28087059238079,-22.123435077999034
Harlingen,broken_squared,1942,-59,1942,-28.280743524950672,-59,-31.423720564574875,-3.1429770396242027,-28.280743524950672,-21.856895584065107
Harlingen,broken_squared,1943,-13,1943,-27.28061645752056,-13,-27.00807980796249,0.27253664955807233,-27.28061645752056,-21.55070270778004
Harlingen,broken_squared,1944,-11,1944,-26.28048939009044,-11,-22.6232017097583,3.657287680332145,-26.28048939009044,-21.204856449143822
Harlingen,broken_squared,1945,-9,1945,-25.280362322660324,-9,-18.65114108690288,6.629221235757444,-25.280362322660324,-20.81935680815646
Harlingen,broken_squared,1946,-32,1946,-24.280235255230206,-32,-15.427355856434831,8.852879398795373,-24.280235255230206,-20.39420378481795
Harlingen,broken_squared,1947,-103,1947,-23.28010818780009,-103,-13.20284211960168,10.07726606819841,-23.28010818780009,-19.929397379128297
Harlingen,broken_squared,1948,-10,1948,-22.27998112036997,-10,-12.115802899488497,10.164178220881475,-22.27998112036997,-19.4249375910875
Harlingen,broken_squared,1949,8,1949,-21.279854052939854,8,-12.176048432145532,9.103805620794324,-21.279854052939854,-18.880824420695554
Harlingen,broken_squared,1950,2,1950,-20.27972698550974,-25.94736842105263,-13.263888833167186,7.015838152342552,-20.27972698550974,-18.297057867952468
Harlingen,broken_squared,1951,-19,1951,-19.279599918079622,-24.94736842105263,-15.143644130323764,4.135955787755856,-19.279599918079622,-17.67363793285823
Harlingen,broken_squared,1952,3,1952,-18.279472850649505,-5.94736842105263,-17.490246713144384,0.7892261375051204,-18.279472850649505,-17.01056461541285
Harlingen,broken_squared,1953,-42,1953,-17.279345783219387,-13.94736842105263,-19.92593343974626,-2.6465876565268682,-17.279345783219387,-16.307837915616325
Harlingen,broken_squared,1954,-16,1954,-16.27921871578927,-46.94736842105263,-22.062885768031,-5.783667052241729,-16.27921871578927,-15.565457833468653
Harlingen,broken_squared,1955,-19,1955,-15.279091648359152,-17.94736842105263,-23.54700489328273,-8.267913244923577,-15.279091648359152,-14.783424368969834
Harlingen,broken_squared,1956,-61,1956,-14.278964580929035,-40.94736842105263,-24.097880760005175,-9.81891617907614,-14.278964580929035,-13.961737522119872
Harlingen,broken_squared,1957,-15,1957,-13.27883751349892,-14.94736842105263,-23.54044343345444,-10.26160591995552,-13.27883751349892,-13.100397292918764
Harlingen,broken_squared,1958,-9,1958,-12.278710446068802,-6.94736842105263,-21.824724172539838,-9.546013726471037,-12.278710446068802,-12.19940368136651
Harlingen,broken_squared,1959,-59,1959,-11.278583378638684,-5.94736842105263,-19.031495666892056,-7.752912288253365,-11.278583378638684,-11.258756687463112
Harlingen,broken_squared,1960,-24,1960,-10.278456311208569,-7.94736842105263,-15.36315479459919,-5.084698483390621,-10.278456311208569,-10.278456311208569
Harlingen,broken_squared,1961,58,1961,-9.258502552602879,32.05263157894737,-11.101050320968815,-1.842547768365936,-9.278329243778451,-9.258502552602879
Harlingen,broken_squared,1962,4,1962,-8.198895411646042,-6.94736842105263,-6.59131431712738,1.6075810945186624,-8.278202176348334,-8.198895411646042
Harlingen,broken_squared,1963,-73,1963,-7.099634888338062,-36.94736842105263,-2.223381142986831,4.876253745351233,-7.278075108918216,-7.099634888338062
Harlingen,broken_squared,1964,-60,1964,-5.960720982678935,-23.94736842105263,1.6337967674633376,7.594517750142269,-6.277948041488099,-5.960720982678935
Harlingen,broken_squared,1965,11,1965,-4.782153694668665,-14.94736842105263,4.673394525980413,9.455548220649076,-5.277820974057983,-4.782153694668665
Harlingen,broken_squared,1966,27,1966,-3.5639330243072473,13.05263157894737,6.6853477439976245,10.249280768304873,-4.277693906627865,-3.5639330243072473
Harlingen,broken_squared,1967,89,1967,-2.3060589715946844,27.05263157894737,7.580063615297533,9.886122586892213,-3.277566839197748,-2.3060589715946844
Harlingen,broken_squared,1968,-2,1968,-1.0085315365309764,17.05263157894737,7.398533731657073,8.407065268188049,-2.277439771767631,-1.0085315365309764
Harlingen,broken_squared,1969,-3,1969,0.328649280883877,34.05263157894737,6.3077071442780905,5.979057863394214,-1.2773127043375139,0.328649280883877
Harlingen,broken_squared,1970,63,1970,1.705483480649876,49.05263157894737,4.581645938121895,2.8761624574720193,-0.27718563690739684,1.705483480649876
Harlingen,broken_squared,1971,-15,1971,3.1219710627670203,13.05263157894737,2.570590389509281,-0.55138067325774065,0.7229414305227202,3.1219710627670203
Harlingen,broken_squared,1972,-13,1972,4.57811202723531,41.05263157894737,0.6614254868665412,-3.916686540368768,1.7230684979528372,4.57811202723531
Harlingen,broken_squared,1973,48,1973,6.073906374054745,27.05263157894737,-0.7659888317138694,-6.839895205768613,2.7231955653829543,6.073906374054745
Harlingen,broken_squared,1974,43,1974,7.609354103225326,4.05263157894737,-1.3816944861887421,-8.991048589414069,3.7233226328130713,7.609354103225326
Harlingen,broken_squared,1975,-8,1975,9.184455214747052,16.05263157894737,-0.9428793746553197,-10.127334589402372,4.723449700243188,9.184455214747052
Harlingen,broken_squared,1976,-42,1976,10.799209708619923,3.05263157894737,0.6787151357284102,-10.12049457289151,5.723576767673306,10.799209708619923
Harlingen,broken_squared,1977,21,1977,12.45361758484394,0.05263157894736992,3.482316975988354,-8.971300608855586,6.7237038351034215,12.45361758484394
Harlingen,broken_squared,1978,-7,1978,14.147678843419103,0.05263157894736992,7.33821052285795,-6.809468320561152,7.723830902533539,14.147678843419103
Harlingen,broken_squared,1979,15,1979,15.881393484345411,24.05263157894737,12.002378289777278,-3.879015194568134,8.723957969963656,15.881393484345411
Harlingen,broken_squared,1980,52,1980,17.654761507622865,66.05263157894737,17.14404447597845,-0.5107170316444138,9.724085037393774,17.654761507622865
Harlingen,broken_squared,1981,76,1981,19.46778291325146,52.05263157894737,22.3830113870559,2.9152284738044356,10.72421210482389,19.46778291325146
Harlingen,broken_squared,1982,51,1982,21.320457701231206,46.05263157894737,27.332574367029864,6.012116665798656,11.724339172254007,21.320457701231206
Harlingen,broken_squared,1983,100,1983,23.212785871562097,56.05263157894737,31.643171205705144,8.430385334143041,12.724466239684125,23.212785871562097
Harlingen,broken_squared,1984,16,1984,25.14476742424413,31.05263157894737,35.04183908100196,9.897071656757834,13.72459330711424,25.14476742424413
Harlingen,broken_squared,1985,16,1985,27.11640235927731,24.05263157894737,37.36302532171909,10.24662296244178,14.724720374544358,27.11640235927731
Harlingen,broken_squared,1986,18,1986,29.127690676661636,18.05263157894737,38.56727421637575,9.439583539714118,15.724847441974475,29.127690676661636
Harlingen,broken_squared,1987,-11,1987,31.17863237639711,27.05263157894737,38.745680588818885,7.567048212421769,16.724974509404593,31.17863237639711
Harlingen,broken_squared,1988,87,1988,33.269227458483726,51.05263157894737,38.10960744187466,4.840379983390935,17.72510157683471,33.269227458483726
Harlingen,broken_squared,1989,35,1989,35.399475922921496,23.05263157894737,36.96682829318994,1.5673523702684413,18.725228644264828,35.399475922921496
Harlingen,broken_squared,1990,95,1990,37.5693777697104,19.05263157894737,35.68678714446635,-1.8825906252440427,19.725355711694945,37.5693777697104
Harlingen,broken_squared,1991,-42,1991,39.77893299885045,-21.94736842105263,34.65889737577891,-5.120035623071541,20.72548277912506,39.77893299885045
Harlingen,broken_squared,1992,9,1992,42.02814161034165,1.05263157894737,34.248586590149074,-7.779555020192574,21.725609846555177,42.02814161034165
Harlingen,broken_squared,1993,3,1993,44.317003604183995,16.05263157894737,34.75604886010352,-9.56095474408047,22.725736913985294,44.317003604183995
Harlingen,broken_squared,1994,55,1994,46.64551898037749,26.05263157894737,36.38236022911494,-10.263158751262562,23.72586398141541,46.64551898037749
Harlingen,broken_squared,1995,53,1995,49.013687738922115,48.05263157894737,39.20678219115422,-9.806905547767894,24.72599104884553,49.013687738922115
Harlingen,broken_squared,1996,-95,1996,51.421509879817904,-0.9473684210526443,43.17781502510316,-8.243694854714752,25.726118116275646,51.421509879817904
Harlingen,broken_squared,1997,-9,1997,53.868985403064826,25.05263157894737,48.11901084166525,-5.749974561399577,26.726245183705764,53.868985403064826
Harlingen,broken_squared,1998,89,1998,56.356114308662896,41.05263157894737,53.74889019331211,-2.60722411535079,27.726372251135878,56.356114308662896
Harlingen,broken_squared,1999,80,1999,58.88289659661211,40.05263157894737,59.71271415377166,0.8298175571595463,28.726499318565995,58.88289659661211
Harlingen,broken_squared,2000,77,2000,61.44933226691248,45.05263157894737,65.62252558378339,4.173193316870904,29.726626385996113,61.44933226691248
Harlingen,broken_squared,2001,67,2001,64.05542131956399,62.05263157894737,71.10093991289396,7.0455185933299775,30.72675345342623,64.05542131956399
Harlingen,broken_squared,2002,53,2002,66.70116375456664,72.05263157894737,75.82374253928661,9.122578784719982,31.726880520856348,66.70116375456664
Harlingen,broken_squared,2003,39,2003,69.38655957192043,76.05263157894737,79.55648465299535,10.169925081074924,32.72700758828646,69.38655957192043
Harlingen,broken_squared,2004,88,2004,72.11160877162538,68.05263157894737,82.18094671766754,10.06933794604215,33.72713465571658,72.11160877162538
Harlingen,broken_squared,2005,58,2005,74.87631135368147,65.05263157894737,83.70848253720546,8.83217118352397,34.7272617231467,74.87631135368147
Harlingen,broken_squared,2006,65,2006,77.68066731808871,60.05263157894737,84.27873769164775,6.598070373559032,35.72738879057682,77.68066731808871
Harlingen,broken_squared,2007,122,2007,80.52467666484708,91.05263157894737,84.14388699923583,3.619210334388758,36.72751585800693,80.52467666484708
Harlingen,broken_squared,2008,98,2008,83.40833939395661,70.05263157894737,83.6401702059982,0.23183081204157574,37.72764292543705,83.40833939395661
Harlingen,broken_squared,2009,52,2009,86.33165550541727,62.05263157894737,83.14993882067266,-3.181716684744623,38.72776999286717,86.33165550541727
Harlingen,broken_squared,2010,30,2010,89.2946249992291,72.05263157894737,83.05849807018592,-6.236126929043193,39.72789706029729,89.2946249992291
Harlingen,broken_squared,2011,96,2011,92.29724787539206,76.05263157894737,83.71061545328071,-8.586632422111347,40.7280241277274,92.29724787539206
Harlingen,broken_squared,2012,83,2012,95.33952413390617,80.05263157894737,85.37160500271965,-9.967919131186514,41.728151195157515,95.33952413390617
Harlingen,broken_squared,2013,40,2013,98.42145377477142,75.05263157894737,88.19737988197626,-10.224073892795184,42.72827826258764,98.42145377477142
Harlingen,broken_squared,2014,93,2014,101.54303679798782,94.05263157894737,92.21685363880185,-9.32618315918598,43.72840533001775,101.54303679798782
Harlingen,broken_squared,2015,140,2015,104.70427320355537,102.05263157894737,97.32867657960227,-7.375596623953099,44.72853239744787,104.70427320355537
Harlingen,broken_squared,2016,103,2016,107.90516299147406,125.05263157894737,103.31267564737281,-4.592487344101236,45.728659464877985,107.90516299147406
Harlingen,broken_squared,2017,149,2017,111.14570616174389,122.05263157894737,109.8547065234408,-1.290999638303119,46.728786532308106,111.14570616174389
Harlingen,broken_squared,2018,47,2018,114.42590271436488,98.05263157894737,116.5821127643625,2.1562100499976244,47.72891359973822,114.42590271436488
Harlingen,broken_squared,2019,140,2019,117.74575264933699,129.05263157894737,123.1057895129579,5.3600368636209055,48.729040667168334,117.74575264933699
Harlingen,broken_squared,2020,153,2020,121.10525596666028,133.05263157894737,129.06410382912026,7.958847862459973,49.729167734598455,121.10525596666028
Harlingen,broken_squared,2021,117,2021,124.50441266633467,136.05263157894737,134.16371411951005,9.659301453175368,50.72929480202857,124.50441266633467
Harlingen,broken_squared,2022,142,2022,127.94322274836026,145.05263157894737,138.21268116041193,10.269458412051671,51.72942186945869,127.94322274836026
Harlingen,broken_squared,2023,204,2023,131.42168621273697,174.05263157894737,141.14213329683287,9.72044708409592,52.729548936888804,131.42168621273697
Harlingen,broken_squared,2024,203,2024,134.93980305946482,183.05263157894737,143.01404035180965,8.07423729234485,53.729676004318925,134.93980305946482
Harlingen,broken_squared,2025,151,2025,138.4975732885438,175.05263157894737,144.01421876351301,5.516645474969195,54.72980307174904,138.4975732885438
IJmuiden,linear,1891,-197,1891,-211.67189968229025,-197,-198.49148264094532,13.180417041344906,-211.67189968229025,-211.67189968229025
IJmuiden,linear,1892,-164,1892,-209.54182123983185,-164,-193.8104465739035,15.731374665928335,-209.54182123983185,-209.54182123983185
IJmuiden,linear,1893,-117,1893,-207.4117427973734,-117,-190.90509427608723,16.50664852128616,-207.4117427973734,-207.4117427973734
IJmuiden,linear,1894,-122,1894,-205.281664354915,-122,-189.86293502312557,15.418729331789411,-205.281664354915,-205.281664354915
IJmuiden,linear,1895,-224,1895,-203.15158591245654,-224,-190.56116960083392,12.59041631162262,-203.15158591245654,-203.15158591245654
IJmuiden,linear,1896,-230,1896,-201.02150746999814,-230,-192.68055130440422,8.340956165593903,-201.02150746999814,-201.02150746999814
IJmuiden,linear,1897,-212,1897,-198.8914290275397,-212,-195.7414210087114,3.150008018828289,-198.8914290275397,-198.8914290275397
IJmuiden,linear,1898,-178,1898,-196.7613505850813,-178,-199.1578488400574,-2.396498254976117,-196.7613505850813,-196.7613505850813
IJmuiden,linear,1899,-166,1899,-194.63127214262283,-166,-202.30377119144964,-7.672499048826819,-194.63127214262283,-194.63127214262283
IJmuiden,linear,1900,-193,1900,-192.50119370016438,-193,-204.58365784540806,-12.082464145243675,-192.50119370016438,-192.50119370016438
IJmuiden,linear,1901,-199,1901,-190.37111525770598,-199,-205.4997326310098,-15.128617373303822,-190.37111525770598,-190.37111525770598
IJmuiden,linear,1902,-275,1902,-188.24103681524753,-275,-204.7081600627676,-16.467123247520064,-188.24103681524753,-188.24103681524753
IJmuiden,linear,1903,-183,1903,-186.11095837278913,-183,-202.05785587714246,-15.94689750435332,-186.11095837278913,-186.11095837278913
IJmuiden,linear,1904,-220,1904,-183.98087993033067,-220,-197.60754071540634,-13.626660785075671,-183.98087993033067,-183.98087993033067
IJmuiden,linear,1905,-229,1905,-181.85080148787227,-229,-191.61911201314115,-9.768310525268888,-181.85080148787227,-181.85080148787227
IJmuiden,linear,1906,-188,1906,-179.72072304541382,-188,-184.52808224639028,-4.807359200976444,-179.72072304541382,-179.72072304541382
IJmuiden,linear,1907,-238,1907,-177.59064460295542,-238,-176.89442032655114,0.6962242764042763,-177.59064460295542,-177.59064460295542
IJmuiden,linear,1908,-237,1908,-175.46056616049697,-237,-169.33934493672635,6.121221223770642,-175.46056616049697,-175.46056616049697
IJmuiden,linear,1909,-157,1909,-173.33048771803857,-157,-162.475204281196,10.855283436842562,-173.33048771803857,-173.33048771803857
IJmuiden,linear,1910,-143,1910,-171.2004092755801,-143,-156.8363570929233,14.364052182656835,-171.2004092755801,-171.2004092755801
IJmuiden,linear,1911,-167,1911,-169.0703308331217,-167,-152.8188567266988,16.251474106422883,-169.0703308331217,-169.0703308331217
IJmuiden,linear,1912,-106,1912,-166.94025239066326,-106,-150.63574651451887,16.304505876144383,-166.94025239066326,-166.94025239066326
IJmuiden,linear,1913,-126,1913,-164.81017394820483,-126,-150.29301243375346,14.5171615144514,-164.81017394820483,-164.81017394820483
IJmuiden,linear,1914,-102,1914,-162.6800955057464,-102,-151.58890743810338,11.091188067643047,-162.6800955057464,-162.6800955057464
IJmuiden,linear,1915,-136,1915,-160.55001706328798,-136,-154.13672371769928,6.413293345588718,-160.55001706328798,-160.55001706328798
IJmuiden,linear,1916,-87,1916,-158.41993862082956,-87,-157.40844246245672,1.0114961583728164,-158.41993862082956,-158.41993862082956
IJmuiden,linear,1917,-144,1917,-156.2898601783711,-144,-160.79433414818072,-4.504473969809638,-156.2898601783711,-156.2898601783711
IJmuiden,linear,1918,-160,1918,-154.1597817359127,-160,-163.67178194473766,-9.512000208824954,-154.1597817359127,-154.1597817359127
IJmuiden,linear,1919,-210,1919,-152.02970329345425,-210,-165.4755597828603,-13.445856489406061,-152.02970329345425,-152.02970329345425
IJmuiden,linear,1920,-212,1920,-149.89962485099585,-212,-165.7616324211135,-15.862007570117632,-149.89962485099585,-149.89962485099585
IJmuiden,linear,1921,-195,1921,-147.7695464085374,-195,-164.25727606077476,-16.487729652237366,-147.7695464085374,-147.7695464085374
IJmuiden,linear,1922,-195,1922,-145.639467966079,-195,-160.89186212876268,-15.2523941626837,-145.639467966079,-145.639467966079
IJmuiden,linear,1923,-173,1923,-143.50938952362054,-173,-155.80482949961493,-12.295439975994388,-143.50938952362054,-143.50938952362054
IJmuiden,linear,1924,-189,1924,-141.37931108116211,-189,-149.32994528950223,-7.950634208340105,-141.37931108116211,-141.37931108116211
IJmuiden,linear,1925,-143,1925,-139.2492326387037,-143,-141.95763079000892,-2.708398151305219,-139.2492326387037,-139.2492326387037
IJmuiden,linear,1926,-152,1926,-137.11915419624526,-152,-134.27960501352908,2.839549182716177,-137.11915419624526,-137.11915419624526
IJmuiden,linear,1927,-119,1927,-134.98907575378684,-119,-126.92209422717205,8.066981526614764,-134.98907575378684,-134.98907575378684
IJmuiden,linear,1928,-99,1928,-132.8589973113284,-99,-120.47514646964407,12.38385084168433,-132.8589973113284,-132.8589973113284
IJmuiden,linear,1929,-159,1929,-130.72891886886998,-159,-115.42602969682434,15.302889172045639,-130.72891886886998,-130.72891886886998
IJmuiden,linear,1930,-116,1930,-128.59884042641153,-116,-112.10423126090187,16.494609165509658,-128.59884042641153,-128.59884042641153
IJmuiden,linear,1931,-115,1931,-126.46876198395312,-115,-110.64426692383608,15.824495060117032,-126.46876198395312,-126.46876198395312
IJmuiden,linear,1932,-126,1932,-124.33868354149469,-126,-110.97049734922157,13.368186192273118,-124.33868354149469,-124.33868354149469
IJmuiden,linear,1933,-172,1933,-122.20860509903626,-172,-112.80566591572303,9.402939183313237,-122.20860509903626,-122.20860509903626
IJmuiden,linear,1934,-154,1934,-120.07852665657784,-154,-115.70219414375407,4.376332512823762,-120.07852665657784,-120.07852665657784
IJmuiden,linear,1935,-108,1935,-117.9484482141194,-108,-119.09270225445778,-1.1442540403383719,-117.9484482141194,-117.9484482141194
IJmuiden,linear,1936,-75,1936,-115.81836977166097,-75,-122.35405233730647,-6.535682565645493,-115.81836977166097,-115.81836977166097
IJmuiden,linear,1937,-77,1937,-113.68829132920254,-77,-124.87768523401743,-11.189393904814892,-113.68829132920254,-113.68829132920254
IJmuiden,linear,1938,-109,1938,-111.55821288674412,-109,-126.13831184131084,-14.580098954566719,-111.55821288674412,-111.55821288674412
IJmuiden,linear,1939,-106,1939,-109.42813444428569,-106,-125.75320528051691,-16.32507083623123,-109.42813444428569,-109.42813444428569
IJmuiden,linear,1940,-111,1940,-107.29805600182726,-111,-123.52540131209356,-16.227345310266294,-107.29805600182726,-107.29805600182726
IJmuiden,linear,1941,-133,1941,-105.16797755936884,-133,-119.4659307349366,-14.297953175567763,-105.16797755936884,-105.16797755936884
IJmuiden,linear,1942,-123,1942,-103.03789911691041,-123,-113.79257428155098,-10.754675164640563,-103.03789911691041,-103.03789911691041
IJmuiden,linear,1943,-66,1943,-100.90782067445197,-66,-106.90528055067449,-5.9974598762225275,-100.90782067445197,-100.90782067445197
IJmuiden,linear,1944,-46,1944,-98.77774223199354,-46,-99.34102168579388,-0.563279453800325,-98.77774223199354,-98.77774223199354
IJmuiden,linear,1945,-110,1945,-96.64766378953512,-110,-91.71318247876945,4.934481310765671,-96.64766378953512,-96.64766378953512
IJmuiden,linear,1946,-121,1946,-94.51758534707669,-121,-84.64232437219846,9.875260974878234,-94.51758534707669,-94.51758534707669
IJmuiden,linear,1947,-146,1947,-92.38750690461825,-146,-78.68613939511158,13.701367509506664,-92.38750690461825,-92.38750690461825
IJmuiden,linear,1948,-55,1948,-90.25742846215982,-55,-74.27650050312428,15.980927959035544,-90.25742846215982,-90.25742846215982
IJmuiden,linear,1949,-51,1949,-88.1273500197014,-51,-71.67071378532,16.45663623438139,-88.1273500197014,-88.1273500197014
IJmuiden,linear,1950,-41,1950,-85.99727157724297,-62.46052631578947,-70.92247496005498,15.074796617187989,-85.99727157724297,-85.99727157724297
IJmuiden,linear,1951,-53,1951,-83.86719313478454,-57.46052631578947,-71.87580845418128,11.991384680603275,-83.86719313478454,-83.86719313478454
IJmuiden,linear,1952,-33,1952,-81.73711469232612,-44.46052631578947,-74.18267319399104,7.554441498335083,-81.73711469232612,-81.73711469232612
IJmuiden,linear,1953,-85,1953,-79.60703624986769,-55.46052631578947,-77.34224784879703,2.264788401070665,-79.60703624986769,-79.60703624986769
IJmuiden,linear,1954,-63,1954,-77.47695780740926,-85.46052631578948,-80.75746119315897,-3.2805033857497117,-77.47695780740926,-77.47695780740926
IJmuiden,linear,1955,-38,1955,-75.34687936495082,-43.46052631578947,-83.80238670567735,-8.455507340726527,-75.34687936495082,-75.34687936495082
IJmuiden,linear,1956,-95,1956,-73.2168009224924,-78.46052631578948,-85.89289421822181,-12.676093295729418,-73.2168009224924,-73.2168009224924
IJmuiden,linear,1957,-65,1957,-71.08672248003397,-64.46052631578948,-86.55258378888823,-15.465861308854262,-71.08672248003397,-71.08672248003397
IJmuiden,linear,1958,-64,1958,-68.95664403757554,-70.46052631578948,-85.46655949243117,-16.509915454855616,-68.95664403757554,-68.95664403757554
IJmuiden,linear,1959,-91,1959,-66.82656559511712,-47.46052631578947,-82.51697339498486,-15.690407799867742,-66.82656559511712,-66.82656559511712
IJmuiden,linear,1960,-42,1960,-64.69648715265868,-40.46052631578947,-77.79632767595962,-13.099840523300939,-64.69648715265868,-64.69648715265868
IJmuiden,linear,1961,3,1961,-62.56640871020026,-19.460526315789473,-71.59703341599989,-9.030624705799623,-62.56640871020026,-62.56640871020026
IJmuiden,linear,1962,-47,1962,-60.43633026774182,-52.46052631578947,-64.37840460603502,-3.9420743382931986,-60.43633026774182,-60.43633026774182
IJmuiden,linear,1963,-86,1963,-58.3062518252834,-58.46052631578947,-56.714812938835045,1.5914388864483673,-58.3062518252834,-58.3062518252834
IJmuiden,linear,1964,-74,1964,-56.17617338282497,-41.46052631578947,-49.23085542697057,6.945317955854395,-56.17617338282497,-56.17617338282497
IJmuiden,linear,1965,-35,1965,-54.046094940366544,-63.46052631578947,-42.53085282230391,11.515242118062632,-54.046094940366544,-54.046094940366544
IJmuiden,linear,1966,7,1966,-51.91601649790811,-14.460526315789473,-37.13063672466339,14.785379773244722,-51.91601649790811,-51.91601649790811
IJmuiden,linear,1967,16,1967,-49.785938055449684,-29.460526315789473,-33.39932493085648,16.386613124593204,-49.785938055449684,-49.785938055449684
IJmuiden,linear,1968,-52,1968,-47.65585961299126,-43.46052631578947,-31.517657149466324,16.138202463524934,-47.65585961299126,-47.65585961299126
IJmuiden,linear,1969,-67,1969,-45.525781170532824,-48.46052631578947,-31.457593950479414,14.06818722005341,-45.525781170532824,-45.525781170532824
IJmuiden,linear,1970,-43,1970,-43.3957027280744,-60.46052631578947,-32.98548172459975,10.410221003474645,-43.3957027280744,-43.3957027280744
IJmuiden,linear,1971,-84,1971,-41.26562428561597,-61.46052631578947,-35.68842640649035,5.57719787912562,-41.26562428561597,-41.26562428561597
IJmuiden,linear,1972,-117,1972,-39.13554584315754,-74.46052631578948,-39.02089901979381,0.11464682336372967,-39.13554584315754,-39.13554584315754
IJmuiden,linear,1973,-51,1973,-37.00546740069911,-67.46052631578948,-42.366312428657956,-5.360845027958844,-37.00546740069911,-37.00546740069911
IJmuiden,linear,1974,-42,1974,-34.875388958240684,-80.46052631578948,-45.10661880093889,-10.231229842698204,-34.875388958240684,-34.875388958240684
IJmuiden,linear,1975,-86,1975,-32.74531051578225,-64.46052631578948,-46.6920719479487,-13.946761432166452,-32.74531051578225,-32.74531051578225
IJmuiden,linear,1976,-109,1976,-30.615232073323824,-75.46052631578948,-46.703280095124136,-16.0880480218003,-30.615232073323824,-30.615232073323824
IJmuiden,linear,1977,-58,1977,-28.485153630865398,-79.46052631578948,-44.89854485798078,-16.413391227115383,-28.485153630865398,-28.485153630865398
IJmuiden,linear,1978,-28,1978,-26.355075188406968,-28.460526315789473,-41.24114302183628,-14.886067833429312,-26.355075188406968,-26.355075188406968
IJmuiden,linear,1979,-38,1979,-24.224996745948538,-35.46052631578947,-35.90347168599822,-11.678474940049684,-24.224996745948538,-24.224996745948538
IJmuiden,linear,1980,5,1980,-22.09491830349011,14.539473684210527,-29.247588887987853,-7.15267058449774,-22.09491830349011,-22.09491830349011
IJmuiden,linear,1981,2,1981,-19.96483986103168,-20.460526315789473,-21.784346190844328,-1.8195063298126462,-19.96483986103168,-19.96483986103168
IJmuiden,linear,1982,-13,1982,-17.83476141857325,-9.460526315789473,-14.11572615532685,3.7190352632464023,-17.83476141857325,-17.83476141857325
IJmuiden,linear,1983,26,1983,-15.704682976114825,-4.460526315789473,-6.8668933726314165,8.837789603483408,-15.704682976114825,-15.704682976114825
IJmuiden,linear,1984,-28,1984,-13.574604533656395,-15.460526315789473,-0.6156288182691991,12.958975715387195,-13.574604533656395,-13.574604533656395
IJmuiden,linear,1985,-30,1985,-11.444526091197968,-20.460526315789473,4.172887353814665,15.617413445012634,-11.444526091197968,-11.444526091197968
IJmuiden,linear,1986,-34,1986,-9.314447648739538,-30.460526315789473,7.1985831646457745,16.513030813385313,-9.314447648739538,-9.314447648739538
IJmuiden,linear,1987,-34,1987,-7.1843692062811115,-4.460526315789473,8.360365527432396,15.544734733713508,-7.1843692062811115,-7.1843692062811115
IJmuiden,linear,1988,30,1988,-5.054290763822678,2.5394736842105274,7.767531160928684,12.821821924751362,-5.054290763822678,-5.054290763822678
IJmuiden,linear,1989,5,1989,-2.9242123213642515,-0.46052631578947256,5.727429688582493,8.651642009946745,-2.9242123213642515,-2.9242123213642515
IJmuiden,linear,1990,33,1990,-0.794133878905825,-19.460526315789473,2.7107714549581203,3.5049053338639427,-0.794133878905825,-0.794133878905825
IJmuiden,linear,1991,-62,1991,1.3359445635526086,-38.46052631578947,-0.7015040496409028,-2.0374486131935114,1.3359445635526086,1.3359445635526086
IJmuiden,linear,1992,-15,1992,3.466023006011035,-17.460526315789473,-3.8838019133847403,-7.349824919395775,3.466023006011035,3.466023006011035
IJmuiden,linear,1993,-21,1993,5.596101448469462,-9.460526315789473,-6.23648602161321,-11.832587470082672,5.596101448469462,5.596101448469462
IJmuiden,linear,1994,21,1994,7.726179890927895,-1.4605263157894726,-7.2535631682914925,-14.979743059219388,7.726179890927895,7.726179890927895
IJmuiden,linear,1995,22,1995,9.856258333386322,16.539473684210527,-6.579797195262307,-16.43605552864863,9.856258333386322,9.856258333386322
IJmuiden,linear,1996,-79,1996,11.986336775844748,-7.46052631578948,-4.0508063832034935,-16.03714315904824,11.986336775844748,11.986336775844748
IJmuiden,linear,1997,-25,1997,14.116415218303175,8.539473684210527,0.2883819110845991,-13.828033307218575,14.116415218303175,14.116415218303175
IJmuiden,linear,1998,57,1998,16.246493660761608,18.539473684210527,6.188413731470838,-10.058079929290766,16.246493660761608,16.246493660761608
IJmuiden,linear,1999,49,1999,18.376572103220035,16.539473684210527,13.223754427228108,-5.152817675991922,18.376572103220035,18.376572103220035
IJmuiden,linear,2000,46,2000,20.50665054567846,22.539473684210527,20.84072100802988,0.3340704623514208,20.50665054567846,20.50665054567846
IJmuiden,linear,2001,53,2001,22.636728988136895,42.53947368421053,28.419979282318565,5.783250294181671,22.636728988136895,22.636728988136895
IJmuiden,linear,2002,42,2002,24.76680743059532,57.53947368421053,35.34645139526887,10.57964396467355,24.76680743059532,24.76680743059532
IJmuiden,linear,2003,33,2003,26.896885873053748,67.53947368421052,41.07874293142927,14.181857058375517,26.896885873053748,26.896885873053748
IJmuiden,linear,2004,52,2004,29.026964315512174,38.53947368421053,45.21025297640976,16.18328866089759,29.026964315512174,29.026964315512174
IJmuiden,linear,2005,36,2005,31.1570427579706,40.53947368421053,47.515069320547525,16.358026562576924,31.1570427579706,31.1570427579706
IJmuiden,linear,2006,35,2006,33.28712120042904,34.53947368421053,47.97346836927633,14.686347168847288,33.28712120042904,33.28712120042904
IJmuiden,linear,2007,83,2007,35.41719964288747,57.53947368421053,46.774141449948694,11.356941807061226,35.41719964288747,35.41719964288747
IJmuiden,linear,2008,55,2008,37.547278085345894,36.53947368421053,44.292896220041705,6.74561813469581,37.547278085345894,37.547278085345894
IJmuiden,linear,2009,14,2009,39.67735652780432,20.539473684210527,41.050237261866215,1.3728807340618996,39.67735652780432,39.67735652780432
IJmuiden,linear,2010,2,2010,41.80743497026275,24.539473684210527,37.65261396724044,-4.1548210030223105,41.80743497026275,41.80743497026275
IJmuiden,linear,2011,33,2011,43.937513412721174,24.539473684210527,34.72396737527265,-9.21354603744852,43.937513412721174,43.937513412721174
IJmuiden,linear,2012,27,2012,46.067591855179614,27.539473684210527,32.83530263505898,-13.232289220120633,46.067591855179614,46.067591855179614
IJmuiden,linear,2013,3,2013,48.19767029763804,29.539473684210527,32.440236623299484,-15.757433674338554,48.19767029763804,48.19767029763804
IJmuiden,linear,2014,50,2014,50.32774874009647,50.53947368421053,33.8237957993802,-16.50395294071627,50.32774874009647,50.32774874009647
IJmuiden,linear,2015,64,2015,52.457827182554894,46.53947368421053,37.070243755826965,-15.387583426727932,52.457827182554894,52.457827182554894
IJmuiden,linear,2016,57,2016,54.58790562501332,76.53947368421052,42.05356993930009,-12.534335685713224,54.58790562501332,54.58790562501332
IJmuiden,linear,2017,87,2017,56.71798406747175,68.53947368421052,48.45171313068236,-8.266270936789386,56.71798406747175,56.71798406747175
IJmuiden,linear,2018,19,2018,58.84806250993019,60.53947368421053,55.78291420455653,-3.0651483053736577,58.84806250993019,58.84806250993019
IJmuiden,linear,2019,60,2019,60.978140952388614,52.53947368421053,63.460094839130456,2.4819538867418345,60.978140952388614,60.978140952388614
IJmuiden,linear,2020,66,2020,63.10821939484704,56.53947368421053,70.85712416294834,7.74890476810131,63.10821939484704,63.10821939484704
IJmuiden,linear,2021,46,2021,65.23829783730547,62.53947368421053,77.37949347019483,12.141195632889364,65.23829783730547,65.23829783730547
IJmuiden,linear,2022,69,2022,67.3683762797639,76.53947368421052,82.53142157429542,15.163045294531525,67.3683762797639,67.3683762797639
IJmuiden,linear,2023,126,2023,69.49845472222232,98.53947368421052,85.97181626232097,16.47336154009866,69.49845472222232,69.49845472222232
IJmuiden,linear,2024,134,2024,71.62853316468075,112.53947368421052,87.55277518376397,15.924242019083236,71.62853316468075,71.62853316468075
IJmuiden,linear,2025,87,2025,73.75861160713919,111.53947368421052,87.33628037398613,13.577668766846935,73.75861160713919,73.75861160713919
IJmuiden,broken_linear,1891,-197,1891,-209.08968197555012,-197,-196.35784363854245,12.73183833700768,-209.08968197555012,-254.04799087640578
IJmuiden,broken_linear,1892,-164,1892,-207.02367837861402,-164,-191.7452724262696,15.278405952344405,-207.02367837861402,-251.54121954514756
IJmuiden,broken_linear,1893,-117,1893,-204.95767478167792,-117,-188.8572559999162,16.100418781761736,-204.95767478167792,-249.03444821388933
IJmuiden,broken_linear,1894,-122,1894,-202.89167118474182,-122,-187.78657931122908,15.105091873512741,-202.89167118474182,-246.5276768826311
IJmuiden,broken_linear,1895,-224,1895,-200.82566758780573,-224,-188.42089452833835,12.404773059467393,-200.82566758780573,-244.02090555137292
IJmuiden,broken_linear,1896,-230,1896,-198.75966399086963,-230,-190.45540233194353,8.304261658926107,-198.75966399086963,-241.5141342201147
IJmuiden,broken_linear,1897,-212,1897,-196.6936603939335,-212,-193.4272562325236,3.2664041614098913,-196.6936603939335,-239.00736288885645
IJmuiden,broken_linear,1898,-178,1898,-194.6276567969974,-178,-196.76780651064965,-2.140149713652254,-194.6276567969974,-236.50059155759823
IJmuiden,broken_linear,1899,-166,1899,-192.5616532000613,-166,-199.86678672951854,-7.305133529457231,-192.5616532000613,-233.99382022634003
IJmuiden,broken_linear,1900,-193,1900,-190.4956496031252,-193,-202.14119774730054,-11.645548144175338,-190.4956496031252,-231.4870488950818
IJmuiden,broken_linear,1901,-199,1901,-188.4296460061891,-199,-203.1011139251539,-14.671467918964797,-188.4296460061891,-228.98027756382362
IJmuiden,broken_linear,1902,-275,1902,-186.363642409253,-275,-202.40498363487225,-16.041341225619227,-186.363642409253,-226.4735062325654
IJmuiden,broken_linear,1903,-183,1903,-184.29763881231688,-183,-199.89818200430176,-15.600543191984885,-184.29763881231688,-223.96673490130715
IJmuiden,broken_linear,1904,-220,1904,-182.23163521538078,-220,-195.6304642474943,-13.3988290321135,-182.23163521538078,-221.45996357004893
IJmuiden,broken_linear,1905,-229,1905,-180.16563161844468,-229,-189.8503495295692,-9.68471791112452,-180.16563161844468,-218.95319223879073
IJmuiden,broken_linear,1906,-188,1906,-178.09962802150858,-188,-182.97706928927195,-4.8774412677633645,-178.09962802150858,-216.4464209075325
IJmuiden,broken_linear,1907,-238,1907,-176.03362442457248,-238,-175.5532463609745,0.48037806359798996,-176.03362442457248,-213.9396495762743
IJmuiden,broken_linear,1908,-237,1908,-173.96762082763638,-237,-168.183646254823,5.7839745728133805,-173.96762082763638,-211.43287824501607
IJmuiden,broken_linear,1909,-157,1909,-171.90161723070028,-157,-161.466914063184,10.434703167516297,-171.90161723070028,-208.92610691375788
IJmuiden,broken_linear,1910,-143,1910,-169.83561363376418,-143,-155.92800221113524,13.907611422628953,-169.83561363376418,-206.41933558249966
IJmuiden,broken_linear,1911,-167,1911,-167.76961003682806,-167,-151.9589162895148,15.81069374731323,-167.76961003682806,-203.9125642512414
IJmuiden,broken_linear,1912,-106,1912,-165.70360643989196,-106,-149.77446730290472,15.929139136987253,-165.70360643989196,-201.40579291998318
IJmuiden,broken_linear,1913,-126,1913,-163.63760284295586,-126,-149.38802481120982,14.249578031746019,-163.63760284295586,-198.899021588725
IJmuiden,broken_linear,1914,-102,1914,-161.57159924601976,-102,-150.61000783645892,10.961591409560846,-161.57159924601976,-196.39225025746677
IJmuiden,broken_linear,1915,-136,1915,-159.50559564908366,-136,-153.06928387418677,6.436311774896895,-159.50559564908366,-193.88547892620858
IJmuiden,broken_linear,1916,-87,1916,-157.43959205214756,-87,-156.25506058938652,1.1845314627610337,-157.43959205214756,-191.37870759495036
IJmuiden,broken_linear,1917,-144,1917,-155.37358845521146,-144,-159.57454165892455,-4.2009532037130715,-155.37358845521146,-188.87193626369213
IJmuiden,broken_linear,1918,-160,1918,-153.30758485827533,-160,-162.4198388394178,-9.112253981142459,-153.30758485827533,-186.36516493243388
IJmuiden,broken_linear,1919,-210,1919,-151.24158126133923,-210,-164.23658754026553,-12.99500627892629,-151.24158126133923,-183.8583936011757
IJmuiden,broken_linear,1920,-212,1920,-149.17557766440314,-212,-164.5865208978584,-15.410943233455257,-149.17557766440314,-181.35162226991747
IJmuiden,broken_linear,1921,-195,1921,-147.10957406746704,-195,-163.19693928303303,-16.087365215565995,-147.10957406746704,-178.84485093865925
IJmuiden,broken_linear,1922,-195,1922,-145.04357047053094,-195,-159.9914913558533,-14.947920885322347,-145.04357047053094,-176.33807960740103
IJmuiden,broken_linear,1923,-173,1923,-142.97756687359484,-173,-155.0987922466632,-12.121225373068375,-142.97756687359484,-173.83130827614283
IJmuiden,broken_linear,1924,-189,1924,-140.9115632766587,-189,-148.83790608356614,-7.926342806907444,-140.9115632766587,-171.32453694488458
IJmuiden,broken_linear,1925,-143,1925,-138.8455596797226,-143,-141.68233153052017,-2.836771850797567,-138.8455596797226,-168.81776561362636
IJmuiden,broken_linear,1926,-152,1926,-136.7795560827865,-152,-134.20655547954865,2.5730006032378503,-136.7795560827865,-166.31099428236817
IJmuiden,broken_linear,1927,-119,1927,-134.7135524858504,-119,-127.02120766554958,7.6923448203008356,-134.7135524858504,-163.80422295110995
IJmuiden,broken_linear,1928,-99,1928,-132.64754888891432,-99,-120.70413564656272,11.943413242351596,-132.64754888891432,-161.29745161985173
IJmuiden,broken_linear,1929,-159,1929,-130.58154529197822,-159,-115.73518008236542,14.846365209612813,-130.58154529197822,-158.79068028859353
IJmuiden,broken_linear,1930,-116,1930,-128.5155416950421,-116,-112.44201257194837,16.073529123093717,-128.5155416950421,-156.28390895733529
IJmuiden,broken_linear,1931,-115,1931,-126.44953809810599,-115,-110.96314962067892,15.486388477427067,-126.44953809810599,-153.77713762607706
IJmuiden,broken_linear,1932,-126,1932,-124.38353450116989,-126,-111.23231754701914,13.15121695415075,-124.38353450116989,-151.27036629481884
IJmuiden,broken_linear,1933,-172,1933,-122.31753090423379,-172,-112.98593314477789,9.331597759455914,-122.31753090423379,-148.76359496356065
IJmuiden,broken_linear,1934,-154,1934,-120.25152730729769,-154,-115.79285571883639,4.458671588461291,-120.25152730729769,-146.25682363230243
IJmuiden,broken_linear,1935,-108,1935,-118.1855237103616,-108,-119.10305222413533,-0.9175285137737381,-118.1855237103616,-143.7500523010442
IJmuiden,broken_linear,1936,-75,1936,-116.1195201134255,-75,-122.30968241534485,-6.190162301919361,-116.1195201134255,-141.24328096978599
IJmuiden,broken_linear,1937,-77,1937,-114.05351651648937,-77,-124.81759612679264,-10.764079610303282,-114.05351651648937,-138.73650963852776
IJmuiden,broken_linear,1938,-109,1938,-111.98751291955327,-109,-126.11051103104373,-14.122998111490467,-111.98751291955327,-136.22973830726954
IJmuiden,broken_linear,1939,-106,1939,-109.92150932261717,-106,-125.8092881659051,-15.887778843287936,-109.92150932261717,-133.72296697601132
IJmuiden,broken_linear,1940,-111,1940,-107.85550572568107,-111,-123.71472736176398,-15.859221636082907,-107.85550572568107,-131.21619564475313
IJmuiden,broken_linear,1941,-133,1941,-105.78950212874497,-133,-119.83005202219476,-14.040549893449795,-105.78950212874497,-128.7094243134949
IJmuiden,broken_linear,1942,-123,1942,-103.72349853180887,-123,-114.360545281286,-10.637046749477117,-103.72349853180887,-126.20265298223669
IJmuiden,broken_linear,1943,-66,1943,-101.65749493487276,-66,-107.69037860654139,-6.032883671668626,-101.65749493487276,-123.69588165097846
IJmuiden,broken_linear,1944,-46,1944,-99.59149133793665,-46,-100.33924832595186,-0.7477569880152162,-99.59149133793665,-121.18911031972024
IJmuiden,broken_linear,1945,-110,1945,-97.52548774100055,-110,-92.90371474462476,4.621772996375783,-97.52548774100055,-118.68233898846202
IJmuiden,broken_linear,1946,-121,1946,-95.45948414406445,-121,-85.98986521628031,9.469618927784138,-95.45948414406445,-116.17556765720381
IJmuiden,broken_linear,1947,-146,1947,-93.39348054712835,-146,-80.14490184619613,13.248578700932203,-93.39348054712835,-113.6687963259456
IJmuiden,broken_linear,1948,-55,1948,-91.32747695019225,-55,-75.79537588473876,15.53210106545348,-91.32747695019225,-111.16202499468739
IJmuiden,broken_linear,1949,-51,1949,-89.26147335325614,-51,-73.19904062336884,16.062432729887288,-89.26147335325614,-108.65525366342916
IJmuiden,broken_linear,1950,-41,1950,-87.19546975632002,-62.46052631578947,-72.41575741233959,14.779712343980439,-87.19546975632002,-106.14848233217093
IJmuiden,broken_linear,1951,-53,1951,-85.12946615938392,-57.46052631578947,-73.3007387923171,11.82872736706683,-85.12946615938392,-103.64171100091272
IJmuiden,broken_linear,1952,-33,1952,-83.06346256244782,-44.46052631578947,-75.52089142352585,7.5425711389219785,-83.06346256244782,-101.1349396696545
IJmuiden,broken_linear,1953,-85,1953,-80.99745896551173,-55.46052631578947,-78.59241409924957,2.405044866262174,-80.99745896551173,-98.62816833839629
IJmuiden,broken_linear,1954,-63,1954,-78.93145536857563,-85.46052631578948,-81.93540695631289,-3.0039515877372613,-78.93145536857563,-96.12139700713809
IJmuiden,broken_linear,1955,-38,1955,-76.86545177163951,-43.46052631578947,-84.93932785106148,-8.073876079421971,-76.86545177163951,-93.61462567587985
IJmuiden,broken_linear,1956,-95,1956,-74.79944817470341,-78.46052631578948,-87.03190749220568,-12.232459317502242,-74.79944817470341,-91.10785434462164
IJmuiden,broken_linear,1957,-65,1957,-72.7334445777673,-64.46052631578948,-87.74374451364443,-15.010299935877118,-72.7334445777673,-88.60108301336341
IJmuiden,broken_linear,1958,-64,1958,-70.6674409808312,-70.46052631578948,-86.76128929849489,-16.093848317663667,-70.6674409808312,-86.0943116821052
IJmuiden,broken_linear,1959,-91,1959,-68.6014373838951,-47.46052631578947,-83.96223598884134,-15.360798604946222,-68.6014373838951,-83.58754035084698
IJmuiden,broken_linear,1960,-42,1960,-66.535433786959,-40.46052631578947,-79.4293277971843,-12.893894010225292,-66.535433786959,-81.08076901958877
IJmuiden,broken_linear,1961,3,1961,-64.46943019002289,-19.460526315789473,-73.44101734079955,-8.971587150776665,-64.46943019002289,-78.57399768833054
IJmuiden,broken_linear,1962,-47,1962,-62.40342659308679,-52.46052631578947,-66.44003621664858,-4.036609623561784,-62.40342659308679,-76.06722635707233
IJmuiden,broken_linear,1963,-86,1963,-60.33742299615069,-58.46052631578947,-58.983421535769544,1.354001460381153,-60.33742299615069,-73.56045502581412
IJmuiden,broken_linear,1964,-74,1964,-58.27141939921459,-41.46052631578947,-51.67964018749898,6.591779211715595,-58.27141939921459,-71.0536836945559
IJmuiden,broken_linear,1965,-35,1965,-56.20541580227848,-63.46052631578947,-45.119907951599586,11.085507850678894,-56.20541580227848,-68.54691236329768
IJmuiden,broken_linear,1966,7,1966,-54.13941220534238,-14.460526315789473,-39.81145583470381,14.327956370638578,-54.13941220534238,-66.04014103203946
IJmuiden,broken_linear,1967,16,1967,-52.073408608406275,-29.460526315789473,-36.120276213937565,15.95313239446871,-52.073408608406275,-63.53336970078124
IJmuiden,broken_linear,1968,-52,1968,-50.00740501147017,-43.46052631578947,-34.229811334427744,15.777593677042425,-50.00740501147017,-61.02659836952302
IJmuiden,broken_linear,1969,-67,1969,-47.94140141453407,-48.46052631578947,-34.12024720928357,13.821154205250501,-47.94140141453407,-58.51982703826481
IJmuiden,broken_linear,1970,-43,1970,-45.875397817597964,-60.46052631578947,-35.57075012948039,10.304647688117573,-45.875397817597964,-56.013055707006586
IJmuiden,broken_linear,1971,-84,1971,-43.80939422066186,-61.46052631578947,-38.18439333690261,5.6250008837592445,-43.80939422066186,-53.506284375748365
IJmuiden,broken_linear,1972,-117,1972,-41.74339062372576,-74.46052631578948,-41.43296025463503,0.3104303690907342,-41.74339062372576,-50.99951304449016
IJmuiden,broken_linear,1973,-51,1973,-39.67738702678965,-67.46052631578948,-44.71656709605973,-5.039180069270075,-39.67738702678965,-48.492741713231936
IJmuiden,broken_linear,1974,-42,1974,-37.61138342985355,-80.46052631578948,-47.431374932360754,-9.819991502507207,-37.61138342985355,-45.985970381973715
IJmuiden,broken_linear,1975,-86,1975,-35.54537983291745,-64.46052631578948,-49.037748197924536,-13.492368365007088,-35.54537983291745,-43.4791990507155
IJmuiden,broken_linear,1976,-109,1976,-33.47937623598134,-75.46052631578948,-49.12116622130943,-15.64178998532808,-33.47937623598134,-40.97242771945728
IJmuiden,broken_linear,1977,-58,1977,-31.41337263904524,-79.46052631578948,-47.439012373932236,-16.025639734886994,-31.41337263904524,-38.465656388199065
IJmuiden,broken_linear,1978,-28,1978,-29.347369042109136,-28.460526315789473,-43.94795949687727,-14.600590454768131,-29.347369042109136,-35.95888505694085
IJmuiden,broken_linear,1979,-38,1979,-27.281365445173034,-35.46052631578947,-38.80886046732723,-11.527495022154197,-27.281365445173034,-33.45211372568263
IJmuiden,broken_linear,1980,5,1980,-25.21536184823693,14.539473684210527,-32.36859188042116,-7.153230032184228,-25.21536184823693,-30.945342394424415
IJmuiden,broken_linear,1981,2,1981,-23.149358251300825,-20.460526315789473,-25.12090024655171,-1.9715419952508846,-23.149358251300825,-28.438571063166194
IJmuiden,broken_linear,1982,-13,1982,-21.083354654364722,-9.460526315789473,-17.650670201662393,3.4326844527023264,-21.083354654364722,-25.93179973190798
IJmuiden,broken_linear,1983,26,1983,-19.01735105742862,-4.460526315789473,-10.567905473503362,8.449445583925257,-19.01735105742862,-23.42502840064976
IJmuiden,broken_linear,1984,-28,1984,-16.951347460492514,-15.460526315789473,-4.438874522649005,12.51247293784351,-16.951347460492514,-20.91825706939154
IJmuiden,broken_linear,1985,-30,1985,-14.885343863556411,-20.460526315789473,0.27780718470764754,15.163151048264059,-14.885343863556411,-18.411485738133322
IJmuiden,broken_linear,1986,-34,1986,-12.819340266620308,-30.460526315789473,3.2829435390041164,16.102283805624424,-12.819340266620308,-15.904714406875108
IJmuiden,broken_linear,1987,-34,1987,-10.753336669684202,-4.460526315789473,4.470529640490316,15.223866310174518,-10.753336669684202,-13.397943075616887
IJmuiden,broken_linear,1988,30,1988,-8.687333072748103,2.5394736842105274,3.9397171349949076,12.627050207743011,-8.687333072748103,-10.891171744358674
IJmuiden,broken_linear,1989,5,1989,-6.621329475811997,-0.46052631578947256,1.9836224413098407,8.604951917121838,-6.621329475811997,-8.384400413100455
IJmuiden,broken_linear,1990,33,1990,-4.555325878875898,-19.460526315789473,-0.9437588550198939,3.611567023856005,-4.555325878875898,-5.87762908184224
IJmuiden,broken_linear,1991,-62,1991,-2.489322281939792,-38.46052631578947,-4.278796893491865,-1.789474611552074,-2.489322281939792,-3.3708577505840203
IJmuiden,broken_linear,1992,-15,1992,-0.42331868500368586,-17.460526315789473,-7.411847433054623,-6.988528748050937,-0.42331868500368586,-0.8640864193258
IJmuiden,broken_linear,1993,-21,1993,1.6426849119324132,-9.460526315789473,-9.756065633918048,-11.398750545850461,1.6426849119324132,1.6426849119324132
IJmuiden,broken_linear,1994,21,1994,4.149456243190634,-1.4605263157894726,-10.372878615589324,-14.522334858779958,3.7086885088685193,4.149456243190634
IJmuiden,broken_linear,1995,22,1995,6.656227574448854,16.539473684210527,-9.35047856930792,-16.006706143756777,5.774692105804625,6.656227574448854
IJmuiden,broken_linear,1996,-79,1996,9.162998905707067,-7.46052631578948,-6.521316628289398,-15.684315533996472,7.8406957027407245,9.162998905707067
IJmuiden,broken_linear,1997,-25,1997,11.669770236965288,8.539473684210527,-1.921782732081894,-13.591552969047182,9.90669929967683,11.669770236965288
IJmuiden,broken_linear,1998,57,1998,14.176541568223508,18.539473684210527,4.211901899088261,-9.964639669135243,11.972702896612937,14.176541568223508
IJmuiden,broken_linear,1999,49,1999,16.68331289948172,16.539473684210527,11.470348307434037,-5.212964592047685,14.038706493549036,16.68331289948172
IJmuiden,broken_linear,2000,46,2000,19.19008423073994,22.539473684210527,19.317209702532033,0.12712547179208844,16.104710090485142,19.19008423073994
IJmuiden,broken_linear,2001,53,2001,21.696855561998163,42.53947368421053,27.149721770777795,5.4528662087796285,18.170713687421248,21.696855561998163
IJmuiden,broken_linear,2002,42,2002,24.203626893256374,57.53947368421053,34.366739883262696,10.163112990006319,20.236717284357347,24.203626893256374
IJmuiden,broken_linear,2003,33,2003,26.710398224514588,67.53947368421052,40.436593481241054,13.726195256726468,22.302720881293446,26.710398224514588
IJmuiden,broken_linear,2004,52,2004,29.217169555772813,38.53947368421053,44.95709855449203,15.739928998719215,24.36872447822956,29.217169555772813
IJmuiden,broken_linear,2005,36,2005,31.723940887031027,40.53947368421053,47.70095428556425,15.977013398533224,26.43472807516566,31.723940887031027
IJmuiden,broken_linear,2006,35,2006,34.23071221828924,34.53947368421053,48.64139969967797,14.410687481388722,28.500731672101757,34.23071221828924
IJmuiden,broken_linear,2007,83,2007,36.73748354954747,57.53947368421053,47.95523431801008,11.217750768462608,30.56673526903787,36.73748354954747
IJmuiden,broken_linear,2008,55,2008,39.244254880805684,36.53947368421053,46.002861857191085,6.758606976385407,32.63273886597397,39.244254880805684
IJmuiden,broken_linear,2009,14,2009,41.75102621206389,20.539473684210527,43.28760954859027,1.5365833365263795,34.69874246291007,41.75102621206389
IJmuiden,broken_linear,2010,2,2010,44.257797543322106,24.539473684210527,40.39891492177665,-3.8588826215454537,36.76474605984617,44.257797543322106
IJmuiden,broken_linear,2011,33,2011,46.764568874580334,24.539473684210527,37.94579286150207,-8.818776013078264,38.83074965678228,46.764568874580334
IJmuiden,broken_linear,2012,27,2012,49.27134020583855,27.539473684210527,36.488092864677164,-12.783247341161385,40.89675325371838,49.27134020583855
IJmuiden,broken_linear,2013,3,2013,51.77811153709676,29.539473684210527,36.473305855670105,-15.30480568142666,42.96275685065448,51.77811153709676
IJmuiden,broken_linear,2014,50,2014,54.28488286835499,50.53947368421053,38.18605351014803,-16.09882935820696,45.02876044759059,54.28488286835499
IJmuiden,broken_linear,2015,64,2015,56.791654199613205,46.53947368421053,41.715961495618124,-15.075692703995077,47.09476404452669,56.791654199613205
IJmuiden,broken_linear,2016,57,2016,59.29842553087141,76.53947368421052,46.94754294655435,-12.35088258431706,49.16076764146279,59.29842553087141
IJmuiden,broken_linear,2017,87,2017,61.80519686212964,68.53947368421052,53.57323407997642,-8.231962782153216,51.226771238398904,61.80519686212964
IJmuiden,broken_linear,2018,19,2018,64.31196819338786,60.53947368421053,61.128110552350265,-3.183857641037587,53.292774835335,64.31196819338786
IJmuiden,broken_linear,2019,60,2019,66.81873952464608,52.53947368421053,69.0423659383139,2.223626413667831,55.3587784322711,66.81873952464608
IJmuiden,broken_linear,2020,66,2020,69.3255108559043,56.53947368421053,76.70562880674993,7.380117950845652,57.424782029207215,69.3255108559043
IJmuiden,broken_linear,2021,46,2021,71.8322821871625,62.53947368421053,83.53585858439897,11.703576397236453,59.490785626143314,71.8322821871625
IJmuiden,broken_linear,2022,69,2022,74.33905351842073,76.53947368421052,89.04504356515085,14.705990046730129,61.55678922307941,74.33905351842073
IJmuiden,broken_linear,2023,126,2023,76.84582484967895,98.53947368421052,92.8942853819446,16.048460532265658,63.622792820015526,76.84582484967895
IJmuiden,broken_linear,2024,134,2024,79.35259618093716,112.53947368421052,94.93205226451525,15.579456083578101,65.68879641695162,79.35259618093716
IJmuiden,broken_linear,2025,87,2025,81.85936751219538,111.53947368421052,95.21128323471655,13.351915722521172,67.75480001388772,81.85936751219538
IJmuiden,broken_squared,1891,-197,1891,-209.04315255181206,-197,-196.15506216258075,12.88809038923133,-209.04315255181206,-194.68710947686355
IJmuiden,broken_squared,1892,-164,1892,-206.9833924919478,-164,-191.56464459302325,15.41874789892455,-206.9833924919478,-193.04045126561678
IJmuiden,broken_squared,1893,-117,1893,-204.92363243208354,-117,-188.71462294990695,16.209009482176587,-204.92363243208354,-191.38776237044863
IJmuiden,broken_squared,1894,-122,1894,-202.86387237221928,-122,-187.69419825327122,15.169674118948045,-202.86387237221928,-189.729042791359
IJmuiden,broken_squared,1895,-224,1895,-200.80411231235504,-224,-188.3860552033118,12.41805710904323,-200.80411231235504,-188.06429252834803
IJmuiden,broken_squared,1896,-230,1896,-198.74435225249078,-230,-190.47960418104287,8.2647480714479,-198.74435225249078,-186.39351158141557
IJmuiden,broken_squared,1897,-212,1897,-196.68459219262652,-212,-193.50603914737061,3.1785530452558923,-196.68459219262652,-184.7166999505617
IJmuiden,broken_squared,1898,-178,1898,-194.62483213276226,-178,-196.89125426940254,-2.266422136640296,-194.62483213276226,-183.0338576357864
IJmuiden,broken_squared,1899,-166,1899,-192.565072072898,-166,-200.02064629347205,-7.455574220574043,-192.565072072898,-181.34498463708968
IJmuiden,broken_squared,1900,-193,1900,-190.50531201303377,-193,-202.30848807702742,-11.803176063993655,-190.50531201303377,-179.65008095447158
IJmuiden,broken_squared,1901,-199,1901,-188.4455519531695,-199,-203.2640427205696,-14.8184907674001,-188.4455519531695,-177.949146587932
IJmuiden,broken_squared,1902,-275,1902,-186.38579189330525,-275,-202.54695564659673,-16.16116375329148,-186.38579189330525,-176.24218153747103
IJmuiden,broken_squared,1903,-183,1903,-184.326031833441,-183,-200.00567222755365,-15.679640394112655,-184.326031833441,-174.5291858030886
IJmuiden,broken_squared,1904,-220,1904,-182.26627177357676,-220,-195.69454456117847,-13.428272787601706,-182.26627177357676,-172.8101593847848
IJmuiden,broken_squared,1905,-229,1905,-180.2065117137125,-229,-189.86769646070027,-9.661184746987766,-180.2065117137125,-171.08510228255955
IJmuiden,broken_squared,1906,-188,1906,-178.14675165384824,-188,-182.95033915101283,-4.80358749716458,-178.14675165384824,-169.35401449641287
IJmuiden,broken_squared,1907,-238,1907,-176.08699159398398,-238,-175.4907754204686,0.5962161735153835,-176.08699159398398,-167.61689602634476
IJmuiden,broken_squared,1908,-237,1908,-174.02723153411972,-237,-168.09850977446834,5.9287217596514,-174.02723153411972,-165.8737468723552
IJmuiden,broken_squared,1909,-157,1909,-171.9674714742555,-157,-161.37545042635566,10.592021047899834,-171.9674714742555,-164.1245670344443
IJmuiden,broken_squared,1910,-143,1910,-169.90771141439123,-143,-155.84796872212087,14.059742692270353,-169.90771141439123,-162.36935651261192
IJmuiden,broken_squared,1911,-167,1911,-167.84795135452697,-167,-151.90748481231432,15.940466542212649,-167.84795135452697,-160.60811530685814
IJmuiden,broken_squared,1912,-106,1912,-165.78819129466274,-106,-149.76628598178283,16.021905312879902,-165.78819129466274,-158.84084341718292
IJmuiden,broken_squared,1913,-126,1913,-163.72843123479845,-126,-149.4335646568928,14.29486657790564,-163.72843123479845,-157.06754084358624
IJmuiden,broken_squared,1914,-102,1914,-161.66867117493422,-102,-150.714380807568,10.954290367366204,-161.66867117493422,-155.2882075860682
IJmuiden,broken_squared,1915,-136,1915,-159.60891111506996,-136,-153.23166586333156,6.377245251738394,-159.60891111506996,-153.5028436446287
IJmuiden,broken_squared,1916,-87,1916,-157.5491510552057,-87,-156.46878444454094,1.080366610664763,-157.5491510552057,-151.7114490192678
IJmuiden,broken_squared,1917,-144,1917,-155.48939099534147,-144,-159.82784974026885,-4.338458744927385,-155.48939099534147,-149.91402370998549
IJmuiden,broken_squared,1918,-160,1918,-153.42963093547718,-160,-162.69721016656104,-9.267579231083849,-153.42963093547718,-148.1105677167817
IJmuiden,broken_squared,1919,-210,1919,-151.36987087561295,-210,-164.520489727696,-13.150618852083069,-151.36987087561295,-146.30108103965654
IJmuiden,broken_squared,1920,-212,1920,-149.3101108157487,-212,-164.85938912836784,-15.549278312619151,-149.3101108157487,-144.48556367860994
IJmuiden,broken_squared,1921,-195,1921,-147.25035075588443,-195,-163.44315894187847,-16.192808185994032,-147.25035075588443,-142.6640156336419
IJmuiden,broken_squared,1922,-195,1922,-145.1905906960202,-195,-160.19916053521393,-15.008569839193743,-145.1905906960202,-140.83643690475247
IJmuiden,broken_squared,1923,-173,1923,-143.1308306361559,-173,-155.261065177158,-12.130234541002078,-143.1308306361559,-139.00282749194156
IJmuiden,broken_squared,1924,-189,1924,-141.07107057629167,-189,-148.9537658525849,-7.882695276293218,-141.07107057629167,-137.1631873952093
IJmuiden,broken_squared,1925,-143,1925,-139.01131051642741,-143,-141.75670486654806,-2.745394350120641,-139.01131051642741,-135.31751661455556
IJmuiden,broken_squared,1926,-152,1926,-136.95155045656315,-152,-134.2497566461685,2.701793810394661,-136.95155045656315,-133.46581514998041
IJmuiden,broken_squared,1927,-119,1927,-134.89179039669892,-119,-127.0477742357575,7.8440161609414325,-134.89179039669892,-131.60808300148386
IJmuiden,broken_squared,1928,-99,1928,-132.83203033683466,-99,-120.73118756973065,12.100842767104009,-132.83203033683466,-129.74432016906587
IJmuiden,broken_squared,1929,-159,1929,-130.7722702769704,-159,-115.7804872646736,14.991783012296803,-130.7722702769704,-127.87452665272644
IJmuiden,broken_squared,1930,-116,1930,-128.71251021710614,-116,-112.52198909274249,16.190521124363656,-128.71251021710614,-125.9987024524656
IJmuiden,broken_squared,1931,-115,1931,-126.6527501572419,-115,-111.09100098819938,15.561749169042518,-126.6527501572419,-124.11684756828333
IJmuiden,broken_squared,1932,-126,1932,-124.59299009737764,-126,-111.41655012258404,13.176439974793588,-124.59299009737764,-122.22896200017965
IJmuiden,broken_squared,1933,-172,1933,-122.53323003751339,-172,-113.2293939846247,9.303836052888688,-122.53323003751339,-120.33504574815454
IJmuiden,broken_squared,1934,-154,1934,-120.47346997764913,-154,-116.09241121177067,4.381058765878465,-120.47346997764913,-118.43509881220801
IJmuiden,broken_squared,1935,-108,1935,-118.41370991778489,-108,-119.4499417988611,-1.036231881076219,-118.41370991778489,-116.52912119234006
IJmuiden,broken_squared,1936,-75,1936,-116.35394985792063,-75,-122.69050739265273,-6.336557534732112,-116.35394985792063,-114.61711288855068
IJmuiden,broken_squared,1937,-77,1937,-114.29418979805638,-77,-125.21583209960968,-10.921642301553307,-114.29418979805638,-112.69907390083988
IJmuiden,broken_squared,1938,-109,1938,-112.23442973819212,-109,-126.50837306198014,-14.273943323788021,-112.23442973819212,-110.77500422920765
IJmuiden,broken_squared,1939,-106,1939,-110.17466967832786,-106,-126.18973826754967,-16.01506858922181,-110.17466967832786,-108.84490387365399
IJmuiden,broken_squared,1940,-111,1940,-108.11490961846361,-111,-124.06339766477004,-15.948488046306426,-108.11490961846361,-106.90877283417892
IJmuiden,broken_squared,1941,-133,1941,-106.05514955859937,-133,-120.1368665529658,-14.081716994366438,-106.05514955859937,-104.96661111078244
IJmuiden,broken_squared,1942,-123,1942,-103.99538949873511,-123,-114.62085729060419,-10.625467791869085,-103.99538949873511,-103.0184187034645
IJmuiden,broken_squared,1943,-66,1943,-101.93562943887085,-66,-107.90549507281939,-5.969865633948535,-101.93562943887085,-101.06419561222516
IJmuiden,broken_squared,1944,-46,1944,-99.87586937900659,-46,-100.5162824296411,-0.6404130506345114,-99.87586937900659,-99.10394183706438
IJmuiden,broken_squared,1945,-110,1945,-97.81610931914234,-110,-93.05478296577733,4.761326353365011,-97.81610931914234,-97.13765737798221
IJmuiden,broken_squared,1946,-121,1946,-95.7563492592781,-121,-86.1307196831246,9.62562957615349,-95.7563492592781,-95.1653422349786
IJmuiden,broken_squared,1947,-146,1947,-93.69658919941384,-146,-80.29315230880287,13.403436890610964,-93.69658919941384,-93.18699640805356
IJmuiden,broken_squared,1948,-55,1948,-91.63682913954958,-55,-75.96850200904836,15.668327130501211,-91.63682913954958,-91.20261989720709
IJmuiden,broken_squared,1949,-51,1949,-89.57706907968533,-51,-73.41241896850524,16.1646501111801,-89.57706907968533,-89.21221270243922
IJmuiden,broken_squared,1950,-41,1950,-87.51730901982107,-62.46052631578947,-72.68092579675464,14.836383223066427,-87.51730901982107,-87.2157748237499
IJmuiden,broken_squared,1951,-53,1951,-85.45754895995682,-57.46052631578947,-73.62409395897308,11.833455000983749,-85.45754895995682,-85.21330626113918
IJmuiden,broken_squared,1952,-33,1952,-83.39778890009256,-44.46052631578947,-75.90296700555979,7.494821894532777,-83.39778890009256,-83.20480701460701
IJmuiden,broken_squared,1953,-85,1953,-81.3380288402283,-55.46052631578947,-79.02782038596831,2.3102084542599854,-81.3380288402283,-81.19027708415344
IJmuiden,broken_squared,1954,-63,1954,-79.27826878036406,-85.46052631578948,-82.41343925845062,-3.1351704780865557,-79.27826878036406,-79.16971646977844
IJmuiden,broken_squared,1955,-38,1955,-77.21850872049981,-43.46052631578947,-85.44517479588333,-8.226666075383498,-77.21850872049981,-77.14312517148203
IJmuiden,broken_squared,1956,-95,1956,-75.15874866063555,-78.46052631578948,-87.54832286177509,-12.389574201139528,-75.15874866063555,-75.11050318926416
IJmuiden,broken_squared,1957,-65,1957,-73.09898860077129,-64.46052631578948,-88.25299391699417,-15.15400531622287,-73.09898860077129,-73.0718505231249
IJmuiden,broken_squared,1958,-64,1958,-71.03922854090705,-70.46052631578948,-87.24715194647908,-16.20792340557204,-71.03922854090705,-71.0271671730642
IJmuiden,broken_squared,1959,-91,1959,-68.97946848104279,-47.46052631578947,-84.41183562071527,-15.432367139672465,-68.97946848104279,-68.97645313908208
IJmuiden,broken_squared,1960,-42,1960,-66.91970842117854,-40.46052631578947,-79.83458609250874,-12.914877671330196,-66.91970842117854,-66.91970842117854
IJmuiden,broken_squared,1961,3,1961,-64.85693301935358,-19.460526315789473,-73.79655042039222,-8.939617401038644,-64.85994836131428,-64.85693301935358
IJmuiden,broken_squared,1962,-47,1962,-62.78812693360718,-52.46052631578947,-66.74342199195375,-3.955295058346567,-62.80018830145003,-62.78812693360718
IJmuiden,broken_squared,1963,-86,1963,-60.71329016393937,-58.46052631578947,-59.23780772950352,1.4754824344358406,-60.740428241585775,-60.71329016393937
IJmuiden,broken_squared,1964,-74,1964,-58.632422710350134,-41.46052631578947,-51.89270831816895,6.739714392181198,-58.68066818172152,-58.632422710350134
IJmuiden,broken_squared,1965,-35,1965,-56.545524572839476,-63.46052631578947,-45.30232556442351,11.243199008415962,-56.62090812185727,-56.545524572839476
IJmuiden,broken_squared,1966,7,1966,-54.45259575140739,-14.460526315789473,-39.97499168384438,14.477604067563004,-54.56114806199301,-54.45259575140739
IJmuiden,broken_squared,1967,16,1967,-52.35363624605388,-29.460526315789473,-36.275791145436514,16.077845100617367,-52.501388002128756,-52.35363624605388
IJmuiden,broken_squared,1968,-52,1968,-50.24864605677895,-43.46052631578947,-34.38535164954943,15.863294407229526,-50.4416279422645,-50.24864605677895
IJmuiden,broken_squared,1969,-67,1969,-48.1376251835826,-48.46052631578947,-34.2794557204688,13.858169463113796,-48.38186788240025,-48.1376251835826
IJmuiden,broken_squared,1970,-43,1970,-46.020573626464824,-60.46052631578947,-35.73177426145989,10.288799365004936,-46.322107822536,-46.020573626464824
IJmuiden,broken_squared,1971,-84,1971,-43.897491385425624,-61.46052631578947,-38.33941352139372,5.558077864031907,-44.262347762671745,-43.897491385425624
IJmuiden,broken_squared,1972,-117,1972,-41.768378460465,-74.46052631578948,-41.56839185121594,0.19998660924906453,-42.20258770280749,-41.768378460465
IJmuiden,broken_squared,1973,-51,1973,-39.633234851582955,-67.46052631578948,-44.813913047340236,-5.180678195757277,-40.14282764294324,-39.633234851582955
IJmuiden,broken_squared,1974,-42,1974,-37.492060558779485,-80.46052631578948,-47.4686329097339,-9.976572350954413,-38.083067583078986,-37.492060558779485
IJmuiden,broken_squared,1975,-86,1975,-35.344855582054585,-64.46052631578948,-48.99121340588845,-13.646357823833858,-36.023307523214726,-35.344855582054585
IJmuiden,broken_squared,1976,-109,1976,-33.191619921408275,-75.46052631578948,-48.967426368265215,-15.77580644685694,-33.96354746335047,-33.191619921408275
IJmuiden,broken_squared,1977,-58,1977,-31.03235357684053,-79.46052631578948,-47.15690962651354,-16.124556049673007,-31.90378740348622,-31.03235357684053
IJmuiden,broken_squared,1978,-28,1978,-28.867056548351368,-28.460526315789473,-43.520297961611234,-14.653241413259863,-29.844027343621967,-28.867056548351368
IJmuiden,broken_squared,1979,-38,1979,-26.695728835940784,-35.46052631578947,-38.223666467107584,-11.527937631166802,-27.784267283757714,-26.695728835940784
IJmuiden,broken_squared,1980,5,1980,-24.518370439608773,14.539473684210527,-31.619784771697617,-7.101414332088844,-25.72450722389346,-24.518370439608773
IJmuiden,broken_squared,1981,2,1981,-22.334981359355336,-20.460526315789473,-24.208298058538492,-1.8733166991831594,-23.664747164029205,-22.334981359355336
IJmuiden,broken_squared,1982,-13,1982,-20.145561595180478,-9.460526315789473,-16.579329461038476,3.566232134142,-21.60498710416495,-20.145561595180478
IJmuiden,broken_squared,1983,26,1983,-17.950111147084197,-4.460526315789473,-9.346869732095051,8.603241414989144,-19.5452270443007,-17.950111147084197
IJmuiden,broken_squared,1984,-28,1984,-15.74863001506649,-15.460526315789473,-3.0794728484188756,12.669157166647615,-17.485466984436442,-15.74863001506649
IJmuiden,broken_squared,1985,-30,1985,-13.541118199127363,-20.460526315789473,1.7639196950109,15.305037894138263,-15.42570692457219,-13.541118199127363
IJmuiden,broken_squared,1986,-34,1986,-11.327575699266813,-30.460526315789473,4.885782047795638,16.213357747062453,-13.365946864707936,-11.327575699266813
IJmuiden,broken_squared,1987,-34,1987,-9.108002515484838,-4.460526315789473,6.183587326280602,15.29158984176544,-11.306186804843684,-9.108002515484838
IJmuiden,broken_squared,1988,30,1988,-6.882398647781441,2.5394736842105274,5.761380367181424,12.643779014962867,-9.24642674497943,-6.882398647781441
IJmuiden,broken_squared,1989,5,1989,-4.650764096156619,-0.46052631578947256,3.918033634537508,8.568797730694127,-7.186666685115178,-4.650764096156619
IJmuiden,broken_squared,1990,33,1990,-2.413098860610375,-19.460526315789473,1.1135118981185101,3.526610758728885,-5.126906625250925,-2.413098860610375
IJmuiden,broken_squared,1991,-62,1991,-0.16940294114270005,-38.46052631578947,-2.0830464318824014,-1.9136434907397017,-3.0671465653866647,-0.16940294114270005
IJmuiden,broken_squared,1992,-15,1992,2.0803236622463914,-17.460526315789473,-5.057570978502913,-7.1378946407493045,-1.0073865055224118,2.0803236622463914
IJmuiden,broken_squared,1993,-21,1993,4.336080949556907,-9.460526315789473,-7.220372781278499,-11.556453730835406,1.052373554341841,4.336080949556907
IJmuiden,broken_squared,1994,21,1994,6.597868920788844,-1.4605263157894726,-8.072705619599212,-14.670574540388056,3.112133614206094,6.597868920788844
IJmuiden,broken_squared,1995,22,1995,8.865687575942207,16.539473684210527,-7.26306214624596,-16.128749722188168,5.171893674070347,8.865687575942207
IJmuiden,broken_squared,1996,-79,1996,11.139536915016992,-7.46052631578948,-4.626850387662998,-15.766387302679995,7.2316537339346,11.139536915016992
IJmuiden,broken_squared,1997,-25,1997,13.4194169380132,8.539473684210527,-0.2049721137567957,-13.624389051769993,9.291413793798853,13.4194169380132
IJmuiden,broken_squared,1998,57,1998,15.70532764493084,18.539473684210527,5.760793962002182,-9.944533682928661,11.351173853663113,15.70532764493084
IJmuiden,broken_squared,1999,49,1999,17.997269035769897,16.539473684210527,12.85508302946156,-5.142186006308337,13.410933913527366,17.997269035769897
IJmuiden,broken_squared,2000,46,2000,20.295241110530373,22.539473684210527,20.535828612890988,0.24058750236061854,15.470693973391619,20.295241110530373
IJmuiden,broken_squared,2001,53,2001,22.599243869212277,42.53947368421053,28.195448491681255,5.596204622468977,17.53045403325587,22.599243869212277
IJmuiden,broken_squared,2002,42,2002,24.9092773118156,57.53947368421053,35.22942573096081,10.320148419145209,19.590214093120125,24.9092773118156
IJmuiden,broken_squared,2003,33,2003,27.225341438340358,67.53947368421052,41.10454371713899,13.879202278798628,21.649974152984385,27.225341438340358
IJmuiden,broken_squared,2004,52,2004,29.547436248786525,38.53947368421053,45.419073147685495,15.871636898898974,23.70973421284863,29.547436248786525
IJmuiden,broken_squared,2005,36,2005,31.875561743154126,40.53947368421053,47.94811735010434,16.07255560695021,25.76949427271289,31.875561743154126
IJmuiden,broken_squared,2006,35,2006,34.20971792144314,34.53947368421053,48.66899756323211,14.45927964178897,27.829254332577136,34.20971792144314
IJmuiden,broken_squared,2007,83,2007,36.54990478365359,57.53947368421053,47.76381280940175,11.213908025748157,29.889014392441396,36.54990478365359
IJmuiden,broken_squared,2008,55,2008,38.89612232978545,36.53947368421053,45.59888541111125,6.702763081325802,31.948774452305642,38.89612232978545
IJmuiden,broken_squared,2009,14,2009,41.24837055983875,20.539473684210527,42.68341224584548,1.4350416860067314,34.0085345121699,41.24837055983875
IJmuiden,broken_squared,2010,2,2010,43.606649473813455,24.539473684210527,39.6119889914207,-3.994660482392754,36.06829457203415,43.606649473813455
IJmuiden,broken_squared,2011,33,2011,45.97095907170959,24.539473684210527,36.99749495539286,-8.973464116316741,38.12805463189841,45.97095907170959
IJmuiden,broken_squared,2012,27,2012,48.34129935352716,27.539473684210527,35.401914134117135,-12.939385219410028,40.18781469176267,48.34129935352716
IJmuiden,broken_squared,2013,3,2013,50.71767031926614,29.539473684210527,35.27290109576327,-15.444769223502874,42.247574751626914,50.71767031926614
IJmuiden,broken_squared,2014,50,2014,53.10007196892656,50.53947368421053,36.89325183281247,-16.20682013611409,44.307334811491174,53.10007196892656
IJmuiden,broken_squared,2015,64,2015,55.488504302508375,46.53947368421053,40.34898307715134,-15.139521225357033,46.36709487135542,55.488504302508375
IJmuiden,broken_squared,2016,57,2016,57.88296732001164,76.53947368421052,45.51962313492039,-12.363344185091256,48.42685493121968,57.88296732001164
IJmuiden,broken_squared,2017,87,2017,60.28346102143631,68.53947368421052,52.09181016612899,-8.19165085530732,50.486614991083925,60.28346102143631
IJmuiden,broken_squared,2018,19,2018,62.68998540678242,60.53947368421053,59.59466299903012,-3.0953224077523016,52.546375050948186,62.68998540678242
IJmuiden,broken_squared,2019,60,2019,65.10254047604995,52.53947368421053,67.45293198766842,2.3503915116184846,54.606135110812446,65.10254047604995
IJmuiden,broken_squared,2020,66,2020,67.52112622923889,56.53947368421053,75.05193049315687,7.53080426391798,56.66589517067669,67.52112622923889
IJmuiden,broken_squared,2021,46,2021,69.94574266634928,62.53947368421053,81.80691782769844,11.861175161349179,58.72565523054095,69.94574266634928
IJmuiden,broken_squared,2022,69,2022,72.37638978738106,76.53947368421052,87.22910204013905,14.852712252757998,60.7854152904052,72.37638978738106
IJmuiden,broken_squared,2023,126,2023,74.81306759233428,98.53947368421052,90.9808124582674,16.167744865933138,62.84517535026946,74.81306759233428
IJmuiden,broken_squared,2024,134,2024,77.25577608120892,112.53947368421052,92.91361437012702,15.657838288918095,64.9049354101337,77.25577608120892
IJmuiden,broken_squared,2025,87,2025,79.70451525400499,111.53947368421052,93.08506363792662,13.380548383921635,66.96469546999796,79.70451525400499
Netherlands,linear,1891,-179,1891,-178.78174786260348,-179,-165.57734757182067,13.204400290782822,-178.78174786260348,-178.78174786260348
Netherlands,linear,1892,-166.5,1892,-176.78637593020326,-166.5,-162.71743703817916,14.068938892024116,-176.78637593020326,-176.78637593020326
Netherlands,linear,1893,-142.16666666666666,1893,-174.79100399780302,-142.16666666666666,-161.44556232285046,13.345441674952543,-174.79100399780302,-174.79100399780302
Netherlands,linear,1894,-141.83333333333334,1894,-172.7956320654028,-141.83333333333334,-161.68005845422758,11.115573611175224,-172.7956320654028,-172.7956320654028
Netherlands,linear,1895,-173,1895,-170.80026013300258,-173,-163.16922838660088,7.631031746401689,-170.80026013300258,-170.80026013300258
Netherlands,linear,1896,-185,1896,-168.80488820060236,-185,-165.51975338185235,3.285134818749997,-168.80488820060236,-168.80488820060236
Netherlands,linear,1897,-179.33333333333334,1897,-166.80951626820215,-179.33333333333334,-168.24108898337636,-1.431572715174208,-166.80951626820215,-166.80951626820215
Netherlands,linear,1898,-138.33333333333334,1898,-164.8141443358019,-138.33333333333334,-170.80083537297293,-5.986691037171028,-164.8141443358019,-164.8141443358019
Netherlands,linear,1899,-141,1899,-162.81877240340168,-141,-172.68483216459595,-9.866059761194268,-162.81877240340168,-162.81877240340168
Netherlands,linear,1900,-176.5,1900,-160.82340047100146,-176.5,-173.4551944165684,-12.631793945566915,-160.82340047100146,-160.82340047100146
Netherlands,linear,1901,-196.83333333333337,1901,-158.82802853860125,-196.83333333333337,-172.79973902948063,-13.971710490879385,-158.82802853860125,-158.82802853860125
Netherlands,linear,1902,-225.16666666666663,1902,-156.832656606201,-225.16666666666663,-170.56722250985837,-13.734565903657376,-156.832656606201,-156.832656606201
Netherlands,linear,1903,-113.83333333333331,1903,-154.83728467380078,-113.83333333333331,-166.78441262615368,-11.947127952352899,-154.83728467380078,-154.83728467380078
Netherlands,linear,1904,-151.83333333333334,1904,-152.84191274140056,-151.83333333333334,-161.6530669886219,-8.811154247221335,-152.84191274140056,-152.84191274140056
Netherlands,linear,1905,-176.66666666666666,1905,-150.84654080900035,-176.66666666666666,-155.52715959681314,-4.680618787812809,-150.84654080900035,-150.84654080900035
Netherlands,linear,1906,-139.83333333333334,1906,-148.85116887660013,-139.83333333333334,-148.87292591515688,-0.021757038556743602,-148.85116887660013,-148.85116887660013
Netherlands,linear,1907,-162.66666666666666,1907,-146.8557969441999,-162.66666666666666,-142.21623640106048,4.6395605431394,-146.8557969441999,-146.8557969441999
Netherlands,linear,1908,-169.83333333333334,1908,-144.86042501179966,-169.83333333333334,-136.08323871477586,8.7771862970238,-144.86042501179966,-144.86042501179966
Netherlands,linear,1909,-119.5,1909,-142.86505307939944,-119.5,-130.94096863990913,11.924084439490315,-142.86505307939944,-142.86505307939944
Netherlands,linear,1910,-110.33333333333331,1910,-140.86968114699923,-110.33333333333331,-127.14463327524523,13.725047871754017,-140.86968114699923,-140.86968114699923
Netherlands,linear,1911,-132.33333333333334,1911,-138.874309214599,-132.33333333333334,-124.89751692387591,13.976792290723093,-138.874309214599,-138.874309214599
Netherlands,linear,1912,-70.16666666666667,1912,-136.87893728219876,-70.16666666666667,-124.22803531476639,12.650901967432377,-136.87893728219876,-136.87893728219876
Netherlands,linear,1913,-98.83333333333331,1913,-134.88356534979854,-98.83333333333331,-124.9865281685808,9.897037181217737,-134.88356534979854,-134.88356534979854
Netherlands,linear,1914,-86.5,1914,-132.88819341739833,-86.5,-126.86215214788884,6.026041269509498,-132.88819341739833,-132.88819341739833
Netherlands,linear,1915,-124.33333333333331,1915,-130.8928214849981,-124.33333333333331,-129.41796739478684,1.474854090211279,-130.8928214849981,-130.8928214849981
Netherlands,linear,1916,-73.33333333333333,1916,-128.89744955259786,-73.33333333333333,-132.1402572521737,-3.2428076995758524,-128.89744955259786,-128.89744955259786
Netherlands,linear,1917,-127.83333333333331,1917,-126.90207762019764,-127.83333333333331,-134.49651418992465,-7.594436569726998,-126.90207762019764,-126.90207762019764
Netherlands,linear,1918,-131.5,1918,-124.90670568779743,-131.5,-135.99554675665576,-11.088841068858338,-124.90670568779743,-124.90670568779743
Netherlands,linear,1919,-153.66666666666666,1919,-122.9113337553972,-153.66666666666666,-136.24292296635284,-13.331589210955638,-122.9113337553972,-122.9113337553972
Netherlands,linear,1920,-149.16666666666666,1920,-120.91596182299698,-149.16666666666666,-134.98549193049186,-14.069530107494897,-120.91596182299698,-120.91596182299698
Netherlands,linear,1921,-119.33333333333331,1921,-118.92058989059674,-119.33333333333331,-132.13995834268937,-13.219368452092626,-118.92058989059674,-118.92058989059674
Netherlands,linear,1922,-126.33333333333331,1922,-116.92521795819653,-126.33333333333331,-127.80228446211048,-10.877066503913962,-116.92521795819653,-116.92521795819653
Netherlands,linear,1923,-104,1923,-114.9298460257963,-104,-122.23685834385724,-7.307012318060942,-114.9298460257963,-114.9298460257963
Netherlands,linear,1924,-130,1924,-112.93447409339608,-130,-115.84665095567378,-2.9121768622777013,-112.93447409339608,-112.93447409339608
Netherlands,linear,1925,-75.16666666666667,1925,-110.93910216099584,-75.16666666666667,-109.12773070562832,1.8113714553675235,-110.93910216099584,-110.93910216099584
Netherlands,linear,1926,-93,1926,-108.94373022859563,-93,-102.6132695674938,6.330460661101814,-108.94373022859563,-108.94373022859563
Netherlands,linear,1927,-92.16666666666669,1927,-106.9483582961954,-92.16666666666669,-96.81336112970192,10.134997166493486,-106.9483582961954,-106.9483582961954
Netherlands,linear,1928,-79.33333333333333,1928,-104.95298636379518,-79.33333333333333,-92.15744362416255,12.795542739632623,-104.95298636379518,-104.95298636379518
Netherlands,linear,1929,-131.83333333333334,1929,-102.95761443139496,-131.83333333333334,-88.94582695333712,14.011787478057842,-102.95761443139496,-102.95761443139496
Netherlands,linear,1930,-83.33333333333333,1930,-100.96224249899473,-83.33333333333333,-87.3157951173394,13.646447381655321,-100.96224249899473,-100.96224249899473
Netherlands,linear,1931,-74.83333333333333,1931,-98.96687056659451,-74.83333333333333,-87.22611024006481,11.740760326529696,-98.96687056659451,-98.96687056659451
Netherlands,linear,1932,-90,1932,-96.97149863419428,-90,-88.46166730717917,8.509831327015107,-96.97149863419428,-96.97149863419428
Netherlands,linear,1933,-135.66666666666666,1933,-94.97612670179406,-135.66666666666666,-90.65777421098109,4.318352490812974,-94.97612670179406,-94.97612670179406
Netherlands,linear,1934,-121,1934,-92.98075476939383,-121,-93.34131648458188,-0.3605617151880587,-92.98075476939383,-92.98075476939383
Netherlands,linear,1935,-73.66666666666667,1935,-90.98538283699361,-73.66666666666667,-95.98416024333194,-4.998777406338343,-90.98538283699361,-90.98538283699361
Netherlands,linear,1936,-59.333333333333336,1936,-88.99001090459338,-59.333333333333336,-98.06276546000271,-9.072754555409338,-88.99001090459338,-88.99001090459338
Netherlands,linear,1937,-74.83333333333333,1937,-86.99463897219316,-74.83333333333333,-99.11728070689482,-12.12264173470166,-86.99463897219316,-86.99463897219316
Netherlands,linear,1938,-61.166666666666664,1938,-84.99926703979294,-61.166666666666664,-98.8034490276236,-13.804181987830663,-84.99926703979294,-84.99926703979294
Netherlands,linear,1939,-96.83333333333331,1939,-83.00389510739271,-96.83333333333331,-96.9314660472893,-13.92757093989659,-83.00389510739271,-83.00389510739271
Netherlands,linear,1940,-89.5,1940,-81.00852317499249,-89.5,-93.48740419985667,-12.478881024864178,-81.00852317499249,-81.00852317499249
Netherlands,linear,1941,-125,1941,-79.01315124259226,-125,-88.63478480646842,-9.621633563876156,-79.01315124259226,-79.01315124259226
Netherlands,linear,1942,-109.5,1942,-77.01777931019204,-109.5,-82.69612055586788,-5.6783412456758375,-77.01777931019204,-77.01777931019204
Netherlands,linear,1943,-59.333333333333336,1943,-75.02240737779181,-59.333333333333336,-76.11651178514803,-1.0941044073562165,-75.02240737779181,-75.02240737779181
Netherlands,linear,1944,-49.333333333333336,1944,-73.02703544539159,-49.333333333333336,-69.41340564186936,3.613629803522227,-73.02703544539159,-73.02703544539159
Netherlands,linear,1945,-57.666666666666664,1945,-71.03166351299137,-57.666666666666664,-63.1181890776242,7.913474435367166,-71.03166351299137,-71.03166351299137
Netherlands,linear,1946,-68.5,1946,-69.03629158059114,-68.5,-57.71620838191997,11.320083198671169,-69.03629158059114,-69.03629158059114
Netherlands,linear,1947,-129.16666666666666,1947,-67.04091964819092,-129.16666666666666,-53.59198557000062,13.448934078190309,-67.04091964819092,-67.04091964819092
Netherlands,linear,1948,-56,1948,-65.04554771579069,-56,-50.98581534173433,14.059732374056356,-65.04554771579069,-65.04554771579069
Netherlands,linear,1949,-42.166666666666664,1949,-63.05017578339047,-42.166666666666664,-49.966641743224706,13.083534040165766,-63.05017578339047,-63.05017578339047
Netherlands,linear,1950,-43.166666666666664,1950,-61.05480385099024,-63.77412280701754,-50.42427608633443,10.630527764655806,-61.05480385099024,-61.05480385099024
Netherlands,linear,1951,-58.5,1951,-59.05943191859002,-61.44078947368421,-52.081834530856916,6.9775973877331054,-59.05943191859002,-59.05943191859002
Netherlands,linear,1952,-34.166666666666664,1952,-57.06405998618979,-45.60745614035088,-54.52699143341009,2.5370685527796972,-57.06405998618979,-57.06405998618979
Netherlands,linear,1953,-73.16666666666667,1953,-55.06868805378957,-45.27412280701755,-57.25852073165356,-2.189832677863995,-55.06868805378957,-55.06868805378957
Netherlands,linear,1954,-45.5,1954,-53.07331612138935,-67.4407894736842,-59.742871990725135,-6.669555869335785,-53.07331612138935,-53.07331612138935
Netherlands,linear,1955,-36.333333333333336,1955,-51.07794418898912,-43.27412280701754,-61.474395073199204,-10.396450884210084,-51.07794418898912,-51.07794418898912
Netherlands,linear,1956,-93.83333333333331,1956,-49.0825722565889,-78.77412280701752,-62.03241555436368,-12.94984329777479,-49.0825722565889,-49.0825722565889
Netherlands,linear,1957,-60.833333333333336,1957,-47.08720032418867,-60.94078947368421,-61.12871847770555,-14.04151815351688,-47.08720032418867,-47.08720032418867
Netherlands,linear,1958,-50.666666666666664,1958,-45.091828391788454,-54.60745614035088,-58.64008070705405,-13.548252315265598,-45.091828391788454,-45.091828391788454
Netherlands,linear,1959,-93.16666666666669,1959,-43.09645645938822,-49.6074561403509,-54.6221797760956,-11.525723316707378,-43.09645645938822,-43.09645645938822
Netherlands,linear,1960,-54.833333333333336,1960,-41.101084526988004,-47.94078947368421,-49.3033092695801,-8.202224742592097,-41.101084526988004,-41.101084526988004
Netherlands,linear,1961,12.833333333333334,1961,-39.10571259458777,-8.940789473684214,-43.0586101145037,-3.95289751991593,-39.10571259458777,-39.10571259458777
Netherlands,linear,1962,-39.666666666666664,1962,-37.110340662187554,-47.44078947368421,-36.3677264322271,0.7426142299604503,-37.110340662187554,-37.110340662187554
Netherlands,linear,1963,-97,1963,-35.11496872978733,-68.27412280701753,-29.760665560285858,5.3543031695014704,-35.11496872978733,-35.11496872978733
Netherlands,linear,1964,-76.5,1964,-33.1195967973871,-45.60745614035088,-23.757973310636018,9.361623486751089,-33.1195967973871,-33.1195967973871
Netherlands,linear,1965,-21.833333333333332,1965,-31.12422486498688,-47.774122807017534,-18.811977200518605,12.312247664468275,-31.12422486498688,-31.12422486498688
Netherlands,linear,1966,7.666666666666667,1966,-29.128852932586653,-9.607456140350866,-15.255729844388526,13.873123088198126,-29.128852932586653,-29.128852932586653
Netherlands,linear,1967,35.166666666666664,1967,-27.13348100018643,-10.940789473684212,-13.265415537296818,13.86806546288961,-27.13348100018643,-27.13348100018643
Netherlands,linear,1968,-29.333333333333332,1968,-25.138109067786207,-19.10745614035087,-12.840463398226275,12.29764566955993,-25.138109067786207,-25.138109067786207
Netherlands,linear,1969,-43,1969,-23.142737135385982,-21.10745614035088,-13.803611808462446,9.339125326923536,-23.142737135385982,-23.142737135385982
Netherlands,linear,1970,-9.833333333333334,1970,-21.147365202985757,-25.440789473684212,-15.82091687149886,5.326448331486898,-21.147365202985757,-21.147365202985757
Netherlands,linear,1971,-60.166666666666664,1971,-19.151993270585532,-39.10745614035088,-18.43944643339135,0.7125468371941812,-19.151993270585532,-19.151993270585532
Netherlands,linear,1972,-88.33333333333333,1972,-17.156621338185307,-44.10745614035087,-21.138404939383626,-3.9817836011983205,-17.156621338185307,-17.156621338185307
Netherlands,linear,1973,-20.5,1973,-15.161249405785084,-39.27412280701755,-23.38791839283833,-8.226668987053248,-15.161249405785084,-15.161249405785084
Netherlands,linear,1974,-16.666666666666668,1974,-13.16587747338486,-52.27412280701755,-24.7088440460965,-11.542966572711643,-13.16587747338486,-13.16587747338486
Netherlands,linear,1975,-52,1975,-11.170505540984635,-32.27412280701754,-24.726853785955825,-13.556348244971192,-11.170505540984635,-11.170505540984635
Netherlands,linear,1976,-75.5,1976,-9.17513360858441,-42.27412280701754,-23.214686534944754,-14.039552926360347,-9.17513360858441,-9.17513360858441
Netherlands,linear,1977,-24.166666666666668,1977,-7.179761676184187,-43.77412280701755,-20.117800415561966,-12.938038739377781,-7.179761676184187,-7.179761676184187
Netherlands,linear,1978,-31.833333333333332,1978,-5.184389743783962,-30.774122807017545,-15.560529181527837,-10.376139437743877,-5.184389743783962,-5.184389743783962
Netherlands,linear,1979,-22.333333333333332,1979,-3.1890178113837386,-16.9407894736842,-9.832048006970954,-6.643030195587214,-3.1890178113837386,-3.1890178113837386
Netherlands,linear,1980,5,1980,-1.1936458789835136,14.892543859649123,-3.3537327494252587,-2.160086870441746,-1.1936458789835136,-1.1936458789835136
Netherlands,linear,1981,39,1981,0.8017260534167114,15.725877192982452,3.3684029801016813,2.5666769266849707,0.8017260534167114,0.8017260534167114
Netherlands,linear,1982,15.333333333333334,1982,2.7970979858169365,18.059210526315795,9.800824259598324,7.003726273781387,2.7970979858169365,2.7970979858169365
Netherlands,linear,1983,52.833333333333336,1983,4.7924699182171615,19.39254385964913,15.44269777498966,10.6502278567725,4.7924699182171615,4.7924699182171615
Netherlands,linear,1984,-9.5,1984,6.787841850617383,3.5592105263157876,19.88242353499225,13.094581684374868,6.787841850617383,6.787841850617383
Netherlands,linear,1985,-6.5,1985,8.783213783017608,1.8925438596491233,22.844094347126706,14.060880564109096,8.783213783017608,8.783213783017608
Netherlands,linear,1986,-13,1986,10.778585715417833,-9.940789473684212,24.218638927198047,13.440053211780214,10.778585715417833,10.778585715417833
Netherlands,linear,1987,-20.5,1987,12.773957647818055,9.892543859649123,24.07613335415246,11.302175706334408,12.773957647818055,12.773957647818055
Netherlands,linear,1988,55.833333333333336,1988,14.76932958021828,27.89254385964913,22.657891211044763,7.888561630826485,14.76932958021828,14.76932958021828
Netherlands,linear,1989,17.833333333333332,1989,16.764701512618505,10.225877192982455,20.34922523989535,3.584523727276848,16.764701512618505,16.764701512618505
Netherlands,linear,1990,54.333333333333336,1990,18.76007344501873,-1.274122807017541,17.635955047049094,-1.1241183979696396,18.76007344501873,18.76007344501873
Netherlands,linear,1991,-48,1991,20.755445377418955,-27.27412280701754,15.049570065212754,-5.7058753122062,20.755445377418955,20.755445377418955
Netherlands,linear,1992,-2.6666666666666665,1992,22.75081730981918,-5.774122807017536,13.107237519750825,-9.643579790068351,22.75081730981918,22.75081730981918
Netherlands,linear,1993,-5.166666666666667,1993,24.746189242219405,5.392543859649121,12.25342701855395,-12.492762223665455,24.746189242219405,24.746189242219405
Netherlands,linear,1994,35.333333333333336,1994,26.74156117461963,13.225877192982459,12.809740907910346,-13.931820266709286,26.74156117461963,26.74156117461963
Netherlands,linear,1995,39.833333333333336,1995,28.736933107019855,33.22587719298246,14.93861330844016,-13.79831979857969,28.736933107019855,28.736933107019855
Netherlands,linear,1996,-74,1996,30.73230503942008,-1.774122807017548,18.62497531361263,-12.107329725807453,30.73230503942008,30.73230503942008
Netherlands,linear,1997,-16.666666666666668,1997,32.7276769718203,14.559210526315791,23.677955897220034,-9.04972107460027,32.7276769718203,32.7276769718203
Netherlands,linear,1998,64.33333333333333,1998,34.72304890422052,27.05921052631578,29.752426539352967,-4.970622364867551,34.72304890422052,34.72304890422052
Netherlands,linear,1999,58.666666666666664,1999,36.71842083662075,26.725877192982445,36.38795771457217,-0.3304631220485783,36.71842083662075,36.71842083662075
Netherlands,linear,2000,54,2000,38.71379276902097,31.725877192982452,43.06079001665472,4.346997247633757,38.71379276902097,38.71379276902097
Netherlands,linear,2001,61,2001,40.7091647014212,52.39254385964912,49.24295366317413,8.53378896175293,40.7091647014212,40.7091647014212
Netherlands,linear,2002,46.166666666666664,2002,42.70453663382142,62.89254385964912,54.461863247592994,11.757326613771575,42.70453663382142,42.70453663382142
Netherlands,linear,2003,32,2003,44.69990856622165,63.89254385964912,58.35366096283903,13.653752396617381,44.69990856622165,44.69990856622165
Netherlands,linear,2004,62.833333333333336,2004,46.69528049862187,48.89254385964912,60.704287163544215,14.009006664922348,46.69528049862187,46.69528049862187
Netherlands,linear,2005,45,2005,48.6906524310221,49.39254385964912,61.47364241456235,12.782989983540245,48.6906524310221,48.6906524310221
Netherlands,linear,2006,41.333333333333336,2006,50.68602436342232,39.89254385964912,60.800113727083534,10.114089363661217,50.68602436342232,50.68602436342232
Netherlands,linear,2007,94.83333333333331,2007,52.68139629582255,67.39254385964911,58.98495408204782,6.303557786225261,52.68139629582255,52.68139629582255
Netherlands,linear,2008,66.33333333333333,2008,54.67676822822277,46.89254385964912,56.45827840697193,1.7815101787491643,54.67676822822277,54.67676822822277
Netherlands,linear,2009,33.666666666666664,2009,56.672140160623,41.55921052631579,53.73051422079688,-2.941625939826122,56.672140160623,56.672140160623
Netherlands,linear,2010,25.333333333333332,2010,58.66751209302322,49.55921052631579,51.33478697019838,-7.332725122824834,58.66751209302322,58.66751209302322
Netherlands,linear,2011,60.166666666666664,2011,60.66288402542345,49.89254385964912,49.76674333030137,-10.896140695122087,60.66288402542345,60.66288402542345
Netherlands,linear,2012,50.666666666666664,2012,62.65825595782367,50.72587719298246,49.42860493329651,-13.229651024527165,62.65825595782367,62.65825595782367
Netherlands,linear,2013,25.666666666666668,2013,64.65362789022389,52.22587719298246,50.58376747760422,-14.069860412619667,64.65362789022389,64.65362789022389
Netherlands,linear,2014,66.66666666666667,2014,66.64899982262412,68.89254385964912,53.32706985714635,-13.321929965477775,66.64899982262412,66.64899982262412
Netherlands,linear,2015,92.5,2015,68.64437175502434,71.39254385964912,57.5740891919329,-11.07028256309145,68.64437175502434,68.64437175502434
Netherlands,linear,2016,77,2016,70.63974368742457,97.0592105263158,63.070670086688935,-7.569073600735625,70.63974368742457,70.63974368742457
Netherlands,linear,2017,112.16666666666669,2017,72.63511561982479,91.89254385964914,69.42161249951435,-3.2135031203104427,72.63511561982479,72.63511561982479
Netherlands,linear,2018,39.333333333333336,2018,74.63048755222502,80.22587719298247,76.13528006854936,1.5047925163243425,74.63048755222502,74.63048755222502
Netherlands,linear,2019,109.16666666666669,2019,76.62585948462524,101.72587719298248,82.67909371801073,6.053234233385497,76.62585948462524,76.62585948462524
Netherlands,linear,2020,114.66666666666669,2020,78.62123141702547,104.72587719298247,88.53964668569438,9.918415268668914,78.62123141702547,78.62123141702547
Netherlands,linear,2021,93.5,2021,80.61660334942569,110.05921052631578,93.2806554696673,12.6640521202416,80.61660334942569,80.61660334942569
Netherlands,linear,2022,106.33333333333331,2022,82.61197528182592,112.05921052631578,96.59220546316058,13.980230181334667,82.61197528182592,82.61197528182592
Netherlands,linear,2023,164.5,2023,84.60734721422614,138.89254385964912,98.32573266143054,13.718385447204401,84.60734721422614,84.60734721422614
Netherlands,linear,2024,170.83333333333334,2024,86.60271914662636,151.72587719298247,98.51079286963255,11.908073723006193,86.60271914662636,86.60271914662636
Netherlands,linear,2025,124.16666666666669,2025,88.59809107902659,147.0592105263158,97.35172558219486,8.753634503168277,88.59809107902659,88.59809107902659
Netherlands,broken_linear,1891,-179,1891,-169.79573813152263,-179,-158.15237298963856,11.643365141884049,-169.79573813152263,-326.24877469056844
Netherlands,broken_linear,1892,-166.5,1892,-168.0233439844107,-166.5,-155.53071729004364,12.492626694367052,-168.0233439844107,-322.94252724385797
Netherlands,broken_linear,1893,-142.16666666666666,1893,-166.25094983729875,-142.16666666666666,-154.3191706830906,11.931779154208158,-166.25094983729875,-319.63627979714755
Netherlands,broken_linear,1894,-141.83333333333334,1894,-164.47855569018682,-141.83333333333334,-154.4544273296383,10.02412836054852,-164.47855569018682,-316.33003235043714
Netherlands,broken_linear,1895,-173,1895,-162.7061615430749,-173,-155.72116055775973,6.985000985315184,-162.7061615430749,-313.0237849037268
Netherlands,broken_linear,1896,-185,1896,-160.93376739596295,-185,-157.7763279272732,3.157439468689736,-160.93376739596295,-309.7175374570163
Netherlands,broken_linear,1897,-179.33333333333334,1897,-159.16137324885102,-179.33333333333334,-160.18789225102165,-1.026519002170633,-159.16137324885102,-306.4112900103059
Netherlands,broken_linear,1898,-138.33333333333334,1898,-157.3889791017391,-138.33333333333334,-162.48358792567456,-5.094608823935475,-157.3889791017391,-303.1050425635955
Netherlands,broken_linear,1899,-141,1899,-155.61658495462714,-141,-164.20422805741876,-8.58764310279162,-155.61658495462714,-299.798795116885
Netherlands,broken_linear,1900,-176.5,1900,-153.84419080751522,-176.5,-164.95553532427638,-11.11134451676115,-153.84419080751522,-296.49254767017464
Netherlands,broken_linear,1901,-196.83333333333337,1901,-152.0717966604033,-196.83333333333337,-164.4526461504746,-12.38084949007131,-152.0717966604033,-293.1863002234642
Netherlands,broken_linear,1902,-225.16666666666663,1902,-150.29940251329134,-225.16666666666663,-162.55226477045392,-12.252862257162569,-150.29940251329134,-289.88005277675376
Netherlands,broken_linear,1903,-113.83333333333331,1903,-148.52700836617942,-113.83333333333331,-159.26883778261848,-10.74182941643907,-148.52700836617942,-286.57380533004334
Netherlands,broken_linear,1904,-151.83333333333334,1904,-146.7546142190675,-151.83333333333334,-154.77292348508394,-8.018309266016445,-146.7546142190675,-283.2675578833329
Netherlands,broken_linear,1905,-176.66666666666666,1905,-144.98222007195554,-176.66666666666666,-149.37194005515283,-4.389719983197295,-144.98222007195554,-279.9613104366225
Netherlands,broken_linear,1906,-139.83333333333334,1906,-143.2098259248436,-139.83333333333334,-143.47546562770006,-0.26563970285643457,-143.2098259248436,-276.6550629899121
Netherlands,broken_linear,1907,-162.66666666666666,1907,-141.43743177773166,-162.66666666666666,-137.549007036826,3.8884247409056725,-141.43743177773166,-273.3488155432017
Netherlands,broken_linear,1908,-169.83333333333334,1908,-139.66503763061974,-169.83333333333334,-132.0614555883287,7.603582042291017,-139.66503763061974,-270.0425680964912
Netherlands,broken_linear,1909,-119.5,1909,-137.8926434835078,-119.5,-127.43216080888872,10.460482674619076,-137.8926434835078,-266.73632064978085
Netherlands,broken_linear,1910,-110.33333333333331,1910,-136.12024933639586,-110.33333333333331,-123.98359623885729,12.136653097538556,-136.12024933639586,-263.4300732030704
Netherlands,broken_linear,1911,-132.33333333333334,1911,-134.34785518928393,-132.33333333333334,-121.90496013189254,12.44289505739141,-134.34785518928393,-260.12382575635996
Netherlands,broken_linear,1912,-70.16666666666667,1912,-132.57546104217198,-70.16666666666667,-121.23081964370161,11.344641398470369,-132.57546104217198,-256.81757830964955
Netherlands,broken_linear,1913,-98.83333333333331,1913,-130.80306689506006,-98.83333333333331,-121.83720905367522,8.965857841384828,-130.80306689506006,-253.5113308629391
Netherlands,broken_linear,1914,-86.5,1914,-129.03067274794813,-86.5,-123.45562243384973,5.5750503140983945,-129.03067274794813,-250.2050834162287
Netherlands,broken_linear,1915,-124.33333333333331,1915,-127.25827860083619,-124.33333333333331,-125.70332133837199,1.5549572624642019,-127.25827860083619,-246.89883596951827
Netherlands,broken_linear,1916,-73.33333333333333,1916,-125.48588445372425,-73.33333333333333,-128.1265365236665,-2.6406520699422327,-125.48588445372425,-243.59258852280783
Netherlands,broken_linear,1917,-127.83333333333331,1917,-123.71349030661233,-127.83333333333331,-130.25168729181095,-6.5381969851986135,-123.71349030661233,-240.28634107609741
Netherlands,broken_linear,1918,-131.5,1918,-121.94109615950039,-131.5,-131.63883705793478,-9.69774089843439,-121.94109615950039,-236.980093629387
Netherlands,broken_linear,1919,-153.66666666666666,1919,-120.16870201238845,-153.66666666666666,-131.9313513279757,-11.762649315587245,-120.16870201238845,-233.67384618267658
Netherlands,broken_linear,1920,-149.16666666666666,1920,-118.39630786527651,-149.16666666666666,-130.89615292723403,-12.49984506195753,-118.39630786527651,-230.36759873596614
Netherlands,broken_linear,1921,-119.33333333333331,1921,-116.62391371816459,-119.33333333333331,-128.45003065838156,-11.82611694021698,-116.62391371816459,-227.06135128925575
Netherlands,broken_linear,1922,-126.33333333333331,1922,-114.85151957105265,-126.33333333333331,-124.66903179103394,-9.817512219981305,-114.85151957105265,-223.7551038425453
Netherlands,broken_linear,1923,-104,1923,-113.07912542394071,-104,-119.77987820272918,-6.700752778788459,-113.07912542394071,-220.44885639583487
Netherlands,broken_linear,1924,-130,1924,-111.30673127682877,-130,-114.13437507704681,-2.827643800218041,-111.30673127682877,-217.14260894912445
Netherlands,broken_linear,1925,-75.16666666666667,1925,-109.53433712971683,-75.16666666666667,-108.16970078496456,1.3646363447522765,-109.53433712971683,-213.83636150241404
Netherlands,broken_linear,1926,-93,1926,-107.76194298260491,-93,-102.35906024134547,5.402882741259438,-107.76194298260491,-210.53011405570362
Netherlands,broken_linear,1927,-92.16666666666669,1927,-105.98954883549297,-92.16666666666669,-97.15827175416891,8.831277081324071,-105.98954883549297,-207.2238666089932
Netherlands,broken_linear,1928,-79.33333333333333,1928,-104.21715468838103,-79.33333333333333,-92.95431639237738,11.262838296003649,-104.21715468838103,-203.91761916228276
Netherlands,broken_linear,1929,-131.83333333333334,1929,-102.44476054126909,-131.83333333333334,-90.0216573783196,12.423103162949484,-102.44476054126909,-200.61137171557232
Netherlands,broken_linear,1930,-83.33333333333333,1930,-100.67236639415717,-83.33333333333333,-88.49125996684396,12.181106427313201,-100.67236639415717,-197.3051242688619
Netherlands,broken_linear,1931,-74.83333333333333,1931,-98.89997224704523,-74.83333333333333,-88.33580870174904,10.564163545296196,-98.89997224704523,-193.9988768221515
Netherlands,broken_linear,1932,-90,1932,-97.12757809993329,-90,-89.3727906563304,7.754787443602906,-97.12757809993329,-190.69262937544107
Netherlands,broken_linear,1933,-135.66666666666666,1933,-95.35518395282135,-135.66666666666666,-91.28509663629545,4.070087316525893,-95.35518395282135,-187.38638192873066
Netherlands,broken_linear,1934,-121,1934,-93.58278980570941,-121,-93.65681497791124,-0.0740251722018277,-93.58278980570941,-184.0801344820202
Netherlands,broken_linear,1935,-73.66666666666667,1935,-91.81039565859749,-73.66666666666667,-96.02017770537478,-4.209782046777281,-91.81039565859749,-180.7738870353098
Netherlands,broken_linear,1936,-59.333333333333336,1936,-90.03800151148555,-59.333333333333336,-97.90835998540861,-7.870358473923064,-90.03800151148555,-177.46763958859935
Netherlands,broken_linear,1937,-74.83333333333333,1937,-88.26560736437361,-74.83333333333333,-98.9081731243527,-10.642565759979087,-88.26560736437361,-174.16139214188894
Netherlands,broken_linear,1938,-61.166666666666664,1938,-86.49321321726167,-61.166666666666664,-98.70670336944768,-12.213490152186004,-86.49321321726167,-170.85514469517852
Netherlands,broken_linear,1939,-96.83333333333331,1939,-84.72081907014973,-96.83333333333331,-97.12663214522514,-12.40581307507541,-84.72081907014973,-167.5488972484681
Netherlands,broken_linear,1940,-89.5,1940,-82.9484249230378,-89.5,-94.14625094242403,-11.197826019386229,-82.9484249230378,-164.2426498017577
Netherlands,broken_linear,1941,-125,1941,-81.17603077592587,-125,-89.90191167267145,-8.72588089674559,-81.17603077592587,-160.93640235504725
Netherlands,broken_linear,1942,-109.5,1942,-79.40363662881393,-109.5,-84.67263590438735,-5.26899927557343,-79.40363662881393,-157.6301549083368
Netherlands,broken_linear,1943,-59.333333333333336,1943,-77.63124248170199,-59.333333333333336,-78.84862021715895,-1.217377735456962,-77.63124248170199,-154.3239074616264
Netherlands,broken_linear,1944,-49.333333333333336,1944,-75.85884833459006,-49.333333333333336,-72.88719264242722,2.971655692162851,-75.85884833459006,-151.01766001491598
Netherlands,broken_linear,1945,-57.666666666666664,1945,-74.08645418747813,-57.666666666666664,-67.26119162083253,6.825262566645603,-74.08645418747813,-147.71141256820556
Netherlands,broken_linear,1946,-68.5,1946,-72.31406004036619,-68.5,-62.405594217336436,9.908465823029756,-72.31406004036619,-144.40516512149514
Netherlands,broken_linear,1947,-129.16666666666666,1947,-70.54166589325425,-129.16666666666666,-58.66841795080472,11.873247942449531,-70.54166589325425,-141.0989176747847
Netherlands,broken_linear,1948,-56,1948,-68.76927174614232,-56,-56.2714382091871,12.497833536955223,-68.76927174614232,-137.7926702280743
Netherlands,broken_linear,1949,-42.166666666666664,1949,-66.99687759903038,-42.166666666666664,-55.28515528417503,11.711722314855352,-66.99687759903038,-134.48642278136384
Netherlands,broken_linear,1950,-43.166666666666664,1950,-65.22448345191845,-63.77412280701754,-55.620836629024716,9.60364682289373,-65.22448345191845,-131.18017533465343
Netherlands,broken_linear,1951,-58.5,1951,-63.452089304806506,-61.44078947368421,-57.0405325721486,6.411556732657906,-63.452089304806506,-127.87392788794301
Netherlands,broken_linear,1952,-34.166666666666664,1952,-61.679695157694574,-45.60745614035088,-59.18393495971358,2.4957601979809927,-61.679695157694574,-124.5676804412326
Netherlands,broken_linear,1953,-73.16666666666667,1953,-59.90730101058264,-45.27412280701755,-61.609047049675524,-1.7017460390928898,-59.90730101058264,-121.26143299452217
Netherlands,broken_linear,1954,-45.5,1954,-58.134906863470704,-67.4407894736842,-63.84207403041268,-5.707167166941979,-58.134906863470704,-117.95518554781174
Netherlands,broken_linear,1955,-36.333333333333336,1955,-56.362512716358765,-43.27412280701754,-65.43090275627355,-9.068390039914783,-56.362512716358765,-114.64893810110132
Netherlands,broken_linear,1956,-93.83333333333331,1956,-54.59011856924683,-78.77412280701752,-65.99613415838883,-11.406015589141989,-54.59011856924683,-111.34269065439089
Netherlands,broken_linear,1957,-60.833333333333336,1957,-52.8177244221349,-60.94078947368421,-65.27390803163097,-12.456183609496067,-52.8177244221349,-108.03644320768048
Netherlands,broken_linear,1958,-50.666666666666664,1958,-51.04533027502296,-54.60745614035088,-63.145686336680306,-12.100356061657344,-51.04533027502296,-104.73019576097005
Netherlands,broken_linear,1959,-93.16666666666669,1959,-49.272936127911024,-49.6074561403509,-59.651633217787314,-10.37869708987628,-49.272936127911024,-101.42394831425962
Netherlands,broken_linear,1960,-54.833333333333336,1960,-47.50054198079909,-47.94078947368421,-54.986081462597966,-7.485539481798871,-47.50054198079909,-98.1177008675492
Netherlands,broken_linear,1961,12.833333333333334,1961,-45.72814783368715,-8.940789473684214,-49.475597128788145,-3.7474492951009895,-45.72814783368715,-94.81145342083877
Netherlands,broken_linear,1962,-39.666666666666664,1962,-43.95575368657522,-47.44078947368421,-43.54211829954376,0.41363538703146396,-43.95575368657522,-91.50520597412836
Netherlands,broken_linear,1963,-97,1963,-42.18335953946328,-68.27412280701753,-37.655328692234924,4.528030847228356,-42.18335953946328,-88.19895852741793
Netherlands,broken_linear,1964,-76.5,1964,-40.41096539235135,-45.60745614035088,-32.279641963900204,8.131323428451147,-40.41096539235135,-84.8927110807075
Netherlands,broken_linear,1965,-21.833333333333332,1965,-38.63857124523941,-47.774122807017534,-27.82178087641657,10.816790368822844,-38.63857124523941,-81.58646363399708
Netherlands,broken_linear,1966,7.666666666666667,1966,-36.86617709812748,-9.607456140350866,-24.5848683392611,12.281308758866382,-36.86617709812748,-78.28021618728667
Netherlands,broken_linear,1967,35.166666666666664,1967,-35.09378295101554,-10.940789473684212,-22.734212317577153,12.359570633438391,-35.09378295101554,-74.97396874057623
Netherlands,broken_linear,1968,-29.333333333333332,1968,-33.32138880390361,-19.10745614035087,-22.27864664460423,11.042742159299383,-33.32138880390361,-71.66772129386581
Netherlands,broken_linear,1969,-43,1969,-31.54899465679167,-21.10745614035088,-23.06953390002538,8.479460756766287,-31.54899465679167,-68.3614738471554
Netherlands,broken_linear,1970,-9.833333333333334,1970,-29.776600509679735,-25.440789473684212,-24.817542904646622,4.959057605033113,-29.776600509679735,-65.05522640044497
Netherlands,broken_linear,1971,-60.166666666666664,1971,-28.0042063625678,-39.10745614035088,-27.125307066519557,0.8788992960482491,-28.0042063625678,-61.748978953734536
Netherlands,broken_linear,1972,-88.33333333333333,1972,-26.231812215455864,-44.10745614035087,-29.532277257612343,-3.300465042156475,-26.231812215455864,-58.44273150702412
Netherlands,broken_linear,1973,-20.5,1973,-24.45941806834393,-39.27412280701755,-31.566706438735622,-7.107288370391692,-24.45941806834393,-55.13648406031369
Netherlands,broken_linear,1974,-16.666666666666668,1974,-22.687023921231994,-52.27412280701755,-32.798898252145335,-10.111874330913343,-22.687023921231994,-51.83023661360327
Netherlands,broken_linear,1975,-52,1975,-20.91462977412006,-32.27412280701754,-32.88970913050299,-11.975079356382935,-20.91462977412006,-48.52398916689285
Netherlands,broken_linear,1976,-75.5,1976,-19.14223562700812,-42.27412280701754,-31.62882923167944,-12.486593604671317,-19.14223562700812,-45.21774172018242
Netherlands,broken_linear,1977,-24.166666666666668,1977,-17.369841479896188,-43.77412280701755,-28.95852122707488,-11.58867974717869,-17.369841479896188,-41.911494273472
Netherlands,broken_linear,1978,-31.833333333333332,1978,-15.59744733278425,-30.774122807017545,-24.98013742039901,-9.382690087614758,-15.59744733278425,-38.60524682676157
Netherlands,broken_linear,1979,-22.333333333333332,1979,-13.825053185672315,-16.9407894736842,-19.942679575118266,-6.11762638944595,-13.825053185672315,-35.29899938005115
Netherlands,broken_linear,1980,5,1980,-12.052659038560378,14.892543859649123,-14.21469276357669,-2.16203372501631,-12.052659038560378,-31.992751933340724
Netherlands,broken_linear,1981,39,1981,-10.280264891448443,15.725877192982452,-8.242665728243072,2.037599163205371,-10.280264891448443,-28.6865044866303
Netherlands,broken_linear,1982,15.333333333333334,1982,-8.507870744336508,18.059210526315795,-2.5006333271436425,6.007237417192865,-8.507870744336508,-25.380257039919876
Netherlands,broken_linear,1983,52.833333333333336,1983,-6.735476597224572,19.39254385964913,2.5633302969977905,9.298806894222361,-6.735476597224572,-22.074009593209453
Netherlands,broken_linear,1984,-9.5,1984,-4.963082450112637,3.5592105263157876,6.5776882238700916,11.54077067398273,-4.963082450112637,-18.76776214649903
Netherlands,broken_linear,1985,-6.5,1985,-3.1906883030007016,1.8925438596491233,9.28937810009011,12.480066403090811,-3.1906883030007016,-15.461514699788607
Netherlands,broken_linear,1986,-13,1986,-1.4182941558887663,-9.940789473684212,10.592376630421441,12.010670786310207,-1.4182941558887663,-12.155267253078183
Netherlands,broken_linear,1987,-20.5,1987,0.35409999122316904,9.892543859649123,10.539666989937025,10.185566998713856,0.35409999122316904,-8.84901980636776
Netherlands,broken_linear,1988,55.833333333333336,1988,2.1264941383351044,27.89254385964913,9.337258331785208,7.2107641934501,2.1264941383351044,-5.542772359657336
Netherlands,broken_linear,1989,17.833333333333332,1989,3.8988882854470397,10.225877192982455,7.3209324404653255,3.4220441550182867,3.8988882854470397,-2.236524912946913
Netherlands,broken_linear,1990,54.333333333333336,1990,5.671282432558979,-1.274122807017541,4.9183422592992585,-0.7529401732597227,5.671282432558979,1.069722533763514
Netherlands,broken_linear,1991,-48,1991,7.44367657967091,-27.27412280701754,2.600740432504452,-4.842936147166457,7.44367657967091,4.3759699804739345
Netherlands,broken_linear,1992,-2.6666666666666665,1992,9.21607072678285,-5.774122807017536,0.829786517576176,-8.386284209206671,9.21607072678285,7.682217427184361
Netherlands,broken_linear,1993,-5.166666666666667,1993,10.988464873894781,5.392543859649121,0.005437020293165062,-10.983027853601616,10.988464873894781,10.988464873894781
Netherlands,broken_linear,1994,35.333333333333336,1994,14.294712320605209,13.225877192982459,1.9546534803226656,-12.340058840282543,12.76085902100672,14.294712320605209
Netherlands,broken_linear,1995,39.833333333333336,1995,17.60095976731563,33.22587719298246,5.296757889390479,-12.304201877925152,14.533253168118652,17.60095976731563
Netherlands,broken_linear,1996,-74,1996,20.907207214026055,-1.774122807017548,10.027702881807109,-10.879504332218943,16.30564731523059,20.907207214026055
Netherlands,broken_linear,1997,-16.666666666666668,1997,24.213454660736474,14.559210526315791,15.986675282520185,-8.226779378216289,18.078041462342522,24.213454660736474
Netherlands,broken_linear,1998,64.33333333333333,1998,27.519702107446903,27.05921052631578,22.874247943866393,-4.645454163580515,19.85043560945446,27.519702107446903
Netherlands,broken_linear,1999,58.666666666666664,1999,30.825949554157322,26.725877192982445,30.286177677250116,-0.5397718769072082,21.622829756566393,30.825949554157322
Netherlands,broken_linear,2000,54,2000,34.13219700086775,31.725877192982452,37.75903432778268,3.6268373269149308,23.395223903678332,34.13219700086775
Netherlands,broken_linear,2001,61,2001,37.43844444757817,52.39254385964912,44.82251059600367,7.384066148425498,25.167618050790264,37.43844444757817
Netherlands,broken_linear,2002,46.166666666666664,2002,40.74469189428859,62.89254385964912,51.05250811941764,10.307816225129045,26.940012197902202,40.74469189428859
Netherlands,broken_linear,2003,32,2003,44.05093934099902,63.89254385964912,56.1190077060134,12.068068365014378,28.71240634501414,44.05093934099902
Netherlands,broken_linear,2004,62.833333333333336,2004,47.35718678770944,48.89254385964912,59.82332035238753,12.466133564678104,30.484800492126073,47.35718678770944
Netherlands,broken_linear,2005,45,2005,50.66343423441987,49.39254385964912,62.12051432630773,11.45708009188786,32.25719463923801,50.66343423441987
Netherlands,broken_linear,2006,41.333333333333336,2006,53.9696816811303,39.89254385964912,63.12448684985174,9.154805168721452,34.02958878634995,53.9696816811303
Netherlands,broken_linear,2007,94.83333333333331,2007,57.275929127840705,67.39254385964911,63.09510791532328,5.819178787482576,35.80198293346187,57.275929127840705
Netherlands,broken_linear,2008,66.33333333333333,2008,60.582176574551134,46.89254385964912,62.40888737968963,1.826710805138489,37.57437708057381,60.582176574551134
Netherlands,broken_linear,2009,33.666666666666664,2009,63.88842402126156,41.55921052631579,61.516476298306735,-2.371947722954829,39.34677122768575,63.88842402126156
Netherlands,broken_linear,2010,25.333333333333332,2010,67.19467146797199,49.55921052631579,60.89179954800072,-6.302871919971265,41.11916537479769,67.19467146797199
Netherlands,broken_linear,2011,60.166666666666664,2011,70.5009189146824,49.89254385964912,60.97856141036984,-9.52235750431256,42.89155952190961,70.5009189146824
Netherlands,broken_linear,2012,50.666666666666664,2012,73.80716636139283,50.72587719298246,62.14016231409704,-11.667004047295785,44.66395366902155,73.80716636139283
Netherlands,broken_linear,2013,25.666666666666668,2013,77.11341380810325,52.22587719298246,64.6186798994377,-12.494733908665552,46.43634781613349,77.11341380810325
Netherlands,broken_linear,2014,66.66666666666667,2014,80.41966125481369,68.89254385964912,68.50754442988435,-11.912116824929337,48.20874196324543,80.41966125481369
Netherlands,broken_linear,2015,92.5,2015,83.72590870152409,71.39254385964912,73.74099282234772,-9.984915879176377,49.981136110357355,83.72590870152409
Netherlands,broken_linear,2016,77,2016,87.03215614823452,97.0592105263158,80.10149167545116,-6.930664472783356,51.75353025746929,87.03215614823452
Netherlands,broken_linear,2017,112.16666666666669,2017,90.33840359494495,91.89254385964914,87.24429141932956,-3.0941121756153955,53.52592440458123,90.33840359494495
Netherlands,broken_linear,2018,39.333333333333336,2018,93.64465104165538,80.22587719298247,94.73634002969783,1.091688988042451,55.29831855169317,93.64465104165538
Netherlands,broken_linear,2019,109.16666666666669,2019,96.9508984883658,101.72587719298248,102.10516390870758,5.154265420341776,57.07071269880511,96.9508984883658
Netherlands,broken_linear,2020,114.66666666666669,2020,100.25714593507621,104.72587719298247,108.89219848808261,8.6350525530064,58.843106845917035,100.25714593507621
Netherlands,broken_linear,2021,93.5,2021,103.56339338178664,110.05921052631578,114.70454884625019,11.141155464463557,60.615500993028974,103.56339338178664
Netherlands,broken_linear,2022,106.33333333333331,2022,106.86964082849707,112.05921052631578,119.25933784383855,12.389697015341472,62.38789514014091,106.86964082849707
Netherlands,broken_linear,2023,164.5,2023,110.1758882752075,138.89254385964912,122.41563596806324,12.239747692855754,64.16028928725285,110.1758882752075
Netherlands,broken_linear,2024,170.83333333333334,2024,113.4821357219179,151.72587719298247,124.19036879496574,10.708233073047843,65.93268343436478,113.4821357219179
Netherlands,broken_linear,2025,124.16666666666669,2025,116.78838316862834,147.0592105263158,124.75640650979531,7.968023341166969,67.70507758147671,116.78838316862834
Netherlands,broken_squared,1891,-179,1891,-167.67059671739491,-179,-155.70179858010488,11.968798137290044,-167.67059671739491,-106.99067714526704
Netherlands,broken_squared,1892,-166.5,1892,-165.97244552875952,-166.5,-153.22491302837457,12.747532500384953,-165.97244552875952,-107.03861900040009
Netherlands,broken_squared,1893,-142.16666666666666,1893,-164.2742943401242,-142.16666666666666,-152.18690914078994,12.08738519933424,-164.2742943401242,-107.06107044613512
Netherlands,broken_squared,1894,-141.83333333333334,1894,-162.57614315148885,-141.83333333333334,-152.51327258706087,10.062870564427987,-162.57614315148885,-107.05803148247205
Netherlands,broken_squared,1895,-173,1895,-160.87799196285346,-173,-153.97548565312195,6.9025063097314945,-160.87799196285346,-107.02950210941086
Netherlands,broken_squared,1896,-185,1896,-159.17984077421812,-185,-156.21682124861553,2.963019525602574,-159.17984077421812,-106.97548232695164
Netherlands,broken_squared,1897,-179.33333333333334,1897,-157.48168958558273,-179.33333333333334,-158.79260858728108,-1.3109190016983527,-157.48168958558273,-106.89597213509428
Netherlands,broken_squared,1898,-138.33333333333334,1898,-155.7835383969474,-138.33333333333334,-161.22042553915475,-5.43688714220737,-155.7835383969474,-106.7909715338389
Netherlands,broken_squared,1899,-141,1899,-154.08538720831203,-141,-163.03455217733713,-8.949164969025095,-154.08538720831203,-106.66048052318541
Netherlands,broken_squared,1900,-176.5,1900,-152.38723601967666,-176.5,-163.83853905843665,-11.451303038759983,-152.38723601967666,-106.50449910313385
Netherlands,broken_squared,1901,-196.83333333333337,1901,-150.6890848310413,-196.83333333333337,-163.3499565758143,-12.66087174477299,-150.6890848310413,-106.3230272736842
Netherlands,broken_squared,1902,-225.16666666666663,1902,-148.99093364240593,-225.16666666666663,-161.43227428857463,-12.441340646168676,-148.99093364240593,-106.11606503483648
Netherlands,broken_squared,1903,-113.83333333333331,1903,-147.2927824537706,-113.83333333333331,-158.11027183720742,-10.817489383436811,-147.2927824537706,-105.88361238659071
Netherlands,broken_squared,1904,-151.83333333333334,1904,-145.5946312651352,-151.83333333333334,-153.56724193402178,-7.972610668886579,-145.5946312651352,-105.6256693289468
Netherlands,broken_squared,1905,-176.66666666666666,1905,-143.89648007649987,-176.66666666666666,-148.12430114169072,-4.22782106519085,-143.89648007649987,-105.34223586190487
Netherlands,broken_squared,1906,-139.83333333333334,1906,-142.1983288878645,-139.83333333333334,-142.2041437421607,-0.005814854296201766,-142.1983288878645,-105.03331198546482
Netherlands,broken_squared,1907,-162.66666666666666,1907,-140.50017769922914,-162.66666666666666,-136.28332998915786,4.216847710071265,-140.50017769922914,-104.69889769962671
Netherlands,broken_squared,1908,-169.83333333333334,1908,-138.8020265105938,-169.83333333333334,-130.83849422250907,7.963532288084725,-138.8020265105938,-104.33899300439055
Netherlands,broken_squared,1909,-119.5,1909,-137.1038753219584,-119.5,-126.29254461997168,10.811330701986725,-137.1038753219584,-103.95359789975623
Netherlands,broken_squared,1910,-110.33333333333331,1910,-135.40572413332308,-110.33333333333331,-122.96692730618383,12.438796827139248,-135.40572413332308,-103.5427123857239
Netherlands,broken_squared,1911,-132.33333333333334,1911,-133.7075729446877,-132.33333333333334,-121.04534302216565,12.662229922522068,-133.7075729446877,-103.10633646229346
Netherlands,broken_squared,1912,-70.16666666666667,1912,-132.00942175605235,-70.16666666666667,-120.55301184749726,11.456409908555084,-132.00942175605235,-102.64447012946495
Netherlands,broken_squared,1913,-98.83333333333331,1913,-130.31127056741698,-98.83333333333331,-121.3538264760546,8.957444091362374,-130.31127056741698,-102.15711338723835
Netherlands,broken_squared,1914,-86.5,1914,-128.61311937878162,-86.5,-123.16571537018307,5.447404008598561,-128.61311937878162,-101.64426623561369
Netherlands,broken_squared,1915,-124.33333333333331,1915,-126.91496819014627,-124.33333333333331,-125.5924816725416,1.3224865176046845,-126.91496819014627,-101.10592867459093
Netherlands,broken_squared,1916,-73.33333333333333,1916,-125.2168170015109,-73.33333333333333,-128.16852404861905,-2.9517070471081452,-125.2168170015109,-100.54210070417011
Netherlands,broken_squared,1917,-127.83333333333331,1917,-123.51866581287555,-127.83333333333331,-130.411391581025,-6.8927257681494165,-123.51866581287555,-99.9527823243512
Netherlands,broken_squared,1918,-131.5,1918,-121.82051462424019,-131.5,-131.87624056564724,-10.05572594140706,-121.82051462424019,-99.33797353513421
Netherlands,broken_squared,1919,-153.66666666666666,1919,-120.12236343560483,-153.66666666666666,-132.20604638200723,-12.083682946402385,-120.12236343560483,-98.69767433651914
Netherlands,broken_squared,1920,-149.16666666666666,1920,-118.42421224696947,-149.16666666666666,-131.1719027574536,-12.747690510484134,-118.42421224696947,-98.031884728506
Netherlands,broken_squared,1921,-119.33333333333331,1921,-116.72606105833411,-119.33333333333331,-128.6988596333157,-11.972798574981578,-116.72606105833411,-97.34060471109477
Netherlands,broken_squared,1922,-126.33333333333331,1922,-115.02790986969875,-126.33333333333331,-124.87438317590097,-9.846473306202217,-115.02790986969875,-96.62383428428546
Netherlands,broken_squared,1923,-104,1923,-113.3297586810634,-104,-119.93848300598616,-6.608724324922753,-113.3297586810634,-95.88157344807809
Netherlands,broken_squared,1924,-130,1924,-111.63160749242803,-130,-114.2566210388186,-2.625013546390563,-111.63160749242803,-95.11382220247262
Netherlands,broken_squared,1925,-75.16666666666667,1925,-109.93345630379267,-75.16666666666667,-108.27845985767212,1.6549964461205589,-109.93345630379267,-94.32058054746908
Netherlands,broken_squared,1926,-93,1926,-108.23530511515732,-93,-102.48710691101938,5.748198204137939,-108.23530511515732,-93.50184848306746
Netherlands,broken_squared,1927,-92.16666666666669,1927,-106.53715392652195,-92.16666666666669,-97.34458361022631,9.192570316295638,-106.53715392652195,-92.65762600926776
Netherlands,broken_squared,1928,-79.33333333333333,1928,-104.83900273788659,-79.33333333333333,-93.23967452019029,11.599328217696291,-104.83900273788659,-91.78791312606997
Netherlands,broken_squared,1929,-131.83333333333334,1929,-103.14085154925124,-131.83333333333334,-90.44404318162077,12.696808367630464,-103.14085154925124,-90.89270983347411
Netherlands,broken_squared,1930,-83.33333333333333,1930,-101.44270036061587,-83.33333333333333,-89.0815680050616,12.361132355554265,-101.44270036061587,-89.97201613148017
Netherlands,broken_squared,1931,-74.83333333333333,1931,-99.74454917198051,-74.83333333333333,-89.11435945707915,10.630189714901356,-99.74454917198051,-89.02583202008815
Netherlands,broken_squared,1932,-90,1932,-98.04639798334516,-90,-90.34703685303911,7.699361130306055,-98.04639798334516,-88.05415749929806
Netherlands,broken_squared,1933,-135.66666666666666,1933,-96.3482467947098,-135.66666666666666,-92.44878201216797,3.8994647825418243,-96.3482467947098,-87.05699256910988
Netherlands,broken_squared,1934,-121,1934,-94.65009560607443,-121,-94.99068046177968,-0.3405848557052362,-94.65009560607443,-86.03433722952362
Netherlands,broken_squared,1935,-73.66666666666667,1935,-92.95194441743908,-73.66666666666667,-97.49413529071848,-4.5421908732794,-92.95194441743908,-84.98619148053929
Netherlands,broken_squared,1936,-59.333333333333336,1936,-91.25379322880372,-59.333333333333336,-99.48488892337369,-8.231095694569978,-91.25379322880372,-83.91255532215686
Netherlands,broken_squared,1937,-74.83333333333333,1937,-89.55564204016835,-74.83333333333333,-100.54655508985562,-10.990913049687258,-89.55564204016835,-82.81342875437636
Netherlands,broken_squared,1938,-61.166666666666664,1938,-87.85749085153299,-61.166666666666664,-100.36761855468241,-12.510127703149426,-87.85749085153299,-81.68881177719778
Netherlands,broken_squared,1939,-96.83333333333331,1939,-86.15933966289764,-96.83333333333331,-98.77659749510121,-12.617257832203583,-86.15933966289764,-80.53870439062115
Netherlands,broken_squared,1940,-89.5,1940,-84.46118847426227,-89.5,-95.76139956474074,-11.300211090478467,-84.46118847426227,-79.36310659464641
Netherlands,broken_squared,1941,-125,1941,-82.76303728562692,-125,-91.47068682093905,-8.707649535312136,-82.76303728562692,-78.1620183892736
Netherlands,broken_squared,1942,-109.5,1942,-81.06488609699156,-109.5,-86.1970954491528,-5.132209352161248,-81.06488609699156,-76.9354397745027
Netherlands,broken_squared,1943,-59.333333333333336,1943,-79.3667349083562,-59.333333333333336,-80.344204363233,-0.9774694548768053,-79.3667349083562,-75.68337075033372
Netherlands,broken_squared,1944,-49.333333333333336,1944,-77.66858371972083,-49.333333333333336,-74.3809811110024,3.2876026087184247,-77.66858371972083,-74.40581131676667
Netherlands,broken_squared,1945,-57.666666666666664,1945,-75.97043253108548,-57.666666666666664,-68.78884701759837,7.181585513487105,-75.97043253108548,-73.10276147380155
Netherlands,broken_squared,1946,-68.5,1946,-74.27228134245011,-68.5,-64.0073366048587,10.264944737591424,-74.27228134245011,-71.77422122143834
Netherlands,broken_squared,1947,-129.16666666666666,1947,-72.57413015381476,-129.16666666666666,-60.384484996553695,12.18964515726107,-72.57413015381476,-70.42019055967705
Netherlands,broken_squared,1948,-56,1948,-70.8759789651794,-56,-58.137543346406844,12.738435618772561,-70.8759789651794,-69.0406694885177
Netherlands,broken_squared,1949,-42.166666666666664,1949,-69.17782777654404,-42.166666666666664,-57.32845654708681,11.849371229457223,-69.17782777654404,-67.63565800796023
Netherlands,broken_squared,1950,-43.166666666666664,1950,-67.47967658790867,-63.77412280701754,-57.85687118133487,9.622805406573804,-67.47967658790867,-66.20515611800471
Netherlands,broken_squared,1951,-58.5,1951,-65.78152539927332,-61.44078947368421,-59.471462944901276,6.310062454372047,-65.78152539927332,-64.74916381865111
Netherlands,broken_squared,1952,-34.166666666666664,1952,-64.08337421063796,-45.60745614035088,-61.79830495493187,2.285069255706086,-64.08337421063796,-63.267681109899414
Netherlands,broken_squared,1953,-73.16666666666667,1953,-62.3852230220026,-45.27412280701755,-64.3830748622429,-1.997851840240302,-62.3852230220026,-61.760707991749655
Netherlands,broken_squared,1954,-45.5,1954,-60.68707183336724,-67.4407894736842,-66.74233662666319,-6.0552647932959465,-60.68707183336724,-60.228244464201815
Netherlands,broken_squared,1955,-36.333333333333336,1955,-58.98892064473188,-43.27412280701754,-68.41810850922931,-9.429187864497443,-58.98892064473188,-58.67029052725589
Netherlands,broken_squared,1956,-93.83333333333331,1956,-57.29076945609652,-78.77412280701752,-69.02955790227837,-11.73878844618185,-57.29076945609652,-57.086846180911884
Netherlands,broken_squared,1957,-60.833333333333336,1957,-55.59261826746116,-60.94078947368421,-68.31598792754112,-12.723369660079953,-55.59261826746116,-55.47791142516981
Netherlands,broken_squared,1958,-50.666666666666664,1958,-53.8944670788258,-54.60745614035088,-66.16626367671296,-12.271796597887151,-53.8944670788258,-53.84348626002964
Netherlands,broken_squared,1959,-93.16666666666669,1959,-52.19631589019044,-49.6074561403509,-62.6313565985187,-10.435040708328255,-52.19631589019044,-52.183570685491404
Netherlands,broken_squared,1960,-54.833333333333336,1960,-50.49816470155508,-47.94078947368421,-57.91859108071088,-7.420426379155806,-50.49816470155508,-50.49816470155508
Netherlands,broken_squared,1961,12.833333333333334,1961,-48.78726830822068,-8.940789473684214,-52.35549744113461,-3.568229132913927,-48.80001351291972,-48.78726830822068
Netherlands,broken_squared,1962,-39.666666666666664,1962,-47.050881505488206,-47.44078947368421,-46.36414842782971,0.6867330776584941,-47.10186232428436,-47.050881505488206
Netherlands,broken_squared,1963,-97,1963,-45.28900429335765,-68.27412280701753,-40.42482421315426,4.86418008020339,-45.403711135649004,-45.28900429335765
Netherlands,broken_squared,1964,-76.5,1964,-43.501636671829004,-45.60745614035088,-35.009055416443445,8.49258125538556,-43.70555994701364,-43.501636671829004
Netherlands,broken_squared,1965,-21.833333333333332,1965,-41.68877864090229,-47.774122807017534,-30.52639893986453,11.162379701037763,-42.00740875837828,-41.68877864090229
Netherlands,broken_squared,1966,7.666666666666667,1966,-39.85043020057749,-9.607456140350866,-27.278209106718684,12.572221093858808,-40.30925756974292,-39.85043020057749
Netherlands,broken_squared,1967,35.166666666666664,1967,-37.98659135085462,-10.940789473684212,-25.423622199217593,12.562969151637024,-38.61110638110756,-37.98659135085462
Netherlands,broken_squared,1968,-29.333333333333332,1968,-36.09726209173367,-19.10745614035087,-24.961593901528346,11.135668190205319,-36.912955192472204,-36.09726209173367
Netherlands,broken_squared,1969,-43,1969,-34.182442423214624,-21.10745614035088,-25.731017177245302,8.451425245969324,-35.21480400383684,-34.182442423214624
Netherlands,broken_squared,1970,-9.833333333333334,1970,-32.24213234529751,-25.440789473684212,-27.42890727583289,4.8132250694646235,-33.51665281520148,-32.24213234529751
Netherlands,broken_squared,1971,-60.166666666666664,1971,-30.27633185798232,-39.10745614035088,-29.644601229826154,0.6317306281561668,-31.81850162656612,-30.27633185798232
Netherlands,broken_squared,1972,-88.33333333333333,1972,-28.28504096126905,-44.10745614035087,-31.90611156399067,-3.6210706027216166,-30.120350437930764,-28.28504096126905
Netherlands,broken_squared,1973,-20.5,1973,-26.2682596551577,-39.27412280701755,-33.73340202721813,-7.465142372060431,-28.422199249295403,-26.2682596551577
Netherlands,broken_squared,1974,-16.666666666666668,1974,-24.225987939648267,-52.27412280701755,-34.692571832482166,-10.4665838928339,-26.724048060660042,-24.225987939648267
Netherlands,broken_squared,1975,-52,1975,-22.158225814740756,-32.27412280701754,-34.44483234205105,-12.286606527310292,-25.02589687202468,-22.158225814740756
Netherlands,broken_squared,1976,-75.5,1976,-20.06497328043517,-42.27412280701754,-32.78474793950263,-12.719774659067458,-23.327745683389324,-20.06497328043517
Netherlands,broken_squared,1977,-24.166666666666668,1977,-17.9462303367315,-43.77412280701755,-29.663424638313717,-11.717194301582218,-21.629594494753963,-17.9462303367315
Netherlands,broken_squared,1978,-31.833333333333332,1978,-15.80199698362975,-30.774122807017545,-25.194029005674828,-9.392032022045083,-19.931443306118602,-15.80199698362975
Netherlands,broken_squared,1979,-22.333333333333332,1979,-13.632273221129925,-16.9407894736842,-19.63901445130178,-6.006741230171853,-18.233292117483245,-13.632273221129925
Netherlands,broken_squared,1980,5,1980,-11.437059049232015,14.892543859649123,-13.380496717835737,-1.943437668603723,-16.535140928847884,-11.437059049232015
Netherlands,broken_squared,1981,39,1981,-9.216354467936029,15.725877192982452,-6.8771224484934805,2.339232019442549,-14.836989740212523,-9.216354467936029
Netherlands,broken_squared,1982,15.333333333333334,1982,-6.970159477241966,18.059210526315795,-0.6122993057018746,6.357860171540091,-13.138838551577166,-6.970159477241966
Netherlands,broken_squared,1983,52.833333333333336,1983,-4.69847407714982,19.39254385964913,4.960368817950602,9.65884289510042,-11.440687362941805,-4.69847407714982
Netherlands,broken_squared,1984,-9.5,1984,-2.4012982676595946,3.5592105263157876,9.468282479046248,11.869580746705843,-9.742536174306444,-2.4012982676595946
Netherlands,broken_squared,1985,-6.5,1985,-0.07863204877129348,1.8925438596491233,12.661903960476952,12.740536009248245,-8.044384985671087,-0.07863204877129348
Netherlands,broken_squared,1986,-13,1986,2.2695245795150907,-9.940789473684212,14.4429239182559,12.173399338740808,-6.346233797035726,2.2695245795150907
Netherlands,broken_squared,1987,-20.5,1987,4.643171617199554,9.892543859649123,14.875358079052788,10.232186461853232,-4.648082608400365,4.643171617199554
Netherlands,broken_squared,1988,55.833333333333336,1988,7.042309064282094,27.89254385964913,14.178321445294365,7.1360123810122715,-2.949931419765008,7.042309064282094
Netherlands,broken_squared,1989,17.833333333333332,1989,9.466936920762718,10.225877192982455,12.701295621659057,3.2343587008963395,-1.2517802311296435,9.466936920762718
Netherlands,broken_squared,1990,54.333333333333336,1990,11.917055186641416,-1.274122807017541,10.884680971118712,-1.0323742155226983,0.44637095750571376,11.917055186641416
Netherlands,broken_squared,1991,-48,1991,14.392663861918193,-27.27412280701754,9.21008628808564,-5.182577573832552,2.144522146141071,14.392663861918193
Netherlands,broken_squared,1992,-2.6666666666666665,1992,16.893762946593057,-5.774122807017536,8.145967057146166,-8.747795889446893,3.8426733347764355,16.893762946593057
Netherlands,broken_squared,1993,-5.166666666666667,1993,19.420352440665994,5.392543859649121,8.09474839569912,-11.325604044966871,5.540824523411793,19.420352440665994
Netherlands,broken_squared,1994,35.333333333333336,1994,21.972432344137008,13.225877192982459,9.347401194664087,-12.625031149472921,7.23897571204715,21.972432344137008
Netherlands,broken_squared,1995,39.833333333333336,1995,24.55000265700611,33.22587719298246,12.050598689391595,-12.499403967614514,8.937126900682514,24.55000265700611
Netherlands,broken_squared,1996,-74,1996,27.153063379273284,-1.774122807017548,16.190160672967963,-10.962902706305325,10.635278089317872,27.153063379273284
Netherlands,broken_squared,1997,-16.666666666666668,1997,29.781614510938535,14.559210526315791,21.592654091445848,-8.188960419492686,12.333429277953229,29.781614510938535
Netherlands,broken_squared,1998,64.33333333333333,1998,32.435656052001875,27.05921052631578,27.944969353320246,-4.490686698681638,14.031580466588593,32.435656052001875
Netherlands,broken_squared,1999,58.666666666666664,1999,35.115188002463285,26.725877192982445,34.82966267127732,-0.28552533118596735,15.72973165522395,35.115188002463285
Netherlands,broken_squared,2000,54,2000,37.82021036232278,31.725877192982452,41.772075158486984,3.9518647961642026,17.427882843859308,37.82021036232278
Netherlands,broken_squared,2001,61,2001,40.550723131580355,52.39254385964912,48.29391009690662,7.743186965326268,19.126034032494672,40.550723131580355
Netherlands,broken_squared,2002,46.166666666666664,2002,43.306726310236,62.89254385964912,53.96722082690535,10.660494516669349,20.82418522113003,43.306726310236
Netherlands,broken_squared,2003,32,2003,46.088219898289736,63.89254385964912,58.46271535850985,12.37449546022011,22.522336409765387,46.088219898289736
Netherlands,broken_squared,2004,62.833333333333336,2004,48.89520389574155,48.89254385964912,61.58692530637348,12.691721410631915,24.22048759840075,48.89520389574155
Netherlands,broken_squared,2005,45,2005,51.72767830259144,49.39254385964912,63.30404369346556,11.576365390874116,25.91863878703611,51.72767830259144
Netherlands,broken_squared,2006,41.333333333333336,2006,54.58564311883941,39.89254385964912,63.73996667465182,9.15432355581241,27.616789975671466,54.58564311883941
Netherlands,broken_squared,2007,94.83333333333331,2007,57.46909834448546,67.39254385964911,63.168082969369394,5.698984624883939,29.31494116430683,57.46909834448546
Netherlands,broken_squared,2008,66.33333333333333,2008,60.37804397952959,46.89254385964912,61.97841502556825,1.6003710460386742,31.013092352942195,60.37804397952959
Netherlands,broken_squared,2009,33.666666666666664,2009,63.312480023971794,41.55921052631579,60.633595115559956,-2.678884908411834,32.711243541577545,63.312480023971794
Netherlands,broken_squared,2010,25.333333333333332,2010,66.27240647781208,49.55921052631579,59.61664557553847,-6.655760902273613,34.40939473021291,66.27240647781208
Netherlands,broken_squared,2011,60.166666666666664,2011,69.25782334105045,49.89254385964912,59.37645751034908,-9.881365830701373,36.107545918848274,69.25782334105045
Netherlands,broken_squared,2012,50.666666666666664,2012,72.2687306136869,50.72587719298246,60.277122071526556,-11.991608542160344,37.805697107483624,72.2687306136869
Netherlands,broken_squared,2013,25.666666666666668,2013,75.30512829572143,52.22587719298246,62.556833556227915,-12.748294739493504,39.50384829611899,75.30512829572143
Netherlands,broken_squared,2014,66.66666666666667,2014,78.36701638715402,68.89254385964912,66.30100315244752,-12.066013234706503,41.20199948475435,78.36701638715402
Netherlands,broken_squared,2015,92.5,2015,81.4543948879847,71.39254385964912,71.43261812481924,-10.021776763165466,42.9001506733897,81.4543948879847
Netherlands,broken_squared,2016,77,2016,84.56726379821347,97.0592105263158,77.72093465088255,-6.846329147330924,44.59830186202507,84.56726379821347
Netherlands,broken_squared,2017,112.16666666666669,2017,87.70562311784032,91.89254385964914,84.80752310123734,-2.898100016602979,46.29645305066043,87.70562311784032
Netherlands,broken_squared,2018,39.333333333333336,2018,90.86947284686522,80.22587719298247,92.24672589455334,1.3772530476881037,47.99460423929578,90.86947284686522
Netherlands,broken_squared,2019,109.16666666666669,2019,94.05881298528823,101.72587719298248,99.55596123456753,5.497148249279309,49.69275542793115,94.05881298528823
Netherlands,broken_squared,2020,114.66666666666669,2020,97.27364353310932,104.72587719298247,106.27019467923463,8.99655114612532,51.39090661656651,97.27364353310932
Netherlands,broken_squared,2021,93.5,2021,100.51396449032848,110.05921052631578,111.99443004685608,11.480465556527628,53.08905780520186,100.51396449032848
Netherlands,broken_squared,2022,106.33333333333331,2022,103.77977585694572,112.05921052631578,116.44829473196287,12.668518875017133,54.787208993837226,103.77977585694572
Netherlands,broken_squared,2023,164.5,2023,107.07107763296104,138.89254385964912,119.49768684966455,12.426609216703524,56.48536018247259,107.07107763296104
Netherlands,broken_squared,2024,170.83333333333334,2024,110.38786981837443,151.72587719298247,121.16991202728298,10.782042208908548,58.18351137110794,110.38786981837443
Netherlands,broken_squared,2025,124.16666666666669,2025,113.73015241318592,147.0592105263158,121.65060127324293,7.920448860057023,59.881662559743305,113.73015241318592
Netherlands (without Delfzijl),linear,1891,-189.4,1891,-188.29044810021935,-189.4,-175.38171542258672,12.90873267763261,-188.29044810021935,-188.29044810021935
Netherlands (without Delfzijl),linear,1892,-174.4,1892,-186.31079274391496,-174.4,-172.4300631498431,13.880729594071855,-186.31079274391496,-186.31079274391496
Netherlands (without Delfzijl),linear,1893,-154,1893,-184.3311373876106,-154,-171.04520251283532,13.285934874775297,-184.3311373876106,-184.3311373876106
Netherlands (without Delfzijl),linear,1894,-147,1894,-182.3514820313062,-147,-171.1599958741028,11.19148615720342,-182.3514820313062,-182.3514820313062
Netherlands (without Delfzijl),linear,1895,-182,1895,-180.37182667500184,-182,-172.53803168842174,7.833794986580091,-180.37182667500184,-180.37182667500184
Netherlands (without Delfzijl),linear,1896,-197.6,1896,-178.39217131869745,-197.6,-174.80030952891522,3.5918617897822465,-178.39217131869745,-178.39217131869745
Netherlands (without Delfzijl),linear,1897,-190.8,1897,-176.41251596239306,-190.8,-177.46801987717495,-1.0555039147819008,-176.41251596239306,-176.41251596239306
Netherlands (without Delfzijl),linear,1898,-153,1898,-174.4328606060887,-153,-180.0165898953851,-5.583729289296422,-174.4328606060887,-174.4328606060887
Netherlands (without Delfzijl),linear,1899,-151,1899,-172.4532052497843,-151,-181.93489474724413,-9.481689497459826,-172.4532052497843,-172.4532052497843
Netherlands (without Delfzijl),linear,1900,-189.4,1900,-170.47354989347994,-189.4,-182.78295097156644,-12.309401078086495,-170.47354989347994,-170.47354989347994
Netherlands (without Delfzijl),linear,1901,-210.2,1901,-168.49389453717555,-210.2,-182.24157975121753,-13.747685214041972,-168.49389453717555,-168.49389453717555
Netherlands (without Delfzijl),linear,1902,-238,1902,-166.51423918087116,-238,-180.14843432057862,-13.63419513970747,-166.51423918087116,-166.51423918087116
Netherlands (without Delfzijl),linear,1903,-129.4,1903,-164.5345838245668,-129.4,-176.51632490680686,-11.981741082240067,-164.5345838245668,-164.5345838245668
Netherlands (without Delfzijl),linear,1904,-155.4,1904,-162.5549284682624,-155.4,-171.53177277149234,-8.976844303229917,-162.5549284682624,-162.5549284682624
Netherlands (without Delfzijl),linear,1905,-172.8,1905,-160.57527311195804,-172.8,-165.53395656570632,-4.958683453748292,-160.57527311195804,-160.57527311195804
Netherlands (without Delfzijl),linear,1906,-144.8,1906,-158.59561775565365,-144.8,-158.97642743511034,-0.38080967945669464,-158.59561775565365,-158.59561775565365
Netherlands (without Delfzijl),linear,1907,-169.2,1907,-156.61596239934926,-169.2,-152.37591429444942,4.24004810489982,-156.61596239934926,-156.61596239934926
Netherlands (without Delfzijl),linear,1908,-179.2,1908,-154.6363070430449,-179.2,-146.25399789186716,8.382309151177735,-154.6363070430449,-154.6363070430449
Netherlands (without Delfzijl),linear,1909,-128.2,1909,-152.6566516867405,-128.2,-141.0782372210287,11.578414465711804,-152.6566516867405,-152.6566516867405
Netherlands (without Delfzijl),linear,1910,-119.2,1910,-150.6769963304361,-119.2,-137.20939365544868,13.467602674987434,-150.6769963304361,-150.6769963304361
Netherlands (without Delfzijl),linear,1911,-148,1911,-148.69734097413175,-148,-134.8607098971453,13.836631076986436,-148.69734097413175,-148.69734097413175
Netherlands (without Delfzijl),linear,1912,-87,1912,-146.71768561782736,-87,-134.0738401408554,12.643845476971961,-146.71768561782736,-146.71768561782736
Netherlands (without Delfzijl),linear,1913,-109.6,1913,-144.738030261523,-109.6,-134.71414834395148,10.023881917571515,-144.738030261523,-144.738030261523
Netherlands (without Delfzijl),linear,1914,-95.8,1914,-142.7583749052186,-95.8,-136.48590531129415,6.272469593924454,-142.7583749052186,-142.7583749052186
Netherlands (without Delfzijl),linear,1915,-133.2,1915,-140.7787195489142,-133.2,-138.96566921937892,1.813050329535287,-140.7787195489142,-140.7787195489142
Netherlands (without Delfzijl),linear,1916,-86.2,1916,-138.79906419260985,-86.2,-141.65008174281448,-2.8510175502046433,-138.79906419260985,-138.79906419260985
Netherlands (without Delfzijl),linear,1917,-138.8,1917,-136.81940883630546,-138.8,-144.0126847806085,-7.193275944303057,-136.81940883630546,-136.81940883630546
Netherlands (without Delfzijl),linear,1918,-140.4,1918,-134.8397534800011,-140.4,-145.56334457675288,-10.72359109675178,-134.8397534800011,-134.8397534800011
Netherlands (without Delfzijl),linear,1919,-162,1919,-132.8600981236967,-162,-145.9035757191601,-13.043477595463393,-132.8600981236967,-132.8600981236967
Netherlands (without Delfzijl),linear,1920,-162,1920,-130.8804427673923,-162,-144.77152030350285,-13.891077536110537,-130.8804427673923,-130.8804427673923
Netherlands (without Delfzijl),linear,1921,-139.8,1921,-128.90078741108795,-139.8,-142.07150522495942,-13.170717813871486,-128.90078741108795,-128.90078741108795
Netherlands (without Delfzijl),linear,1922,-136.4,1922,-126.92113205478356,-136.4,-137.88484130943965,-10.96370925465608,-126.92113205478356,-126.92113205478356
Netherlands (without Delfzijl),linear,1923,-114.4,1923,-124.94147669847918,-114.4,-132.46064532902244,-7.519168630543272,-124.94147669847918,-124.94147669847918
Netherlands (without Delfzijl),linear,1924,-138.6,1924,-122.9618213421748,-138.6,-126.18772086944422,-3.225899527269406,-122.9618213421748,-122.9618213421748
Netherlands (without Delfzijl),linear,1925,-89.2,1925,-120.98216598587041,-89.2,-119.55067200539602,1.4314939804743814,-120.98216598587041,-120.98216598587041
Netherlands (without Delfzijl),linear,1926,-108.2,1926,-119.00251062956603,-108.2,-113.07520346607161,5.927307163494415,-119.00251062956603,-119.00251062956603
Netherlands (without Delfzijl),linear,1927,-102,1927,-117.02285527326165,-102,-107.2687815516571,9.754073721604543,-117.02285527326165,-117.02285527326165
Netherlands (without Delfzijl),linear,1928,-89.2,1928,-115.04319991695728,-89.2,-102.56335371812196,12.47984619883532,-115.04319991695728,-115.04319991695728
Netherlands (without Delfzijl),linear,1929,-144.4,1929,-113.0635445606529,-144.4,-99.26659237485221,13.796952185800698,-113.0635445606529,-113.0635445606529
Netherlands (without Delfzijl),linear,1930,-90.6,1930,-111.08388920434852,-90.6,-97.52716626651069,13.556722937837833,-111.08388920434852,-111.08388920434852
Netherlands (without Delfzijl),linear,1931,-86.4,1931,-109.10423384804413,-86.4,-97.31795944261249,11.786274405431634,-109.10423384804413,-109.10423384804413
Netherlands (without Delfzijl),linear,1932,-101.2,1932,-107.12457849173975,-101.2,-98.4391319788024,8.685446512937354,-107.12457849173975,-107.12457849173975
Netherlands (without Delfzijl),linear,1933,-147,1933,-105.14492313543538,-147,-100.54067696997569,4.60424616545968,-105.14492313543538,-105.14492313543538
Netherlands (without Delfzijl),linear,1934,-133.8,1934,-103.165267779131,-133.8,-103.1619276676842,0.003340111446807903,-103.165267779131,-103.165267779131
Netherlands (without Delfzijl),linear,1935,-85.6,1935,-101.18561242282662,-85.6,-105.7835553815028,-4.5979429586761675,-101.18561242282662,-101.18561242282662
Netherlands (without Delfzijl),linear,1936,-68.2,1936,-99.20595706652223,-68.2,-107.8861888651967,-8.68023179867447,-99.20595706652223,-99.20595706652223
Netherlands (without Delfzijl),linear,1937,-79.4,1937,-97.22630171021785,-79.4,-109.00903850638863,-11.78273679617078,-97.22630171021785,-97.22630171021785
Netherlands (without Delfzijl),linear,1938,-72.4,1938,-95.24664635391348,-72.4,-108.80190809622928,-13.555261742315809,-95.24664635391348,-95.24664635391348
Netherlands (without Delfzijl),linear,1939,-102.6,1939,-93.2669909976091,-102.6,-107.064723334522,-13.797732336912905,-93.2669909976091,-93.2669909976091
Netherlands (without Delfzijl),linear,1940,-98,1940,-91.28733564130472,-98,-103.77011527808898,-12.48277963678426,-91.28733564130472,-91.28733564130472
Netherlands (without Delfzijl),linear,1941,-130.2,1941,-89.30768028500034,-130.2,-99.06650961867699,-9.758829333676637,-89.30768028500034,-89.30768028500034
Netherlands (without Delfzijl),linear,1942,-115.8,1942,-87.32802492869595,-115.8,-93.26137308720561,-5.933348158509668,-87.32802492869595,-87.32802492869595
Netherlands (without Delfzijl),linear,1943,-69.2,1943,-85.34836957239158,-69.2,-86.7865080516482,-1.4381384792566227,-85.34836957239158,-85.34836957239158
Netherlands (without Delfzijl),linear,1944,-63.4,1944,-83.3687142160872,-63.4,-80.14931269151683,3.219401524570382,-83.3687142160872,-83.3687142160872
Netherlands (without Delfzijl),linear,1945,-73.6,1945,-81.38905885978282,-73.6,-73.8755082717958,7.513550587987032,-81.38905885978282,-81.38905885978282
Netherlands (without Delfzijl),linear,1946,-81.2,1946,-79.40940350347844,-81.2,-68.44979819294888,10.95960531052957,-79.40940350347844,-79.40940350347844
Netherlands (without Delfzijl),linear,1947,-133.8,1947,-77.42974814717407,-133.8,-64.26115694503983,13.168591202134232,-77.42974814717407,-77.42974814717407
Netherlands (without Delfzijl),linear,1948,-65.2,1948,-75.45009279086968,-65.2,-61.55892449215115,13.891168298718524,-75.45009279086968,-75.45009279086968
Netherlands (without Delfzijl),linear,1949,-53.2,1949,-73.4704374345653,-53.2,-60.42466194700605,13.045775487559238,-73.4704374345653,-73.4704374345653
Netherlands (without Delfzijl),linear,1950,-47.6,1950,-71.49078207826092,-68.93157894736842,-60.762945335204726,10.72783674305619,-71.49078207826092,-71.49078207826092
Netherlands (without Delfzijl),linear,1951,-60.8,1951,-69.51112672195654,-65.13157894736841,-62.31213660577711,7.1989901161794325,-69.51112672195654,-69.51112672195654
Netherlands (without Delfzijl),linear,1952,-41.4,1952,-67.53147136565217,-53.131578947368425,-64.6739161069128,2.8575552587393656,-67.53147136565217,-67.53147136565217
Netherlands (without Delfzijl),linear,1953,-82.4,1953,-65.55181600934777,-53.73157894736843,-67.35824303955795,-1.806427030210183,-65.55181600934777,-65.55181600934777
Netherlands (without Delfzijl),linear,1954,-50.8,1954,-63.5721606530434,-72.93157894736842,-69.83866896380736,-6.266508310763965,-63.5721606530434,-63.5721606530434
Netherlands (without Delfzijl),linear,1955,-44.4,1955,-61.59250529673902,-50.73157894736842,-71.61176082899067,-10.019255532251641,-61.59250529673902,-61.59250529673902
Netherlands (without Delfzijl),linear,1956,-104.6,1956,-59.61284994043464,-88.93157894736842,-72.25392613459775,-12.641076194163098,-59.61284994043464,-59.61284994043464
Netherlands (without Delfzijl),linear,1957,-69,1957,-57.633194584130266,-68.93157894736842,-71.46922606447038,-13.836031480340102,-57.633194584130266,-57.633194584130266
Netherlands (without Delfzijl),linear,1958,-54.8,1958,-55.65353922782588,-60.531578947368416,-69.12277967198597,-13.469240444160086,-55.65353922782588,-55.65353922782588
Netherlands (without Delfzijl),linear,1959,-99.2,1959,-53.6738838715215,-56.33157894736843,-65.25598860852423,-11.58210473700274,-53.6738838715215,-53.6738838715215
Netherlands (without Delfzijl),linear,1960,-62.8,1960,-51.69422851521712,-59.73157894736842,-60.08186389929351,-8.38763538407639,-51.69422851521712,-51.69422851521712
Netherlands (without Delfzijl),linear,1961,-1.8,1961,-49.71457315891274,-23.731578947368426,-53.96098225813715,-4.24640909922442,-49.71457315891274,-49.71457315891274
Netherlands (without Delfzijl),linear,1962,-50.8,1962,-47.734917802608365,-57.13157894736842,-47.36078587970515,0.3741319229032154,-47.734917802608365,-47.734917802608365
Netherlands (without Delfzijl),linear,1963,-110.6,1963,-45.75526244630398,-82.93157894736842,-40.80281975750669,4.952442688797291,-45.75526244630398,-45.75526244630398
Netherlands (without Delfzijl),linear,1964,-89,1964,-43.7756070899996,-57.53157894736842,-34.803862131848824,8.971744958150776,-43.7756070899996,-43.7756070899996
Netherlands (without Delfzijl),linear,1965,-26.2,1965,-41.79595173369522,-53.131578947368425,-29.817592986513255,11.978358747181963,-41.79595173369522,-41.79595173369522
Netherlands (without Delfzijl),linear,1966,3.2,1966,-39.81629637739084,-16.731578947368426,-26.183384780607174,13.632911596783668,-39.81629637739084,-39.81629637739084
Netherlands (without Delfzijl),linear,1967,21.6,1967,-37.836641021086464,-22.931578947368415,-24.08799567753043,13.748645343556039,-37.836641021086464,-37.836641021086464
Netherlands (without Delfzijl),linear,1968,-42.6,1968,-35.85698566478208,-33.93157894736842,-23.544489159658795,12.312496505123285,-35.85698566478208,-35.85698566478208
Netherlands (without Delfzijl),linear,1969,-54,1969,-33.8773303084777,-34.73157894736842,-24.390759483740215,9.486570824737486,-33.8773303084777,-33.8773303084777
Netherlands (without Delfzijl),linear,1970,-24.2,1970,-31.897674952173322,-40.73157894736842,-26.307829416680942,5.589845535492381,-31.897674952173322,-31.897674952173322
Netherlands (without Delfzijl),linear,1971,-77.4,1971,-29.91801959586894,-55.73157894736843,-28.85585488914928,1.0621647067196598,-29.91801959586894,-29.91801959586894
Netherlands (without Delfzijl),linear,1972,-94.6,1972,-27.938364239564564,-52.13157894736842,-31.523772530612327,-3.5854082910477567,-27.938364239564564,-27.938364239564564
Netherlands (without Delfzijl),linear,1973,-31.6,1973,-25.958708883260183,-47.93157894736842,-33.78698610496994,-7.828277221709755,-25.958708883260183,-25.958708883260183
Netherlands (without Delfzijl),linear,1974,-27,1974,-23.979053526955802,-64.13157894736841,-35.166580472565244,-11.187526945609445,-23.979053526955802,-23.979053526955802
Netherlands (without Delfzijl),linear,1975,-63.8,1975,-21.99939817065142,-43.73157894736842,-35.28337928433935,-13.283981113687934,-21.99939817065142,-21.99939817065142
Netherlands (without Delfzijl),linear,1976,-86.2,1976,-20.01974281434704,-52.93157894736842,-33.900744629223695,-13.881001814876658,-20.01974281434704,-20.01974281434704
Netherlands (without Delfzijl),linear,1977,-32,1977,-18.040087458042663,-52.73157894736842,-30.95128761136491,-12.911200153322252,-18.040087458042663,-18.040087458042663
Netherlands (without Delfzijl),linear,1978,-41.2,1978,-16.060432101738282,-41.131578947368425,-26.54447489253667,-10.484042790798389,-16.060432101738282,-16.060432101738282
Netherlands (without Delfzijl),linear,1979,-27,1979,-14.080776745433901,-23.931578947368415,-20.954272608916792,-6.8734958634828915,-14.080776745433901,-14.080776745433901
Netherlands (without Delfzijl),linear,1980,-3,1980,-12.10112138912952,6.468421052631577,-14.588222358935766,-2.4871009698062463,-12.10112138912952,-12.10112138912952
Netherlands (without Delfzijl),linear,1981,25.4,1981,-10.121466032825143,3.068421052631571,-7.941439819609748,2.1800262132153962,-10.121466032825143,-10.121466032825143
Netherlands (without Delfzijl),linear,1982,2.6,1982,-8.141810676520763,5.868421052631573,-1.5407284117326885,6.601082264788073,-8.141810676520763,-8.141810676520763
Netherlands (without Delfzijl),linear,1983,37.8,1983,-6.162155320216382,6.668421052631572,4.114883798787261,10.277039119003641,-6.162155320216382,-6.162155320216382
Netherlands (without Delfzijl),linear,1984,-17.6,1984,-4.182499963912004,-5.131578947368425,8.610472047838975,12.79297201175098,-4.182499963912004,-4.182499963912004
Netherlands (without Delfzijl),linear,1985,-17.2,1985,-2.2028446076076236,-8.131578947368421,11.662049633879594,13.864894241487217,-2.2028446076076236,-2.2028446076076236
Netherlands (without Delfzijl),linear,1986,-19.4,1986,-0.22318925130324274,-15.931578947368422,13.148623004493295,13.371812255796538,-0.22318925130324274,-0.22318925130324274
Netherlands (without Delfzijl),linear,1987,-29.2,1987,1.7564661050011345,0.4684210526315802,13.125848940952011,11.369382835950876,1.7564661050011345,1.7564661050011345
Netherlands (without Delfzijl),linear,1988,44.8,1988,3.736121461305519,17.26842105263158,11.819752281856857,8.083630820551337,3.736121461305519,3.736121461305519
Netherlands (without Delfzijl),linear,1989,6.4,1989,5.715776817609896,0.4684210526315784,9.60121329974251,3.8854364821326133,5.715776817609896,5.715776817609896
Netherlands (without Delfzijl),linear,1990,40.4,1990,7.695432173914281,-12.33157894736842,6.944104475882391,-0.7513276980318926,7.695432173914281,7.695432173914281
Netherlands (without Delfzijl),linear,1991,-59.4,1991,9.675087530218658,-36.73157894736842,4.371801997754673,-5.3032855324639865,9.675087530218658,9.675087530218658
Netherlands (without Delfzijl),linear,1992,-14.6,1992,11.654742886523035,-16.931578947368422,2.3981095103966172,-9.256633376126418,11.654742886523035,11.654742886523035
Netherlands (without Delfzijl),linear,1993,-17,1993,13.63439824282742,-5.931578947368422,1.469262371440232,-12.165135871387188,13.63439824282742,13.63439824282742
Netherlands (without Delfzijl),linear,1994,23.8,1994,15.614053599131797,1.8684210526315752,1.913558697436816,-13.700494901694983,15.614053599131797,15.614053599131797
Netherlands (without Delfzijl),linear,1995,26.6,1995,17.593708955436174,20.868421052631582,3.904302612656961,-13.689406342779213,17.593708955436174,17.593708955436174
Netherlands (without Delfzijl),linear,1996,-81.4,1996,19.57336431174056,-10.931578947368422,7.440242492591771,-12.133121819148787,19.57336431174056,19.57336431174056
Netherlands (without Delfzijl),linear,1997,-27.8,1997,21.553019668044936,4.46842105263158,12.345712241455399,-9.207307426589539,21.553019668044936,21.553019668044936
Netherlands (without Delfzijl),linear,1998,51,1998,23.532675024349313,13.668421052631572,18.290459656947547,-5.242215367401764,23.532675024349313,23.532675024349313
Netherlands (without Delfzijl),linear,1999,45.8,1999,25.512330380653697,14.068421052631564,24.82692374948519,-0.6854066311685107,25.512330380653697,25.512330380653697
Netherlands (without Delfzijl),linear,2000,41.4,2000,27.491985736958075,18.868421052631582,31.44075332699351,3.948767590035432,27.491985736958075,27.491985736958075
Netherlands (without Delfzijl),linear,2001,48,2001,29.47164109326246,38.46842105263158,37.60886454441114,8.137223451148678,29.47164109326246,29.47164109326246
Netherlands (without Delfzijl),linear,2002,34.2,2002,31.451296449566836,50.068421052631585,42.85848415409529,11.407187704528452,31.451296449566836,31.451296449566836
Netherlands (without Delfzijl),linear,2003,21.2,2003,33.43095180587122,54.06842105263158,46.820513932020404,13.38956212614919,33.43095180587122,33.43095180587122
Netherlands (without Delfzijl),linear,2004,52.2,2004,35.410607162175594,38.86842105263158,49.27119275369789,13.860585591522298,35.410607162175594,35.410607162175594
Netherlands (without Delfzijl),linear,2005,37.8,2005,37.390262518479986,42.46842105263157,50.15735370014267,12.767091181662686,37.390262518479986,37.390262518479986
Netherlands (without Delfzijl),linear,2006,33.6,2006,39.36991787478436,32.66842105263158,49.602425290257905,10.232507415473542,39.36991787478436,39.36991787478436
Netherlands (without Delfzijl),linear,2007,82.8,2007,41.34957323108874,57.06842105263158,47.89249944868081,6.54292621759207,41.34957323108874,41.34957323108874
Netherlands (without Delfzijl),linear,2008,56.2,2008,43.32922858739312,37.66842105263158,45.444038791517535,2.1148102041244217,43.32922858739312,43.32922858739312
Netherlands (without Delfzijl),linear,2009,24.2,2009,45.308883943697495,31.268421052631577,42.75686828005339,-2.5520156636441103,45.308883943697495,45.308883943697495
Netherlands (without Delfzijl),linear,2010,17,2010,47.28853930000189,39.26842105263158,40.357757324030175,-6.930781975971718,47.28853930000189,47.28853930000189
Netherlands (without Delfzijl),linear,2011,47.8,2011,49.268194656306264,38.868421052631575,38.74096052199052,-10.527234134315744,49.268194656306264,49.268194656306264
Netherlands (without Delfzijl),linear,2012,39.6,2012,51.24785001261064,40.06842105263158,38.31242852096841,-12.935421491642225,51.24785001261064,51.24785001261064
Netherlands (without Delfzijl),linear,2013,14.4,2013,53.22750536891502,40.46842105263158,39.34398621195197,-13.883519156963049,53.22750536891502,53.22750536891502
Netherlands (without Delfzijl),linear,2014,54.8,2014,55.207160725219396,56.06842105263158,41.94265041144335,-13.264510313776043,55.207160725219396,55.207160725219396
Netherlands (without Delfzijl),linear,2015,75.2,2015,57.18681608152377,57.068421052631585,46.03855030527688,-11.148265776246888,57.18681608152377,57.18681608152377
Netherlands (without Delfzijl),linear,2016,63.6,2016,59.166471437828164,83.06842105263158,51.392814138326045,-7.7736572995021165,59.166471437828164,59.166471437828164
Netherlands (without Delfzijl),linear,2017,94.2,2017,61.14612679413254,75.66842105263157,57.62453193756573,-3.52159485656681,61.14612679413254,61.14612679413254
Netherlands (without Delfzijl),linear,2018,26.2,2018,63.12578215043692,66.66842105263157,64.25375084280456,1.127968692367653,63.12578215043692,63.12578215043692
Netherlands (without Delfzijl),linear,2019,92,2019,65.1054375067413,84.66842105263157,70.75564993386533,5.65021242712403,65.1054375067413,65.1054375067413
Netherlands (without Delfzijl),linear,2020,96.6,2020,67.08509286304567,87.26842105263157,76.61977955387975,9.534686690834079,67.08509286304567,67.08509286304567
Netherlands (without Delfzijl),linear,2021,75.8,2021,69.06474821935007,92.26842105263157,81.40767847180342,12.342930252453346,69.06474821935007,69.06474821935007
Netherlands (without Delfzijl),linear,2022,94.6,2022,71.04440357565444,101.86842105263158,84.80236532915401,13.757961753499574,71.04440357565444,71.04440357565444
Netherlands (without Delfzijl),linear,2023,152.8,2023,73.02405893195882,126.86842105263159,86.64411800865258,13.620059076693767,73.02405893195882,73.02405893195882
Netherlands (without Delfzijl),linear,2024,161.4,2024,75.0037142882632,141.2684210526316,86.94850231749254,11.944788029229342,75.0037142882632,75.0037142882632
Netherlands (without Delfzijl),linear,2025,112.4,2025,76.98336964456757,135.8684210526316,85.90461499204989,8.921245347482321,76.98336964456757,76.98336964456757
Netherlands (without Delfzijl),broken_linear,1891,-189.4,1891,-179.91437424717384,-189.4,-168.4607196393046,11.453654607869234,-179.91437424717384,-325.7479787022369
Netherlands (without Delfzijl),broken_linear,1892,-174.4,1892,-178.14256179924107,-174.4,-165.73115037621062,12.41141142303044,-178.14256179924107,-322.5464250341564
Netherlands (without Delfzijl),broken_linear,1893,-154,1893,-176.37074935130826,-154,-164.40252300694797,11.968226344360291,-176.37074935130826,-319.34487136607595
Netherlands (without Delfzijl),broken_linear,1894,-147,1894,-174.59893690337546,-147,-164.42481287902,10.174124024355443,-174.59893690337546,-316.1433176979954
Netherlands (without Delfzijl),broken_linear,1895,-182,1895,-172.82712445544269,-182,-165.59551013949815,7.231614315944544,-172.82712445544269,-312.941764029915
Netherlands (without Delfzijl),broken_linear,1896,-197.6,1896,-171.05531200750988,-197.6,-167.582478097154,3.4728339103558756,-171.05531200750988,-309.7402103618345
Netherlands (without Delfzijl),broken_linear,1897,-190.8,1897,-169.28349955957708,-190.8,-169.96144325396065,-0.6779436943835941,-169.28349955957708,-306.53865669375404
Netherlands (without Delfzijl),broken_linear,1898,-153,1898,-167.5116871116443,-153,-172.26388530708886,-4.752198195444546,-167.5116871116443,-303.33710302567357
Netherlands (without Delfzijl),broken_linear,1899,-151,1899,-165.7398746637115,-151,-174.0299215226477,-8.29004685893619,-165.7398746637115,-300.13554935759305
Netherlands (without Delfzijl),broken_linear,1900,-189.4,1900,-163.96806221577873,-189.4,-174.8602161411664,-10.892153925387701,-163.96806221577873,-296.93399568951264
Netherlands (without Delfzijl),broken_linear,1901,-210.2,1901,-162.19624976784593,-210.2,-174.4610555246568,-12.264805756810892,-162.19624976784593,-293.7324420214321
Netherlands (without Delfzijl),broken_linear,1902,-238,1902,-160.42443731991312,-238,-172.6775011741246,-12.253063854211458,-160.42443731991312,-290.53088835335166
Netherlands (without Delfzijl),broken_linear,1903,-129.4,1903,-158.65262487198035,-129.4,-169.5108784604485,-10.858253588468171,-158.65262487198035,-287.3293346852712
Netherlands (without Delfzijl),broken_linear,1904,-155.4,1904,-156.88081242404755,-155.4,-165.11862702273362,-8.237814598686082,-156.88081242404755,-284.1277810171907
Netherlands (without Delfzijl),broken_linear,1905,-172.8,1905,-155.10899997611475,-172.8,-159.79652972047026,-4.687529744355506,-155.10899997611475,-280.92622734911026
Netherlands (without Delfzijl),broken_linear,1906,-144.8,1906,-153.33718752818197,-144.8,-153.94532605200726,-0.6081385238253043,-153.33718752818197,-277.7246736810298
Netherlands (without Delfzijl),broken_linear,1907,-169.2,1907,-151.56537508024917,-169.2,-148.02547856003048,3.539896520218694,-151.56537508024917,-274.52312001294933
Netherlands (without Delfzijl),broken_linear,1908,-179.2,1908,-149.79356263231637,-179.2,-142.50519797998436,7.288364652331991,-149.79356263231637,-271.32156634486887
Netherlands (without Delfzijl),broken_linear,1909,-128.2,1909,-148.0217501843836,-128.2,-137.80759380884578,10.214156375537813,-148.0217501843836,-268.1200126767884
Netherlands (without Delfzijl),broken_linear,1910,-119.2,1910,-146.2499377364508,-119.2,-134.26291569010465,11.98702204634616,-146.2499377364508,-264.91845900870794
Netherlands (without Delfzijl),broken_linear,1911,-148,1911,-144.47812528851802,-148,-132.07127638335913,12.40684890515887,-144.47812528851802,-261.7169053406275
Netherlands (without Delfzijl),broken_linear,1912,-87,1912,-142.7063128405852,-87,-131.2800639748325,11.42624886575273,-142.7063128405852,-258.515351672547
Netherlands (without Delfzijl),broken_linear,1913,-109.6,1913,-140.9345003926524,-109.6,-131.77859293251925,9.155907460133164,-140.9345003926524,-255.31379800446652
Netherlands (without Delfzijl),broken_linear,1914,-95.8,1914,-139.16268794471964,-95.8,-133.31059776976167,5.852090174957963,-139.16268794471964,-252.11224433638608
Netherlands (without Delfzijl),broken_linear,1915,-133.2,1915,-137.39087549678683,-133.2,-135.50315909112513,1.8877164056617115,-137.39087549678683,-248.9106906683056
Netherlands (without Delfzijl),broken_linear,1916,-86.2,1916,-135.61906304885403,-86.2,-137.9087969842198,-2.289733935365776,-135.61906304885403,-245.7091370002251
Netherlands (without Delfzijl),broken_linear,1917,-138.8,1917,-133.84725060092126,-138.8,-140.0559804528782,-6.20872985195694,-133.84725060092126,-242.50758333214466
Netherlands (without Delfzijl),broken_linear,1918,-140.4,1918,-132.07543815298845,-140.4,-141.50235162383547,-9.426913470846996,-132.07543815298845,-239.30602966406417
Netherlands (without Delfzijl),broken_linear,1919,-162,1919,-130.30362570505565,-162,-141.88465702816066,-11.581031323105028,-130.30362570505565,-236.1044759959837
Netherlands (without Delfzijl),broken_linear,1920,-162,1920,-128.53181325712288,-162,-140.9597499486418,-12.427936691518918,-128.53181325712288,-232.90292232790324
Netherlands (without Delfzijl),broken_linear,1921,-139.8,1921,-126.76000080919007,-139.8,-138.63203568051216,-11.872034871322072,-126.76000080919007,-229.70136865982278
Netherlands (without Delfzijl),broken_linear,1922,-136.4,1922,-124.98818836125727,-136.4,-134.96426181324622,-9.976073451988945,-124.98818836125727,-226.4998149917423
Netherlands (without Delfzijl),broken_linear,1923,-114.4,1923,-123.2163759133245,-114.4,-130.1704355770373,-6.954059663712794,-123.2163759133245,-223.29826132366185
Netherlands (without Delfzijl),broken_linear,1924,-138.6,1924,-121.4445634653917,-138.6,-124.59166771065881,-3.147104245267117,-121.4445634653917,-220.09670765558138
Netherlands (without Delfzijl),broken_linear,1925,-89.2,1925,-119.67275101745889,-89.2,-118.65766948157815,1.0150815358807286,-119.67275101745889,-216.8951539875009
Netherlands (without Delfzijl),broken_linear,1926,-108.2,1926,-117.90093856952612,-108.2,-112.83824889405656,5.062689675469557,-117.90093856952612,-213.69360031942045
Netherlands (without Delfzijl),broken_linear,1927,-102,1927,-116.12912612159332,-102,-107.59028096571217,8.538845155881152,-116.12912612159332,-210.49204665133996
Netherlands (without Delfzijl),broken_linear,1928,-89.2,1928,-114.35731367366051,-89.2,-103.30613781894056,11.051175854719949,-114.35731367366051,-207.29049298325947
Netherlands (without Delfzijl),broken_linear,1929,-144.4,1929,-112.58550122572774,-144.4,-100.26939955653583,12.316101669191912,-112.58550122572774,-204.08893931517903
Netherlands (without Delfzijl),broken_linear,1930,-90.6,1930,-110.81368877779494,-90.6,-98.62284507009072,12.190843707704225,-110.81368877779494,-200.88738564709854
Netherlands (without Delfzijl),broken_linear,1931,-86.4,1931,-109.04187632986216,-86.4,-98.35233582855484,10.68954050130731,-109.04187632986216,-197.6858319790181
Netherlands (without Delfzijl),broken_linear,1932,-101.2,1932,-107.27006388192936,-101.2,-99.28841176928921,7.981652112640145,-107.27006388192936,-194.4842783109376
Netherlands (without Delfzijl),broken_linear,1933,-147,1933,-105.49825143399656,-147,-101.12541915492243,4.372832279074124,-105.49825143399656,-191.28272464285715
Netherlands (without Delfzijl),broken_linear,1934,-133.8,1934,-103.72643898606377,-133.8,-103.45601133326392,0.27042765279986014,-103.72643898606377,-188.08117097477668
Netherlands (without Delfzijl),broken_linear,1935,-85.6,1935,-101.95462653813098,-85.6,-105.81712811635377,-3.8625015782227834,-101.95462653813098,-184.87961730669622
Netherlands (without Delfzijl),broken_linear,1936,-68.2,1936,-100.18281409019818,-68.2,-107.74226384205306,-7.559449751854876,-100.18281409019818,-181.67806363861575
Netherlands (without Delfzijl),broken_linear,1937,-79.4,1937,-98.4110016422654,-79.4,-108.81412434459483,-10.403122702329437,-98.4110016422654,-178.4765099705353
Netherlands (without Delfzijl),broken_linear,1938,-72.4,1938,-96.6391891943326,-72.4,-108.71172916229823,-12.072539967965625,-96.6391891943326,-175.27495630245483
Netherlands (without Delfzijl),broken_linear,1939,-102.6,1939,-94.8673767463998,-102.6,-107.2466423062172,-12.379265559817398,-94.8673767463998,-172.07340263437433
Netherlands (without Delfzijl),broken_linear,1940,-98,1940,-93.09556429846702,-98,-104.38424203053341,-11.28867773206639,-93.09556429846702,-168.8718489662939
Netherlands (without Delfzijl),broken_linear,1941,-130.2,1941,-91.32375185053422,-130.2,-100.24762877279768,-8.92387692226347,-91.32375185053422,-165.6702952982134
Netherlands (without Delfzijl),broken_linear,1942,-115.8,1942,-89.55193940260143,-115.8,-95.1037301540598,-5.551790751458369,-89.55193940260143,-162.46874163013294
Netherlands (without Delfzijl),broken_linear,1943,-69.2,1943,-87.78012695466865,-69.2,-89.3331714412837,-1.5530444866150552,-87.78012695466865,-159.26718796205247
Netherlands (without Delfzijl),broken_linear,1944,-63.4,1944,-86.00831450673584,-63.4,-83.38731235289957,2.6210021538362707,-86.00831450673584,-156.06563429397198
Netherlands (without Delfzijl),broken_linear,1945,-73.6,1945,-84.23650205880305,-73.6,-77.73729969132214,6.499202367480918,-84.23650205880305,-152.86408062589152
Netherlands (without Delfzijl),broken_linear,1946,-81.2,1946,-82.46468961087027,-81.2,-72.82088650225893,9.643803108611342,-82.46468961087027,-149.66252695781105
Netherlands (without Delfzijl),broken_linear,1947,-133.8,1947,-80.69287716293746,-133.8,-68.9930205646102,11.699856598327253,-80.69287716293746,-146.4609732897306
Netherlands (without Delfzijl),broken_linear,1948,-65.2,1948,-78.92106471500468,-65.2,-66.48577955040906,12.435285164595605,-78.92106471500468,-143.25941962165012
Netherlands (without Delfzijl),broken_linear,1949,-53.2,1949,-77.14925226707189,-53.2,-65.38217518598452,11.767077081087365,-77.14925226707189,-140.05786595356966
Netherlands (without Delfzijl),broken_linear,1950,-47.6,1950,-75.37743981913908,-68.93157894736842,-65.6067832777395,9.77065654139959,-75.37743981913908,-136.85631228548917
Netherlands (without Delfzijl),broken_linear,1951,-60.8,1951,-73.6056273712063,-65.13157894736841,-66.93425724127475,6.671370129931555,-73.6056273712063,-133.6547586174087
Netherlands (without Delfzijl),broken_linear,1952,-41.4,1952,-71.83381492327351,-53.131578947368425,-69.014764166632,2.8190507566415053,-71.83381492327351,-130.45320494932824
Netherlands (without Delfzijl),broken_linear,1953,-82.4,1953,-70.0620024753407,-53.73157894736843,-71.41347231594415,-1.3514698406034285,-70.0620024753407,-127.25165128124776
Netherlands (without Delfzijl),broken_linear,1954,-50.8,1954,-68.29019002740792,-72.93157894736842,-73.65963289001134,-5.36944286260341,-68.29019002740792,-124.0500976131673
Netherlands (without Delfzijl),broken_linear,1955,-44.4,1955,-66.51837757947513,-50.73157894736842,-75.299715944257,-8.781338364781867,-66.51837757947513,-120.84854394508683
Netherlands (without Delfzijl),broken_linear,1956,-104.6,1956,-64.74656513154234,-88.93157894736842,-75.94860272115554,-11.202037589613198,-64.74656513154234,-117.64699027700637
Netherlands (without Delfzijl),broken_linear,1957,-69,1957,-62.97475268360954,-68.93157894736842,-75.33305604881377,-12.358303365204243,-62.97475268360954,-114.44543660892589
Netherlands (without Delfzijl),broken_linear,1958,-54.8,1958,-61.20294023567675,-60.531578947368416,-73.32256207105397,-12.119621835377211,-61.20294023567675,-111.24388294084542
Netherlands (without Delfzijl),broken_linear,1959,-99.2,1959,-59.43112778774396,-56.33157894736843,-69.94406203919885,-10.512934251454885,-59.43112778774396,-108.04232927276496
Netherlands (without Delfzijl),broken_linear,1960,-62.8,1960,-57.659315339811165,-59.73157894736842,-65.37891131001624,-7.719595970205063,-57.659315339811165,-104.8407756046845
Netherlands (without Delfzijl),broken_linear,1961,-1.8,1961,-55.88750289187837,-23.731578947368426,-59.94240880386775,-4.054905911989378,-55.88750289187837,-101.63922193660402
Netherlands (without Delfzijl),broken_linear,1962,-50.8,1962,-54.11569044394558,-57.13157894736842,-54.04820754178977,0.06748290215580877,-54.11569044394558,-98.43766826852355
Netherlands (without Delfzijl),broken_linear,1963,-110.6,1963,-52.343877996012786,-82.93157894736842,-48.16162343311401,4.182254562898773,-52.343877996012786,-95.23611460044307
Netherlands (without Delfzijl),broken_linear,1964,-89,1964,-50.57206554807999,-57.53157894736842,-42.74711259863174,7.824952949448264,-50.57206554807999,-92.03456093236261
Netherlands (without Delfzijl),broken_linear,1965,-26.2,1965,-48.8002531001472,-53.131578947368425,-38.21584574265455,10.584407357492646,-48.8002531001472,-88.83300726428214
Netherlands (without Delfzijl),broken_linear,1966,3.2,1966,-47.02844065221441,-16.731578947368426,-34.879297132901435,12.149143519312968,-47.02844065221441,-85.63145359620168
Netherlands (without Delfzijl),broken_linear,1967,21.6,1967,-45.25662820428162,-22.931578947368415,-32.914086846426585,12.342541357855037,-45.25662820428162,-82.42989992812122
Netherlands (without Delfzijl),broken_linear,1968,-42.6,1968,-43.48481575634882,-33.93157894736842,-32.342044723926996,11.142771032421827,-43.48481575634882,-79.22834626004074
Netherlands (without Delfzijl),broken_linear,1969,-54,1969,-41.713003308416035,-34.73157894736842,-33.027746319738426,8.685256988677606,-41.713003308416035,-76.02679259196027
Netherlands (without Delfzijl),broken_linear,1970,-24.2,1970,-39.94119086048324,-40.73157894736842,-34.693798977923954,5.247391882559285,-39.94119086048324,-72.8252389238798
Netherlands (without Delfzijl),broken_linear,1971,-77.4,1971,-38.169378412550444,-55.73157894736843,-36.95215261390052,1.2172257986499222,-38.169378412550444,-69.62368525579933
Netherlands (without Delfzijl),broken_linear,1972,-94.6,1972,-36.397565964617655,-52.13157894736842,-39.34790098746647,-2.9503350228488125,-36.397565964617655,-66.42213158771887
Netherlands (without Delfzijl),broken_linear,1973,-31.6,1973,-34.62575351668486,-47.93157894736842,-41.41062938502249,-6.7848758683376325,-34.62575351668486,-63.22057791963839
Netherlands (without Delfzijl),broken_linear,1974,-27,1974,-32.85394106875207,-64.13157894736841,-42.7075128255125,-9.85357175676043,-32.85394106875207,-60.01902425155792
Netherlands (without Delfzijl),broken_linear,1975,-63.8,1975,-31.082128620819276,-43.73157894736842,-42.89217131370546,-11.810042692886183,-31.082128620819276,-56.81747058347745
Netherlands (without Delfzijl),broken_linear,1976,-86.2,1976,-29.310316172886484,-52.93157894736842,-41.743767589030355,-12.433451416143868,-29.310316172886484,-53.61591691539698
Netherlands (without Delfzijl),broken_linear,1977,-32,1977,-27.538503724953692,-52.73157894736842,-39.191934199500935,-11.653430474547239,-27.538503724953692,-50.414363247316516
Netherlands (without Delfzijl),broken_linear,1978,-41.2,1978,-25.766691277020897,-41.131578947368425,-35.32471624957008,-9.558024972549184,-25.766691277020897,-47.212809579236044
Netherlands (without Delfzijl),broken_linear,1979,-27,1979,-23.99487882908811,-23.931578947368415,-30.378633281798997,-6.383754452710889,-23.99487882908811,-44.01125591115558
Netherlands (without Delfzijl),broken_linear,1980,-3,1980,-22.223066381155313,6.468421052631577,-24.71198206051404,-2.4889156793587244,-22.223066381155313,-40.80970224307511
Netherlands (without Delfzijl),broken_linear,1981,25.4,1981,-20.45125393322252,3.068421052631571,-18.76439371398343,1.6868602192390902,-20.45125393322252,-37.608148574994644
Netherlands (without Delfzijl),broken_linear,1982,2.6,1982,-18.67944148528973,5.868421052631573,-13.007210235168696,5.672231250121035,-18.67944148528973,-34.40659490691417
Netherlands (without Delfzijl),broken_linear,1983,37.8,1983,-16.907629037356937,6.668421052631572,-7.890281608839846,9.017347428517091,-16.907629037356937,-31.2050412388337
Netherlands (without Delfzijl),broken_linear,1984,-17.6,1984,-15.135816589424142,-5.131578947368425,-3.791188855746231,11.34462773367791,-15.135816589424142,-28.00348757075323
Netherlands (without Delfzijl),broken_linear,1985,-17.2,1985,-13.36400414149135,-8.131578947368421,-0.972624458399423,12.391379683091927,-13.36400414149135,-24.80193390267276
Netherlands (without Delfzijl),broken_linear,1986,-19.4,1986,-11.592191693558558,-15.931578947368422,0.44725913394225714,12.039450827500815,-11.592191693558558,-21.600380234592294
Netherlands (without Delfzijl),broken_linear,1987,-29.2,1987,-9.820379245625766,0.4684210526315802,0.5081859994389148,10.32856524506468,-9.820379245625766,-18.398826566511826
Netherlands (without Delfzijl),broken_linear,1988,44.8,1988,-8.048566797692974,17.26842105263158,-0.5967271239098224,7.45183967378315,-8.048566797692974,-15.197272898431356
Netherlands (without Delfzijl),broken_linear,1989,6.4,1989,-6.276754349760182,0.4684210526315784,-2.542768949651414,3.733985400108768,-6.276754349760182,-11.995719230350888
Netherlands (without Delfzijl),broken_linear,1990,40.4,1990,-4.504941901827387,-12.33157894736842,-4.910285529526135,-0.4053436276987519,-4.504941901827387,-8.794165562270416
Netherlands (without Delfzijl),broken_linear,1991,-59.4,1991,-2.7331294538945983,-36.73157894736842,-7.2320488223583475,-4.498919368463749,-2.7331294538945983,-5.592611894189951
Netherlands (without Delfzijl),broken_linear,1992,-14.6,1992,-0.9613170059618028,-16.931578947368422,-9.04599520336414,-8.084678197402337,-0.9613170059618028,-2.3910582261094793
Netherlands (without Delfzijl),broken_linear,1993,-17,1993,0.8104954419709927,-5.931578947368422,-9.947381038365563,-10.757876480336558,0.8104954419709927,0.8104954419709927
Netherlands (without Delfzijl),broken_linear,1994,23.8,1994,4.012049110051457,1.8684210526315752,-8.2047270262315255,-12.216776136282983,2.582307889903781,4.012049110051457
Netherlands (without Delfzijl),broken_linear,1995,26.6,1995,7.213602778131929,20.868421052631582,-5.0831006383111514,-12.29670341644308,4.3541203378365765,7.213602778131929
Netherlands (without Delfzijl),broken_linear,1996,-81.4,1996,10.415156446212395,-10.931578947368422,-0.5734800581953579,-10.988636504407753,6.125932785769365,10.415156446212395
Netherlands (without Delfzijl),broken_linear,1997,-27.8,1997,13.616710114292866,4.46842105263158,5.176486257824692,-8.440223856468172,7.89774523370216,13.616710114292866
Netherlands (without Delfzijl),broken_linear,1998,51,1998,16.818263782373336,13.668421052631572,11.879145445817386,-4.939118336555947,9.669557681634956,16.818263782373336
Netherlands (without Delfzijl),broken_linear,1999,45.8,1999,20.019817450453804,14.068421052631564,19.139309139980305,-0.8805083104734992,11.441370129567744,20.019817450453804
Netherlands (without Delfzijl),broken_linear,2000,41.4,2000,23.221371118534275,18.868421052631582,26.49886048136277,3.277489362828491,13.21318257750054,23.221371118534275
Netherlands (without Delfzijl),broken_linear,2001,48,2001,26.42292478661474,38.46842105263158,33.488464199668854,7.065539413054111,14.984995025433328,26.42292478661474
Netherlands (without Delfzijl),broken_linear,2002,34.2,2002,29.62447845469521,50.068421052631585,39.68054297670223,10.056064522007016,16.756807473366123,29.62447845469521
Netherlands (without Delfzijl),broken_linear,2003,21.2,2003,32.826032122775686,54.06842105263158,44.73754036808358,11.911508245307889,18.52861992129892,32.826032122775686
Netherlands (without Delfzijl),broken_linear,2004,52.2,2004,36.02758579085615,38.86842105263158,48.45002259106074,12.422436800204588,20.300432369231707,36.02758579085615
Netherlands (without Delfzijl),broken_linear,2005,37.8,2005,39.22913945893662,42.46842105263157,50.760318427356225,11.531178968419605,22.072244817164503,39.22913945893662
Netherlands (without Delfzijl),broken_linear,2006,33.6,2006,42.430693127017086,32.66842105263158,51.76902887972432,9.33833575270723,23.84405726509729,42.430693127017086
Netherlands (without Delfzijl),broken_linear,2007,82.8,2007,45.63224679509756,57.06842105263158,51.723671802725434,6.091425007627877,25.615869713030087,45.63224679509756
Netherlands (without Delfzijl),broken_linear,2008,56.2,2008,48.83380046317802,37.66842105263158,50.99074324852271,2.156942785344688,27.387682160962875,48.83380046317802
Netherlands (without Delfzijl),broken_linear,2009,24.2,2009,52.0353541312585,31.268421052631577,50.01434911191416,-2.0210050193443436,29.159494608895677,52.0353541312585
Netherlands (without Delfzijl),broken_linear,2010,17,2010,55.236907799338965,39.26842105263158,49.26607654043145,-5.970831258907516,30.931307056828466,55.236907799338965
Netherlands (without Delfzijl),broken_linear,2011,47.8,2011,58.43846146741943,38.868421052631575,49.19176338955742,-9.24669807786201,32.703119504761254,58.43846146741943
Netherlands (without Delfzijl),broken_linear,2012,39.6,2012,61.640015135499894,40.06842105263158,50.161174137228,-11.47884099827189,34.47493195269404,61.640015135499894
Netherlands (without Delfzijl),broken_linear,2013,14.4,2013,64.84156880358037,40.46842105263158,52.42626260429706,-12.415306199283314,36.246744400626845,64.84156880358037
Netherlands (without Delfzijl),broken_linear,2014,54.8,2014,68.04312247166084,56.06842105263158,56.09273258926868,-11.950389882392155,38.01855684855963,68.04312247166084
Netherlands (without Delfzijl),broken_linear,2015,75.2,2015,71.2446761397413,57.068421052631585,61.10810651942706,-10.136569620314246,39.79036929649242,71.2446761397413
Netherlands (without Delfzijl),broken_linear,2016,63.6,2016,74.44622980782178,83.06842105263158,67.26764887304817,-7.178580934773603,41.562181744425224,74.44622980782178
Netherlands (without Delfzijl),broken_linear,2017,94.2,2017,77.64778347590226,75.66842105263157,74.23747576458433,-3.4103077113179316,43.33399419235801,77.64778347590226
Netherlands (without Delfzijl),broken_linear,2018,26.2,2018,80.84933714398272,66.66842105263157,81.59224219126276,0.742905047280038,45.1058066402908,80.84933714398272
Netherlands (without Delfzijl),broken_linear,2019,92,2019,84.05089081206319,84.66842105263157,88.86315298151115,4.812262169447962,46.877619088223604,84.05089081206319
Netherlands (without Delfzijl),broken_linear,2020,96.6,2020,87.25244448014365,87.26842105263157,95.59087819459226,8.338433714448607,48.64943153615639,87.25244448014365
Netherlands (without Delfzijl),broken_linear,2021,75.8,2021,90.45399814822412,92.26842105263157,101.37740012938784,10.923401981163723,50.42124398408918,90.45399814822412
Netherlands (without Delfzijl),broken_linear,2022,94.6,2022,93.65555181630458,101.86842105263158,105.93093969521802,12.27538787891343,52.19305643202197,93.65555181630458
Netherlands (without Delfzijl),broken_linear,2023,152.8,2023,96.85710548438507,126.86842105263159,109.09889106672821,12.241785582343127,53.96486887995477,96.85710548438507
Netherlands (without Delfzijl),broken_linear,2024,161.4,2024,100.05865915246554,141.2684210526316,110.88504711351148,10.826387961045963,55.73668132788756,100.05865915246554
Netherlands (without Delfzijl),broken_linear,2025,112.4,2025,103.260212820546,135.8684210526316,111.44917127878318,8.188958458237163,57.50849377582035,103.260212820546
Netherlands (without Delfzijl),broken_squared,1891,-189.4,1891,-177.99837700373172,-189.4,-166.23416167128926,11.764215332442436,-177.99837700373172,-121.79159534773754
Netherlands (without Delfzijl),broken_squared,1892,-174.4,1892,-176.29403218782065,-174.4,-163.63729895131505,12.6567332365056,-176.29403218782065,-121.70462694158729
Netherlands (without Delfzijl),broken_squared,1893,-154,1893,-174.58968737190955,-154,-162.46906890056053,12.120618471349022,-174.58968737190955,-121.59404720098794
Netherlands (without Delfzijl),broken_squared,1894,-147,1894,-172.88534255599848,-147,-162.66895739949413,10.216385156504334,-172.88534255599848,-121.45985612593955
Netherlands (without Delfzijl),broken_squared,1895,-182,1895,-171.18099774008738,-182,-164.02202352516449,7.158974214922903,-171.18099774008738,-121.30205371644206
Netherlands (without Delfzijl),broken_squared,1896,-197.6,1896,-169.47665292417628,-197.6,-166.18316107419713,3.293491849979132,-169.47665292417628,-121.12063997249552
Netherlands (without Delfzijl),broken_squared,1897,-190.8,1897,-167.77230810826518,-190.8,-168.7160525319808,-0.9437444237156427,-167.77230810826518,-120.91561489409992
Netherlands (without Delfzijl),broken_squared,1898,-153,1898,-166.0679632923541,-153,-171.14241854675163,-5.07445525439753,-166.0679632923541,-120.68697848125527
Netherlands (without Delfzijl),broken_squared,1899,-151,1899,-164.36361847644304,-151,-172.9960038589936,-8.632385382550563,-164.36361847644304,-120.43473073396157
Netherlands (without Delfzijl),broken_squared,1900,-189.4,1900,-162.65927366053194,-189.4,-173.8752060077162,-11.215932347184262,-162.65927366053194,-120.15887165221878
Netherlands (without Delfzijl),broken_squared,1901,-210.2,1901,-160.95492884462084,-210.2,-173.48840633215056,-12.53347748752972,-160.95492884462084,-119.85940123602691
Netherlands (without Delfzijl),broken_squared,1902,-238,1902,-159.25058402870974,-238,-171.68688651806056,-12.436302489350822,-159.25058402870974,-119.53631948538599
Netherlands (without Delfzijl),broken_squared,1903,-129.4,1903,-157.54623921279867,-129.4,-168.48161522334837,-10.935376010549682,-157.54623921279867,-119.18962640029604
Netherlands (without Delfzijl),broken_squared,1904,-155.4,1904,-155.84189439688757,-155.4,-164.04200998740924,-8.20011559052169,-155.84189439688757,-118.819321980757
Netherlands (without Delfzijl),broken_squared,1905,-172.8,1905,-154.1375495809765,-172.8,-158.67681417410003,-4.539264593123535,-154.1375495809765,-118.4254062267689
Netherlands (without Delfzijl),broken_squared,1906,-144.8,1906,-152.4332047650654,-144.8,-152.79924746928265,-0.36604270421727314,-152.4332047650654,-118.00787913833173
Netherlands (without Delfzijl),broken_squared,1907,-169.2,1907,-150.7288599491543,-169.2,-146.8803635812868,3.848496367867507,-150.7288599491543,-117.56674071544549
Netherlands (without Delfzijl),broken_squared,1908,-179.2,1908,-149.02451513324323,-179.2,-141.39587990824137,7.628635225001838,-149.02451513324323,-117.10199095811022
Netherlands (without Delfzijl),broken_squared,1909,-128.2,1909,-147.32017031733213,-128.2,-136.77248078998173,10.547689527350407,-147.32017031733213,-116.61362986632587
Netherlands (without Delfzijl),broken_squared,1910,-119.2,1910,-145.61582550142106,-119.2,-133.33965538153979,12.276170119881266,-145.61582550142106,-116.10165744009247
Netherlands (without Delfzijl),broken_squared,1911,-148,1911,-143.91148068550996,-148,-131.29250646310842,12.618974222401537,-143.91148068550996,-115.56607367940998
Netherlands (without Delfzijl),broken_squared,1912,-87,1912,-142.20713586959886,-87,-130.6697281535295,11.53740771606936,-142.20713586959886,-115.00687858427843
Netherlands (without Delfzijl),broken_squared,1913,-109.6,1913,-140.50279105368776,-109.6,-131.3492382996908,9.153552753996959,-140.50279105368776,-114.42407215469782
Netherlands (without Delfzijl),broken_squared,1914,-95.8,1914,-138.7984462377767,-95.8,-133.0619585372261,5.73648770055058,-138.7984462377767,-113.81765439066817
Netherlands (without Delfzijl),broken_squared,1915,-133.2,1915,-137.09410142186562,-133.2,-135.4221865939154,1.671914827950241,-137.09410142186562,-113.18762529218947
Netherlands (without Delfzijl),broken_squared,1916,-86.2,1916,-135.38975660595452,-86.2,-137.97113255266754,-2.58137594671304,-135.38975660595452,-112.53398485926166
Netherlands (without Delfzijl),broken_squared,1917,-138.8,1917,-133.68541179004342,-138.8,-140.22870490496842,-6.543293114925008,-133.68541179004342,-111.85673309188479
Netherlands (without Delfzijl),broken_squared,1918,-140.4,1918,-131.98106697413232,-140.4,-141.74770102803342,-9.766634053901125,-131.98106697413232,-111.15586999005886
Netherlands (without Delfzijl),broken_squared,1919,-162,1919,-130.27672215822125,-162,-142.16428531883574,-11.887563160614503,-130.27672215822125,-110.4313955537839
Netherlands (without Delfzijl),broken_squared,1920,-162,1920,-128.57237734231015,-162,-141.23905725005667,-12.666679907746536,-128.57237734231015,-109.68330978305985
Netherlands (without Delfzijl),broken_squared,1921,-139.8,1921,-126.86803252639906,-139.8,-138.8840737784726,-12.016041252073546,-126.86803252639906,-108.91161267788675
Netherlands (without Delfzijl),broken_squared,1922,-136.4,1922,-125.16368771048798,-136.4,-135.17277594309274,-10.009088232604757,-125.16368771048798,-108.11630423826459
Netherlands (without Delfzijl),broken_squared,1923,-114.4,1923,-123.45934289457689,-114.4,-130.33169918522134,-6.872356290644447,-123.45934289457689,-107.29738446419336
Netherlands (without Delfzijl),broken_squared,1924,-138.6,1924,-121.7549980786658,-138.6,-124.71490309062452,-2.9599050119587216,-121.7549980786658,-106.45485335567307
Netherlands (without Delfzijl),broken_squared,1925,-89.2,1925,-120.05065326275471,-89.2,-118.76400680454428,1.2866464582104316,-120.05065326275471,-105.5887109127037
Netherlands (without Delfzijl),broken_squared,1926,-108.2,1926,-118.34630844684362,-108.2,-112.95834113442054,5.38796731242309,-118.34630844684362,-104.69895713528528
Netherlands (without Delfzijl),broken_squared,1927,-102,1927,-116.64196363093254,-102,-107.76084393710735,8.881119693825175,-116.64196363093254,-103.7855920234178
Netherlands (without Delfzijl),broken_squared,1928,-89.2,1928,-114.93761881502144,-89.2,-103.56580586544389,11.371812949577546,-114.93761881502144,-102.84861557710124
Netherlands (without Delfzijl),broken_squared,1929,-144.4,1929,-113.23327399911035,-144.4,-100.65436468915972,12.57890930995063,-113.23327399911035,-101.88802779633565
Netherlands (without Delfzijl),broken_squared,1930,-90.6,1930,-111.52892918319927,-90.6,-99.16277178237335,12.366157400825912,-111.52892918319927,-100.90382868112097
Netherlands (without Delfzijl),broken_squared,1931,-86.4,1931,-109.82458436728818,-86.4,-99.06701270769918,10.757571659589,-109.82458436728818,-99.89601823145725
Netherlands (without Delfzijl),broken_squared,1932,-101.2,1932,-108.1202395513771,-101.2,-100.18551785327686,7.934721698100244,-108.1202395513771,-98.86459644734445
Netherlands (without Delfzijl),broken_squared,1933,-147,1933,-106.415894735466,-147,-102.19965715873212,4.216237576733883,-106.415894735466,-97.80956332878259
Netherlands (without Delfzijl),broken_squared,1934,-133.8,1934,-104.71154991955491,-133.8,-104.68970558155274,0.02184433800216823,-104.71154991955491,-96.73091887577166
Netherlands (without Delfzijl),broken_squared,1935,-85.6,1935,-103.00720510364383,-85.6,-107.18221969076528,-4.175014587121443,-103.00720510364383,-95.62866308831168
Netherlands (without Delfzijl),broken_squared,1936,-68.2,1936,-101.30286028773273,-68.2,-109.20347774028403,-7.9006174525513,-101.30286028773273,-94.50279596640262
Netherlands (without Delfzijl),broken_squared,1937,-79.4,1937,-99.59851547182164,-79.4,-110.33295115716417,-10.734435685342536,-99.59851547182164,-93.35331751004452
Netherlands (without Delfzijl),broken_squared,1938,-72.4,1938,-97.89417065591056,-72.4,-110.25077183402398,-12.35660117811342,-97.89417065591056,-92.18022771923734
Netherlands (without Delfzijl),broken_squared,1939,-102.6,1939,-96.18982583999947,-102.6,-108.77383734035878,-12.584011500359303,-96.18982583999947,-90.98352659398111
Netherlands (without Delfzijl),broken_squared,1940,-98,1940,-94.48548102408839,-98,-105.87647866587915,-11.390997641790761,-94.48548102408839,-89.76321413427581
Netherlands (without Delfzijl),broken_squared,1941,-130.2,1941,-92.78113620817729,-130.2,-101.69335761796734,-8.912221409790059,-92.78113620817729,-88.51929034012144
Netherlands (without Delfzijl),broken_squared,1942,-115.8,1942,-91.0767913922662,-115.8,-96.50426682862005,-5.4274754363538396,-91.0767913922662,-87.25175521151802
Netherlands (without Delfzijl),broken_squared,1943,-69.2,1943,-89.37244657635512,-69.2,-90.70254807478359,-1.3301014984284785,-89.37244657635512,-85.96060874846553
Netherlands (without Delfzijl),broken_squared,1944,-63.4,1944,-87.66810176044402,-63.4,-84.75069370391823,2.9174080565257876,-87.66810176044402,-84.64585095096398
Netherlands (without Delfzijl),broken_squared,1945,-73.6,1945,-85.96375694453293,-73.6,-79.12814266757967,6.835614276953267,-85.96375694453293,-83.30748181901336
Netherlands (without Delfzijl),broken_squared,1946,-81.2,1946,-84.25941212862185,-81.2,-74.27716370183464,9.98224842678722,-84.25941212862185,-81.94550135261369
Netherlands (without Delfzijl),broken_squared,1947,-133.8,1947,-82.55506731271076,-133.8,-70.55293410721822,12.002133205492552,-82.55506731271076,-80.55990955176495
Netherlands (without Delfzijl),broken_squared,1948,-65.2,1948,-80.85072249679968,-65.2,-68.18344900134854,12.667273495451141,-80.85072249679968,-79.15070641646714
Netherlands (without Delfzijl),broken_squared,1949,-53.2,1949,-79.14637768088858,-53.2,-67.24378629967917,11.902591381209398,-79.14637768088858,-77.71789194672027
Netherlands (without Delfzijl),broken_squared,1950,-47.6,1950,-77.44203286497749,-68.93157894736842,-67.64763227262766,9.794400592349827,-77.44203286497749,-76.26146614252434
Netherlands (without Delfzijl),broken_squared,1951,-60.8,1951,-75.7376880490664,-65.13157894736841,-69.157024234433493,6.5806638146329215,-75.7376880490664,-74.78142900387937
Netherlands (without Delfzijl),broken_squared,1952,-41.4,1952,-74.0333432331553,-53.131578947368425,-71.40921065473515,2.624132578420154,-74.0333432331553,-73.2777805307853
Netherlands (without Delfzijl),broken_squared,1953,-82.4,1953,-72.32899841724422,-53.73157894736843,-73.9575968494843,-1.6285984322400822,-72.32899841724422,-71.75052072324218
Netherlands (without Delfzijl),broken_squared,1954,-50.8,1954,-70.62465360133314,-72.93157894736842,-76.32215449370136,-5.697500892368232,-70.62465360133314,-70.19964958125
Netherlands (without Delfzijl),broken_squared,1955,-44.4,1955,-68.92030878542205,-50.73157894736842,-78.04360496676713,-9.123296181345072,-68.92030878542205,-68.62516710480877
Netherlands (without Delfzijl),broken_squared,1956,-104.6,1956,-67.21596396951097,-88.93157894736842,-78.73526056843241,-11.519296598921454,-67.21596396951097,-67.02707329391846
Netherlands (without Delfzijl),broken_squared,1957,-69,1957,-65.51161915359987,-68.93157894736842,-78.12667201229362,-12.615052858693765,-65.51161915359987,-65.40536814857909
Netherlands (without Delfzijl),broken_squared,1958,-54.8,1958,-63.80727433768878,-60.531578947368416,-76.09415547244083,-12.286881134752052,-63.80727433768878,-63.76005166879066
Netherlands (without Delfzijl),broken_squared,1959,-99.2,1959,-62.102929521777696,-56.33157894736843,-72.67475343346909,-10.57182391169139,-62.102929521777696,-62.09112385455317
Netherlands (without Delfzijl),broken_squared,1960,-62.8,1960,-60.398584705866604,-59.73157894736842,-68.06205350860063,-7.66346880273403,-60.398584705866604,-60.398584705866604
Netherlands (without Delfzijl),broken_squared,1961,-1.8,1961,-58.68243422273098,-23.731578947368426,-62.57253151088774,-3.890097288156759,-58.69423988995551,-58.68243422273098
Netherlands (without Delfzijl),broken_squared,1962,-50.8,1962,-56.942672405146304,-57.13157894736842,-56.62030224706198,0.32237015808432634,-56.989895074044426,-56.942672405146304
Netherlands (without Delfzijl),broken_squared,1963,-110.6,1963,-55.17929925311256,-82.93157894736842,-50.68084927984602,4.498449973266525,-55.28555025813334,-55.17929925311256
Netherlands (without Delfzijl),broken_squared,1964,-89,1964,-53.392314766629745,-57.53157894736842,-45.225548906879716,8.16676585975004,-53.58120544222225,-53.392314766629745
Netherlands (without Delfzijl),broken_squared,1965,-26.2,1965,-51.58171894569787,-53.131578947368425,-40.668463415683796,10.913255530014078,-51.87686062631116,-51.58171894569787
Netherlands (without Delfzijl),broken_squared,1966,3.2,1966,-49.74751179031694,-16.731578947368426,-37.31960367520011,12.427908115116828,-50.17251581040007,-49.74751179031694
Netherlands (without Delfzijl),broken_squared,1967,21.6,1967,-47.88969330048695,-22.931578947368415,-35.3499365633079,12.539756737179042,-48.468170994488986,-47.88969330048695
Netherlands (without Delfzijl),broken_squared,1968,-42.6,1968,-46.00826347620788,-33.93157894736842,-34.772087027732574,11.23617644847531,-46.763826178577894,-46.00826347620788
Netherlands (without Delfzijl),broken_squared,1969,-54,1969,-44.103222317479755,-34.73157894736842,-35.43891304117582,8.664309276303923,-45.0594813626668,-44.103222317479755
Netherlands (without Delfzijl),broken_squared,1970,-24.2,1970,-42.17456982430257,-40.73157894736842,-37.06011430304668,5.11445552125589,-43.355136546755716,-42.17456982430257
Netherlands (without Delfzijl),broken_squared,1971,-77.4,1971,-40.222305996676326,-55.73157894736843,-39.23499997546078,0.9873060212155487,-41.65079173084463,-40.222305996676326
Netherlands (without Delfzijl),broken_squared,1972,-94.6,1972,-38.246430834601014,-52.13157894736842,-41.49771678519708,-3.251285950596071,-39.94644691493354,-38.246430834601014
Netherlands (without Delfzijl),broken_squared,1973,-31.6,1973,-36.24694433807663,-47.93157894736842,-43.369832355648576,-7.12288801757194,-38.242102099022446,-36.24694433807663
Netherlands (without Delfzijl),broken_squared,1974,-27,1974,-34.2238465071032,-64.13157894736841,-44.41433840894881,-10.190491901845608,-36.53775728311136,-34.2238465071032
Netherlands (without Delfzijl),broken_squared,1975,-63.8,1975,-32.177137341680705,-43.73157894736842,-44.284978210172014,-12.107840868491317,-34.833412467200276,-32.177137341680705
Netherlands (without Delfzijl),broken_squared,1976,-86.2,1976,-30.106816841809135,-52.93157894736842,-42.76533040312306,-12.65851356131392,-33.12906765128918,-30.106816841809135
Netherlands (without Delfzijl),broken_squared,1977,-32,1977,-28.01288500748851,-52.73157894736842,-39.79323763769325,-11.780352630204746,-31.424722835378095,-28.01288500748851
Netherlands (without Delfzijl),broken_squared,1978,-41.2,1978,-25.89534183871882,-41.131578947368425,-35.46782259993215,-9.572480761213331,-29.720378019467006,-25.89534183871882
Netherlands (without Delfzijl),broken_squared,1979,-27,1979,-23.75418733550007,-23.931578947368415,-30.038299508276047,-6.284112172775976,-28.016033203555917,-23.75418733550007
Netherlands (without Delfzijl),broken_squared,1980,-3,1980,-21.589421497832255,6.468421052631577,-23.87584398174861,-2.2864224839163554,-26.31168838764483,-21.589421497832255
Netherlands (without Delfzijl),broken_squared,1981,25.4,1981,-19.401044325715375,3.068421052631571,-17.43169647743992,1.9693478482754578,-24.60734357173374,-19.401044325715375
Netherlands (without Delfzijl),broken_squared,1982,2.6,1982,-17.189055819149438,5.868421052631573,-11.186228384685158,6.002827434464278,-22.90299875582265,-17.189055819149438
Netherlands (without Delfzijl),broken_squared,1983,37.8,1983,-14.953455978134432,6.668421052631572,-5.594719956278173,9.35873602185626,-21.198653939911562,-14.953455978134432
Netherlands (without Delfzijl),broken_squared,1984,-17.6,1984,-12.694244802670365,-5.131578947368425,-1.0359704094636548,11.65827439320671,-19.494309124000473,-12.694244802670365
Netherlands (without Delfzijl),broken_squared,1985,-17.2,1985,-10.411422292757237,-8.131578947368421,2.230459152585258,12.641881445342495,-17.789964308089385,-10.411422292757237
Netherlands (without Delfzijl),broken_squared,1986,-19.4,1986,-8.104988448395044,-15.931578947368422,4.093543780373455,12.1985322287685,-16.085619492178296,-8.104988448395044
Netherlands (without Delfzijl),broken_squared,1987,-29.2,1987,-5.77494326958379,0.4684210526315802,4.603326653514117,10.378269923097905,-14.381274676267207,-5.77494326958379
Netherlands (without Delfzijl),broken_squared,1988,44.8,1988,-3.4212867563234735,17.26842105263158,3.9652704413894,7.3865571977128734,-12.676929860356118,-3.4212867563234735
Netherlands (without Delfzijl),broken_squared,1989,6.4,1989,-1.0440189086140883,0.4684210526315784,2.5170656409497987,3.561084549563888,-10.972585044445026,-1.0440189086140883
Netherlands (without Delfzijl),broken_squared,1990,40.4,1990,1.356860273544351,-12.33157894736842,0.6905136576787498,-0.6663466158655975,-9.26824022853394,1.356860273544351
Netherlands (without Delfzijl),broken_squared,1991,-59.4,1991,3.781350790151855,-36.73157894736842,-1.0372129112806725,-4.818563701432527,-7.5638954126228555,3.781350790151855
Netherlands (without Delfzijl),broken_squared,1992,-14.6,1992,6.229452641208427,-16.931578947368422,-2.1974312812566783,-8.426883922465105,-5.859550596711763,6.229452641208427
Netherlands (without Delfzijl),broken_squared,1993,-17,1993,8.701165826714062,-5.931578947368422,-2.382851193977542,-11.084017020691604,-4.155205780800671,8.701165826714062
Netherlands (without Delfzijl),broken_squared,1994,23.8,1994,11.196490346668755,1.8684210526315752,-1.2935479311405196,-12.490038277809276,-2.4508609648895856,11.196490346668755
Netherlands (without Delfzijl),broken_squared,1995,26.6,1995,13.715426201072509,20.868421052631582,1.2291835904698445,-12.486242610602664,-0.7465161489785004,13.715426201072509
Netherlands (without Delfzijl),broken_squared,1996,-81.4,1996,16.257973389925333,-10.931578947368422,5.184914933746498,-11.073058456178831,0.9578286669325919,16.257973389925333
Netherlands (without Delfzijl),broken_squared,1997,-27.8,1997,18.82413191322722,4.46842105263158,10.414132501230455,-8.409999411996765,2.6621734828436843,18.82413191322722
Netherlands (without Delfzijl),broken_squared,1998,51,1998,21.41390177097816,13.668421052631572,16.616242681640855,-4.79765908933731,4.3665182987547695,21.41390177097816
Netherlands (without Delfzijl),broken_squared,1999,45.8,1999,24.02728296317817,14.068421052631564,23.383501446494442,-0.6437815166837257,6.070863114665855,24.02728296317817
Netherlands (without Delfzijl),broken_squared,2000,41.4,2000,26.664275489827244,18.868421052631582,30.24703858312718,3.5827630932999317,7.775207930576947,26.664275489827244
Netherlands (without Delfzijl),broken_squared,2001,48,2001,29.324879350925382,38.46842105263158,36.7297815646155,7.404902213690118,9.47955274648804,29.324879350925382
Netherlands (without Delfzijl),broken_squared,2002,34.2,2002,32.00909454647258,50.068421052631585,42.400305258450295,10.391210711977712,11.183897562399125,32.00909454647258
Netherlands (without Delfzijl),broken_squared,2003,21.2,2003,34.716921076468836,54.06842105263158,46.92152917148208,12.204608095013246,12.88824237831021,34.716921076468836
Netherlands (without Delfzijl),broken_squared,2004,52.2,2004,37.44835894091416,38.86842105263158,50.08876551458931,12.640406573675145,14.592587194221302,37.44835894091416
Netherlands (without Delfzijl),broken_squared,2005,37.8,2005,40.20340813980855,42.46842105263157,51.85282340003033,11.649415260221776,16.296932010132394,40.20340813980855
Netherlands (without Delfzijl),broken_squared,2006,33.6,2006,42.982068673152,32.66842105263158,52.325561278074844,9.343492604922844,18.00127682604348,42.982068673152
Netherlands (without Delfzijl),broken_squared,2007,82.8,2007,45.784340540944505,57.06842105263158,51.76726087991649,5.982920338971981,19.705621641954565,45.784340540944505
Netherlands (without Delfzijl),broken_squared,2008,56.2,2008,48.6102237431861,37.66842105263158,50.557247836956286,1.9470240937701973,21.409966457865664,48.6102237431861
Netherlands (without Delfzijl),broken_squared,2009,24.2,2009,51.459718279876725,31.268421052631577,49.15107518311976,-2.3086430967569704,23.11431127377675,51.459718279876725
Netherlands (without Delfzijl),broken_squared,2010,17,2010,54.332824151016425,39.26842105263158,48.02910266559488,-6.303721485421552,24.818656089687835,54.332824151016425
Netherlands (without Delfzijl),broken_squared,2011,47.8,2011,57.22954135660518,38.868421052631575,47.64227599015652,-9.587265366448664,26.52300090559892,57.22954135660518
Netherlands (without Delfzijl),broken_squared,2012,39.6,2012,60.14986989664301,40.06842105263158,48.36122618549079,-11.788643711152215,28.227345721510005,60.14986989664301
Netherlands (without Delfzijl),broken_squared,2013,14.4,2013,63.093809771129905,40.46842105263158,50.43443451147648,-12.659375259653418,29.931690537421105,63.093809771129905
Netherlands (without Delfzijl),broken_squared,2014,54.8,2014,66.06136098006586,56.06842105263158,53.960185060308945,-12.101175919756912,31.63603535333219,66.06136098006586
Netherlands (without Delfzijl),broken_squared,2015,75.2,2015,69.05252352345087,57.068421052631585,58.87547090926878,-10.177052614182099,33.340380169243275,69.05252352345087
Netherlands (without Delfzijl),broken_squared,2016,63.6,2016,72.06729740128495,83.06842105263158,64.96310604656398,-7.104191354720966,35.044724985154375,72.06729740128495
Netherlands (without Delfzijl),broken_squared,2017,94.2,2017,75.10568261356809,75.66842105263157,71.87624030942246,-3.229442304145645,36.74906980106546,75.10568261356809
Netherlands (without Delfzijl),broken_squared,2018,26.2,2018,78.1676791603003,66.66842105263157,79.17751020323291,1.0098310429326078,38.453414616976545,78.1676791603003
Netherlands (without Delfzijl),broken_squared,2019,92,2019,81.25328704148156,84.66842105263157,86.38840644094489,5.135119399463325,40.15775943288763,81.25328704148156
Netherlands (without Delfzijl),broken_squared,2020,96.6,2020,84.36250625711187,87.26842105263157,93.04328582648525,8.680779569373373,41.862104248798715,84.36250625711187
Netherlands (without Delfzijl),broken_squared,2021,75.8,2021,87.49533680719128,92.26842105263157,98.74193087418607,11.246594066994769,43.566449064709815,87.49533680719128
Netherlands (without Delfzijl),broken_squared,2022,94.6,2022,90.65177869171974,101.86842105263158,103.19472448096359,12.542945789243849,45.2707938806209,90.65177869171974
Netherlands (without Delfzijl),broken_squared,2023,152.8,2023,93.83183191069725,126.86842105263159,106.25534054618845,12.423508635491194,46.975138696531985,93.83183191069725
Netherlands (without Delfzijl),broken_squared,2024,161.4,2024,97.03549646412384,141.2684210526316,107.93726057544201,10.90176411131818,48.679483512443085,97.03549646412384
Netherlands (without Delfzijl),broken_squared,2025,112.4,2025,100.26277235199949,135.8684210526316,108.41225195141425,8.149479599414748,50.38382832835417,100.26277235199949
