station,modeltype,data_year,data_height,preds_year,prediction_recalc,data_height-surge_anomaly,preds_height-surge_anomaly,nodal_tide,pre_accelleration,post_accelleration
Vlissingen,linear,1891,-280,1891,-254.94739054342426,-280,-241.42203241329946,13.525358130124788,-254.94739054342426,-254.94739054342426
Vlissingen,linear,1892,-279,1892,-252.51139140835966,-279,-237.76168825887805,14.749703149481597,-252.51139140835966,-252.51139140835966
Vlissingen,linear,1893,-253,1893,-250.07539227329508,-253,-235.76622139837525,14.309170874919825,-250.07539227329508,-250.07539227329508
Vlissingen,linear,1894,-204,1894,-247.63939313823047,-204,-235.38590661537657,12.253486522853898,-247.63939313823047,-247.63939313823047
Vlissingen,linear,1895,-220,1895,-245.2033940031659,-220,-236.3887079043752,8.814686098790716,-245.2033940031659,-245.2033940031659
Vlissingen,linear,1896,-240,1896,-242.7673948681013,-240,-238.38646960648634,4.380925261614945,-242.7673948681013,-242.7673948681013
Vlissingen,linear,1897,-261,1897,-240.3313957330367,-261,-240.87872959920713,-0.5473338661704279,-240.3313957330367,-240.3313957330367
Vlissingen,linear,1898,-229,1898,-237.8953965979721,-229,-243.30920911290772,-5.413812514935611,-237.8953965979721,-237.8953965979721
Vlissingen,linear,1899,-221,1899,-235.4593974629075,-221,-245.12860286858984,-9.669205405682323,-235.4593974629075,-235.4593974629075
Vlissingen,linear,1900,-275,1900,-233.02339832784293,-275,-245.85658208073784,-12.833183752894922,-233.02339832784293,-233.02339832784293
Vlissingen,linear,1901,-308,1901,-230.58739919277832,-308,-245.13601171718608,-14.548612524407739,-230.58739919277832,-230.58739919277832
Vlissingen,linear,1902,-323,1902,-228.15140005771372,-323,-242.77326222606607,-14.621862168352358,-228.15140005771372,-228.15140005771372
Vlissingen,linear,1903,-178,1903,-225.71540092264914,-178,-238.76006553121695,-13.04466460856782,-225.71540092264914,-225.71540092264914
Vlissingen,linear,1904,-191,1904,-223.27940178758453,-191,-233.27444829383296,-9.995046506248446,-223.27940178758453,-223.27940178758453
Vlissingen,linear,1905,-220,1905,-220.84340265251996,-220,-226.66063709815245,-5.8172344456325025,-220.84340265251996,-220.84340265251996
Vlissingen,linear,1906,-212,1906,-218.40740351745535,-212,-219.39020376955293,-0.9828002520975723,-218.40740351745535,-218.40740351745535
Vlissingen,linear,1907,-202,1907,-215.97140438239074,-202,-212.0088365592615,3.9625678231292207,-215.97140438239074,-215.97140438239074
Vlissingen,linear,1908,-204,1908,-213.53540524732617,-204,-205.07474541462923,8.460659832696932,-213.53540524732617,-213.53540524732617
Vlissingen,linear,1909,-178,1909,-211.09940611226156,-178,-199.0956538590918,12.003752253169743,-211.09940611226156,-211.09940611226156
Vlissingen,linear,1910,-171,1910,-208.66340697719698,-171,-194.47148954280726,14.191917434389712,-208.66340697719698,-208.66340697719698
Vlissingen,linear,1911,-209,1911,-206.22740784213238,-209,-191.44924228574925,14.778165556383117,-206.22740784213238,-206.22740784213238
Vlissingen,linear,1912,-154,1912,-203.79140870706777,-154,-190.0950850255707,13.69632368149707,-203.79140870706777,-203.79140870706777
Vlissingen,linear,1913,-160,1913,-201.3554095720032,-160,-190.28690452684893,11.06850504515427,-201.3554095720032,-201.3554095720032
Vlissingen,linear,1914,-184,1914,-198.9194104369386,-184,-191.728084950211,7.191325486727574,-198.9194104369386,-198.9194104369386
Vlissingen,linear,1915,-213,1915,-196.483411301874,-213,-193.98098845672214,2.502422845151871,-196.483411301874,-196.483411301874
Vlissingen,linear,1916,-168,1916,-194.0474121668094,-168,-196.51635371398544,-2.4689415471760343,-194.0474121668094,-194.0474121668094
Vlissingen,linear,1917,-182,1917,-191.6114130317448,-182,-198.77303643233603,-7.161623400591233,-191.6114130317448,-191.6114130317448
Vlissingen,linear,1918,-221,1918,-189.17541389668023,-221,-200.22134869967462,-11.045934802994388,-189.17541389668023,-189.17541389668023
Vlissingen,linear,1919,-248,1919,-186.73941476161565,-248,-200.42284766797698,-13.683432906361341,-186.73941476161565,-186.73941476161565
Vlissingen,linear,1920,-271,1920,-184.30341562655104,-271,-199.0798249250434,-14.776409298492347,-184.30341562655104,-184.30341562655104
Vlissingen,linear,1921,-203,1921,-181.86741649148644,-203,-196.06891042338162,-14.201493931895204,-181.86741649148644,-181.86741649148644
Vlissingen,linear,1922,-192,1922,-179.43141735642183,-192,-191.45499791238262,-12.0235805559608,-179.43141735642183,-179.43141735642183
Vlissingen,linear,1923,-171,1923,-176.99541822135726,-171,-185.48392003633538,-8.488501814978125,-176.99541822135726,-176.99541822135726
Vlissingen,linear,1924,-189,1924,-174.55941908629268,-189,-178.5546998988528,-3.9952808125601305,-174.55941908629268,-174.55941908629268
Vlissingen,linear,1925,-152,1925,-172.12341995122807,-152,-171.17451120693573,0.9489087442923498,-172.12341995122807,-172.12341995122807
Vlissingen,linear,1926,-167,1926,-169.68742081616347,-167,-163.90143088230994,5.785989933853528,-169.68742081616347,-169.68742081616347
Vlissingen,linear,1927,-155,1927,-167.25142168109886,-155,-157.28144595669588,9.969975724402982,-167.25142168109886,-167.25142168109886
Vlissingen,linear,1928,-152,1928,-164.81542254603428,-152,-151.78682511714214,13.028597428892114,-164.81542254603428,-164.81542254603428
Vlissingen,linear,1929,-203,1929,-162.3794234109697,-203,-147.76281123225996,14.61661217870972,-162.3794234109697,-162.3794234109697
Vlissingen,linear,1930,-133,1930,-159.9434242759051,-133,-145.38865195690616,14.554772318998946,-159.9434242759051,-159.9434242759051
Vlissingen,linear,1931,-133,1931,-157.5074251408405,-133,-144.65736709783556,12.850058043004914,-157.5074251408405,-157.5074251408405
Vlissingen,linear,1932,-152,1932,-155.0714260057759,-152,-145.3765365051674,9.694889500608491,-155.0714260057759,-155.0714260057759
Vlissingen,linear,1933,-166,1933,-152.6354268707113,-166,-147.1900195561728,5.445407314538513,-152.6354268707113,-152.6354268707113
Vlissingen,linear,1934,-162,1934,-150.19942773564674,-162,-149.61815463795025,0.5812730976964948,-150.19942773564674,-150.19942773564674
Vlissingen,linear,1935,-134,1935,-147.76342860058213,-134,-152.111901099978,-4.348472499395858,-147.76342860058213,-147.76342860058213
Vlissingen,linear,1936,-111,1936,-145.32742946551753,-111,-154.11481238694472,-8.787382921427222,-145.32742946551753,-145.32742946551753
Vlissingen,linear,1937,-111,1937,-142.89143033045292,-111,-155.12584511536807,-12.234414784915128,-142.89143033045292,-142.89143033045292
Vlissingen,linear,1938,-136,1938,-140.45543119538834,-136,-154.7559145000984,-14.30048330471005,-140.45543119538834,-140.45543119538834
Vlissingen,linear,1939,-134,1939,-138.01943206032377,-134,-152.7718124194925,-14.752380359168736,-138.01943206032377,-138.01943206032377
Vlissingen,linear,1940,-135,1940,-135.58343292525916,-135,-149.12253085409856,-13.539097928839386,-135.58343292525916,-135.58343292525916
Vlissingen,linear,1941,-161,1941,-133.14743379019455,-161,-143.94501943259004,-10.79758564239549,-133.14743379019455,-133.14743379019455
Vlissingen,linear,1942,-149,1942,-130.71143465512995,-149,-137.54872720017434,-6.837292545044397,-130.71143465512995,-130.71143465512995
Vlissingen,linear,1943,-116,1943,-128.27543552006537,-116,-130.3806734621366,-2.1052379420712137,-128.27543552006537,-128.27543552006537
Vlissingen,linear,1944,-128,1944,-125.83943638500078,-128,-122.97499034183065,2.8644460431701395,-125.83943638500078,-125.83943638500078
Vlissingen,linear,1945,-110,1945,-123.40343724993619,-110,-115.8926324524529,7.510804797483296,-123.40343724993619,-123.40343724993619
Vlissingen,linear,1946,-104,1946,-120.96743811487158,-104,-109.65805897199894,11.309379142872642,-120.96743811487158,-120.96743811487158
Vlissingen,linear,1947,-136,1947,-118.531438979807,-136,-104.70003515172895,13.83140382807805,-118.531438979807,-118.531438979807
Vlissingen,linear,1948,-119,1948,-116.0954398447424,-119,-101.30323530613907,14.792204538603338,-116.0954398447424,-116.0954398447424
Vlissingen,linear,1949,-106,1949,-113.65944070967781,-106,-99.57611011187838,14.083330597799431,-113.65944070967781,-113.65944070967781
Vlissingen,linear,1950,-84,1950,-111.22344157461322,-80.20832551394122,-99.43864520416041,11.78479637045281,-111.22344157461322,-111.22344157461322
Vlissingen,linear,1951,-82,1951,-108.78744243954861,-67.039942207104815,-100.63139282287625,8.156049616672366,-108.78744243954861,-108.78744243954861
Vlissingen,linear,1952,-54,1952,-106.35144330448404,-51.47762396208641,-102.74475705856777,3.6066862459162574,-106.35144330448404,-106.35144330448404
Vlissingen,linear,1953,-104,1953,-103.91544416941943,-56.80315373555966,-105.26522711708564,-1.349782947666207,-103.91544416941943,-103.91544416941943
Vlissingen,linear,1954,-85,1954,-101.47944503435484,-83.4093682053527,-107.6333400089193,-6.153894974564491,-101.47944503435484,-101.47944503435484
Vlissingen,linear,1955,-86,1955,-99.04344589929025,-81.23971281214332,-109.30683010675651,-10.263384207466265,-99.04344589929025,-99.04344589929025
Vlissingen,linear,1956,-148,1956,-96.60744676422564,-120.79051583000401,-109.82183754547836,-13.214390781252723,-96.60744676422564,-96.60744676422564
Vlissingen,linear,1957,-112,1957,-94.17144762916107,-93.77587408644801,-108.84526654755572,-14.67381891839466,-94.17144762916107,-94.17144762916107
Vlissingen,linear,1958,-85,1958,-91.73544849409646,-79.03725110915181,-106.212383711712,-14.476935217615537,-91.73544849409646,-91.73544849409646
Vlissingen,linear,1959,-98,1959,-89.29944935903187,-47.99330319944826,-101.94541234641977,-12.64596298738792,-89.29944935903187,-89.29944935903187
Vlissingen,linear,1960,-83,1960,-86.86345022396728,-71.42244170575262,-96.2510240071001,-9.387573783132822,-86.86345022396728,-86.86345022396728
Vlissingen,linear,1961,-41,1961,-84.42745108890269,-42.20884983885482,-89.49701038053709,-5.069559291634404,-84.42745108890269,-84.42745108890269
Vlissingen,linear,1962,-70,1962,-81.9914519538381,-55.29928984473531,-82.17076868475273,-0.1793167309146355,-81.9914519538381,-81.9914519538381
Vlissingen,linear,1963,-143,1963,-79.55545281877349,-104.49141904906566,-74.8242865576394,4.731166261134091,-79.55545281877349,-79.55545281877349
Vlissingen,linear,1964,-115,1964,-77.1194536837089,-70.3782577978036,-68.01183628202085,9.10761740168805,-77.1194536837089,-77.1194536837089
Vlissingen,linear,1965,-75,1965,-74.6834545486443,-84.7322157795493,-62.22741113071138,12.456043417932921,-74.6834545486443,-74.6834545486443
Vlissingen,linear,1966,-42,1966,-72.24745541357971,-47.24504433573222,-57.84896572342879,14.39848969015093,-72.24745541357971,-72.24745541357971
Vlissingen,linear,1967,-47,1967,-69.81145627851512,-57.981623101937714,-55.09575428247827,14.71570199603685,-69.81145627851512,-69.81145627851512
Vlissingen,linear,1968,-78,1968,-67.37545714345052,-61.19794554395331,-54.00358224476041,13.371874898690109,-67.37545714345052,-67.37545714345052
Vlissingen,linear,1969,-73,1969,-64.93945800838593,-49.32415571564791,-54.42076471203348,10.518693296352447,-64.93945800838593,-64.93945800838593
Vlissingen,linear,1970,-58,1970,-62.503458873321335,-58.743039635778416,-56.02524793060378,6.478210942717555,-62.503458873321335,-62.503458873321335
Vlissingen,linear,1971,-115,1971,-60.067459738256744,-81.58072434948431,-58.36096120814136,1.7064985301153879,-60.067459738256744,-60.067459738256744
Vlissingen,linear,1972,-131,1972,-57.631460603192146,-80.78028327037994,-60.88929603379425,-3.257835430602097,-57.631460603192146,-57.631460603192146
Vlissingen,linear,1973,-79,1973,-55.195461468127554,-72.9157405620252,-63.049901680034914,-7.854440211907351,-55.195461468127554,-55.195461468127554
Vlissingen,linear,1974,-62,1974,-52.759462333062956,-79.70885551535521,-64.32393496392228,-11.56447263085933,-52.759462333062956,-52.759462333062956
Vlissingen,linear,1975,-99,1975,-50.323463197998365,-66.06610362513331,-64.29262483146186,-13.969161633463496,-50.323463197998365,-50.323463197998365
Vlissingen,linear,1976,-115,1976,-47.88746406293377,-74.40979843868692,-62.68454126953421,-14.797077206600427,-47.88746406293377,-47.88746406293377
Vlissingen,linear,1977,-78,1977,-45.45146492786918,-79.49730428876892,-59.40623305237375,-13.954768124504561,-45.45146492786918,-45.45146492786918
Vlissingen,linear,1978,-95,1978,-43.015465792804584,-82.99473480840362,-54.552776077510806,-11.53731028470622,-43.015465792804584,-43.015465792804584
Vlissingen,linear,1979,-69,1979,-40.579466657739985,-52.179099111509814,-48.39704164450285,-7.817574986762859,-40.579466657739985,-40.579466657739985
Vlissingen,linear,1980,-53,1980,-38.143467522675394,-31.49615992442991,-41.3588960228043,-3.2154285001289145,-38.143467522675394,-38.143467522675394
Vlissingen,linear,1981,-18,1981,-35.7074683876108,-22.984148110139913,-33.95780791705509,1.7496604705557157,-35.7074683876108,-35.7074683876108
Vlissingen,linear,1982,-49,1982,-33.27146925254621,-21.912911348496113,-26.754213276765686,6.517255975780521,-33.27146925254621,-33.27146925254621
Vlissingen,linear,1983,-22,1983,-30.835470117481613,-26.190608762194714,-20.28625591559763,10.549214201883979,-30.835470117481613,-30.835470117481613
Vlissingen,linear,1984,-61,1984,-28.39947098241702,-35.33991628667032,-15.009044362355713,13.39042662006131,-28.39947098241702,-28.39947098241702
Vlissingen,linear,1985,-54,1985,-25.963471847352423,-28.157698663290613,-11.243281345378474,14.720190501973951,-25.963471847352423,-25.963471847352423
Vlissingen,linear,1986,-71,1986,-23.527472712287832,-49.54466768411251,-9.139064373126462,14.388408339161373,-23.527472712287832,-23.527472712287832
Vlissingen,linear,1987,-72,1987,-21.09147357722324,-31.6275870663043,-8.658943431603056,12.432530145620188,-21.09147357722324,-21.09147357722324
Vlissingen,linear,1988,-10,1988,-18.655474442158642,-13.450387458036516,-9.582148166239335,9.073326275919307,-18.655474442158642,-18.655474442158642
Vlissingen,linear,1989,-43,1989,-16.21947530709405,-26.06507324438651,-11.529507403783285,4.689967903310767,-16.21947530709405,-16.21947530709405
Vlissingen,linear,1990,-27,1990,-13.783476172029452,-41.61644154000292,-14.006248215471203,-0.2227720434417515,-13.783476172029452,-13.783476172029452
Vlissingen,linear,1991,-102,1991,-11.347477036964861,-61.42289503671526,-16.45784356402084,-5.11036652705598,-11.347477036964861,-11.347477036964861
Vlissingen,linear,1992,-63,1992,-8.91147790190027,-42.584533857490015,-18.332604714060096,-9.421126812159825,-8.91147790190027,-8.91147790190027
Vlissingen,linear,1993,-57,1993,-6.475478766835671,-32.05845448071531,-19.143953268352078,-12.668474501516405,-6.475478766835671,-6.475478766835671
Vlissingen,linear,1994,-26,1994,-4.03947963177108,-25.938993085482416,-18.525343854513537,-14.485864222742455,-4.03947963177108,-4.03947963177108
Vlissingen,linear,1995,-16,1995,-1.6034804967064886,-4.530876792331711,-16.27163804701782,-14.668157550311332,-1.6034804967064886,-1.6034804967064886
Vlissingen,linear,1996,-101,1996,0.8325186383581098,-33.845694851315216,-12.362259430270214,-13.19477806862832,0.8325186383581098,0.8325186383581098
Vlissingen,linear,1997,-67,1997,3.268517773422701,-18.354794982194726,-6.963516167866949,-10.23203394128965,3.268517773422701,3.268517773422701
Vlissingen,linear,1998,1,1998,5.704516908487292,-8.838235633427615,-0.40982891731597526,-6.114345825803268,5.704516908487292,5.704516908487292
Vlissingen,linear,1999,-4,1999,8.140516043551884,-9.459425405208414,6.834017004862485,-1.306499038689398,8.140516043551884,8.140516043551884
Vlissingen,linear,2000,-10,2000,10.57651517861649,-5.418747178528314,14.225334409144416,3.648819230527927,10.57651517861649,10.57651517861649
Vlissingen,linear,2001,9,2001,13.01251431368108,14.32836989698339,21.204790216962078,8.192275903280997,13.01251431368108,13.01251431368108
Vlissingen,linear,2002,-8,2002,15.448513448745672,23.317877936435387,27.259540354525768,11.811026905780098,15.448513448745672,15.448513448745672
Vlissingen,linear,2003,-18,2003,17.884512583810263,26.92343558712036,31.981117185887303,14.09660460207704,17.884512583810263,17.884512583810263
Vlissingen,linear,2004,14,2004,20.320511718874855,24.316100706717585,35.11153542337769,14.791023704502836,20.320511718874855,20.320511718874855
Vlissingen,linear,2005,27,2005,22.75651085393946,46.89735869928479,36.57241229655233,13.815901442612866,22.75651085393946,22.75651085393946
Vlissingen,linear,2006,1,2006,25.19250998900405,21.473042237805284,36.473815031589375,11.281305042585323,25.19250998900405,25.19250998900405
Vlissingen,linear,2007,46,2007,27.628509124068643,41.04134926410669,35.101836979174465,7.473327855105819,27.628509124068643,27.628509124068643
Vlissingen,linear,2008,19,2008,30.064508259133234,25.633181029121985,32.886304739269896,2.821796480136662,30.064508259133234,30.064508259133234
Vlissingen,linear,2009,1,2009,32.500507394197825,23.10256242191489,30.35226135102375,-2.148246043174079,32.500507394197825,32.500507394197825
Vlissingen,linear,2010,3,2010,34.93650652926243,26.906517192051886,28.060701897727604,-6.875804631534827,34.93650652926243,34.93650652926243
Vlissingen,linear,2011,7,2011,37.37250566432702,24.159553843284787,26.545251013698827,-10.827254650628193,37.37250566432702,37.37250566432702
Vlissingen,linear,2012,0,2012,39.80850479939161,20.286838934859688,26.251929839035654,-13.556574960355958,39.80850479939161,39.80850479939161
Vlissingen,linear,2013,-14,2013,42.244503934456205,21.68943956657239,27.488811245811895,-14.755692688644306,42.244503934456205,42.244503934456205
Vlissingen,linear,2014,24,2014,44.680503069520796,44.60611377013409,30.39124601758772,-14.289257051933081,44.680503069520796,44.680503069520796
Vlissingen,linear,2015,27,2015,47.11650220458539,41.550600073421684,34.90658508795381,-12.209917116631578,47.11650220458539,47.11650220458539
Vlissingen,linear,2016,30,2016,49.55250133964999,65.4682772586302,40.80012232014678,-8.75237901950322,49.55250133964999,49.55250133964999
Vlissingen,linear,2017,46,2017,51.988500474714584,51.98362365424359,47.68158703465333,-4.306913440061254,51.988500474714584,51.988500474714584
Vlissingen,linear,2018,1,2018,54.424499609779176,49.22810512547651,55.0491959325757,0.6246963227965239,54.424499609779176,54.424499609779176
Vlissingen,linear,2019,51,2019,56.86049874484377,64.03959210246279,62.3462920403166,5.485793295472832,56.86049874484377,56.86049874484377
Vlissingen,linear,2020,58,2020,59.29649787990836,76.01179482966849,69.0241775372267,9.727679657318344,59.29649787990836,59.29649787990836
Vlissingen,linear,2021,46,2021,61.732497014972964,76.33369933917518,74.60404819140746,12.8715511764345,61.732497014972964,61.732497014972964
Vlissingen,linear,2022,60,2022,64.16849615003756,89.92853875875778,78.7310385351184,14.562542385080842,64.16849615003756,64.16849615003756
Vlissingen,linear,2023,116,2023,66.60449528510213,111.85453720614409,81.21427741393966,14.60978212883752,66.60449528510213,66.60449528510213
Vlissingen,linear,2024,129,2024,69.04049442016674,128.8910880822703,82.04843262721926,13.007938207052515,69.04049442016674,69.04049442016674
Vlissingen,linear,2025,83,2025,71.47649355523134,122.0223700414233,81.41431280186669,9.937819246635353,71.47649355523134,71.47649355523134
Vlissingen,broken_linear,1891,-280,1891,-250.06751509704725,-280,-237.38988107606676,12.677634020980475,-250.06751509704725,-335.0297346431621
Vlissingen,broken_linear,1892,-279,1892,-247.75260461557627,-279,-233.85892181543454,13.893682800141722,-247.75260461557627,-331.8818612249645
Vlissingen,broken_linear,1893,-253,1893,-245.43769413410533,-253,-231.89621628766992,13.541477846435399,-245.43769413410533,-328.73398780676695
Vlissingen,broken_linear,1894,-204,1894,-243.12278365263435,-204,-231.46200924995279,11.660774402681575,-243.12278365263435,-325.58611438856934
Vlissingen,broken_linear,1895,-220,1895,-240.80787317116338,-220,-232.34401572079113,8.463857450372249,-240.80787317116338,-322.43824097037174
Vlissingen,broken_linear,1896,-240,1896,-238.49296268969243,-240,-234.18138271280606,4.311579976886368,-238.49296268969243,-319.2903675521742
Vlissingen,broken_linear,1897,-261,1897,-236.17805220822146,-261,-236.5054206250208,-0.3273684167993558,-236.17805220822146,-316.1424941339766
Vlissingen,broken_linear,1898,-229,1898,-233.8631417267505,-229,-238.792506726182,-4.929364999431501,-233.8631417267505,-312.99462071577904
Vlissingen,broken_linear,1899,-221,1899,-231.54823124527954,-221,-240.5231892321102,-8.974957986830693,-231.54823124527954,-309.84674729758143
Vlissingen,broken_linear,1900,-275,1900,-229.23332076380856,-275,-241.24082058611253,-12.007499822303982,-229.23332076380856,-306.6988738793839
Vlissingen,broken_linear,1901,-308,1901,-226.91841028233762,-308,-240.60310169283974,-13.684691410502115,-226.91841028233762,-303.5510004611863
Vlissingen,broken_linear,1902,-323,1902,-224.60349980086664,-323,-238.42071903428777,-13.817219233421143,-224.60349980086664,-300.4031270429887
Vlissingen,broken_linear,1903,-178,1903,-222.2885893193957,-178,-234.6787134915542,-12.390124172158497,-222.2885893193957,-297.2552536247911
Vlissingen,broken_linear,1904,-191,1904,-219.97367883792472,-191,-229.53816885999944,-9.564490022074727,-219.97367883792472,-294.1073802065936
Vlissingen,broken_linear,1905,-220,1905,-217.65876835645378,-220,-223.31802946614457,-5.6592611096907754,-217.65876835645378,-290.95950678839597
Vlissingen,broken_linear,1906,-212,1906,-215.3438578749828,-212,-216.45909922840667,-1.115241353423861,-215.3438578749828,-287.81163337019836
Vlissingen,broken_linear,1907,-202,1907,-213.02894739351183,-202,-209.47428577880092,3.5546616147109233,-213.02894739351183,-284.6637599520008
Vlissingen,broken_linear,1908,-204,1908,-210.71403691204088,-204,-202.89070585572236,7.8233310563185325,-210.71403691204088,-281.51588653380327
Vlissingen,broken_linear,1909,-178,1909,-208.3991264305699,-178,-197.1901868394615,11.208939591108425,-208.3991264305699,-278.36801311560566
Vlissingen,broken_linear,1910,-171,1910,-206.08421594909896,-171,-192.75488033798928,13.329335611109702,-206.08421594909896,-275.22013969740806
Vlissingen,broken_linear,1911,-209,1911,-203.769305467628,-209,-189.82412670629708,13.945178761330911,-203.769305467628,-272.0722662792105
Vlissingen,broken_linear,1912,-154,1912,-201.45439498615704,-154,-188.46743942998043,12.986955556176614,-201.45439498615704,-268.92439286101296
Vlissingen,broken_linear,1913,-160,1913,-199.13948450468607,-160,-188.57665876910423,10.562825735581832,-199.13948450468607,-265.77651944281536
Vlissingen,broken_linear,1914,-184,1914,-196.8245740232151,-184,-189.87816032222003,6.946413700995062,-196.8245740232151,-262.62864602461775
Vlissingen,broken_linear,1915,-213,1915,-194.50966354174415,-213,-191.96374046510445,2.5459230766397076,-194.50966354174415,-259.4807726064202
Vlissingen,broken_linear,1916,-168,1916,-192.19475306027317,-168,-194.3366924607919,-2.1419394005187335,-192.19475306027317,-256.3328991882226
Vlissingen,broken_linear,1917,-182,1917,-189.8798425788022,-182,-196.4678723857649,-6.588029806962707,-189.8798425788022,-253.18502577002502
Vlissingen,broken_linear,1918,-221,1918,-187.56493209733125,-221,-197.85542641358512,-10.29049431625387,-187.56493209733125,-250.03715235182744
Vlissingen,broken_linear,1919,-248,1919,-185.2500216158603,-248,-198.08143772039602,-12.8314161045357,-185.2500216158603,-246.8892789336299
Vlissingen,broken_linear,1920,-271,1920,-182.93511113438933,-271,-196.85909897536098,-13.923987840971657,-182.93511113438933,-243.7414055154323
Vlissingen,broken_linear,1921,-203,1921,-180.62020065291836,-203,-194.06508580662435,-13.44488515370597,-180.62020065291836,-240.59353209723471
Vlissingen,broken_linear,1922,-192,1922,-178.3052901714474,-192,-189.75347707783504,-11.448186906387638,-178.3052901714474,-237.44565867903714
Vlissingen,broken_linear,1923,-171,1923,-175.99037968997644,-171,-184.14965071972682,-8.15927102975041,-175.99037968997644,-234.29778526083956
Vlissingen,broken_linear,1924,-189,1924,-173.6754692085055,-189,-177.62484412664787,-3.949374918142368,-173.6754692085055,-231.14991184264198
Vlissingen,broken_linear,1925,-152,1925,-171.36055872703452,-152,-170.6542506211307,0.7063081059038048,-171.36055872703452,-228.0020384244444
Vlissingen,broken_linear,1926,-167,1926,-169.04564824556354,-167,-163.76338186099397,5.28226638456956,-169.04564824556354,-224.85416500624683
Vlissingen,broken_linear,1927,-155,1927,-166.7307377640926,-155,-157.4687505488231,9.261987215269507,-166.7307377640926,-221.70629158804925
Vlissingen,broken_linear,1928,-152,1928,-164.41582728262165,-152,-152.21956890129903,12.19625838132262,-164.41582728262165,-218.55841816985168
Vlissingen,broken_linear,1929,-203,1929,-162.10091680115067,-203,-148.3470436816395,13.753873119511182,-162.10091680115067,-215.4105447516541
Vlissingen,broken_linear,1930,-133,1930,-159.7860063196797,-133,-146.02699113400902,13.759015185670682,-159.7860063196797,-212.26267133345652
Vlissingen,broken_linear,1931,-133,1931,-157.47109583820873,-133,-145.2599916707119,12.211104167496815,-157.47109583820873,-209.11479791525892
Vlissingen,broken_linear,1932,-152,1932,-155.15618535673778,-152,-145.87132435797437,9.284860998763417,-155.15618535673778,-205.96692449706137
Vlissingen,broken_linear,1933,-166,1933,-152.84127487526683,-166,-147.53068859525308,5.310586280013737,-152.84127487526683,-202.8190510788638
Vlissingen,broken_linear,1934,-162,1934,-150.52636439379586,-162,-149.78948689743376,0.736877496362121,-150.52636439379586,-199.67117766066622
Vlissingen,broken_linear,1935,-134,1935,-148.21145391232488,-134,-152.13146047437476,-3.920006562049899,-148.21145391232488,-196.5233042424686
Vlissingen,broken_linear,1936,-111,1936,-145.8965434308539,-111,-154.03096210113304,-8.13441867027911,-145.8965434308539,-193.375430824271
Vlissingen,broken_linear,1937,-111,1937,-143.58163294938296,-111,-155.01228871066385,-11.430655761280896,-143.58163294938296,-190.22755740607346
Vlissingen,broken_linear,1938,-136,1938,-141.26672246791202,-136,-154.70337652428884,-13.436654056376806,-141.26672246791202,-187.0796839878759
Vlissingen,broken_linear,1939,-134,1939,-138.95181198644104,-134,-152.87779786551178,-13.925985879070748,-138.95181198644104,-183.9318105696783
Vlissingen,broken_linear,1940,-135,1940,-136.63690150497007,-135,-149.48031925386618,-12.843417748896123,-136.63690150497007,-180.78393715148073
Vlissingen,broken_linear,1941,-161,1941,-134.32199102349912,-161,-144.63313590106458,-10.311144877565448,-134.32199102349912,-177.63606373328315
Vlissingen,broken_linear,1942,-149,1942,-132.00708054202815,-149,-138.62207888877393,-6.614998346745765,-132.00708054202815,-174.48819031508557
Vlissingen,broken_linear,1943,-116,1943,-129.6921700605572,-116,-131.86435189708152,-2.172181836524317,-129.6921700605572,-171.340316896888
Vlissingen,broken_linear,1944,-128,1944,-127.37725957908623,-128,-124.86143921037944,2.5158203687067804,-127.37725957908623,-168.19244347869042
Vlissingen,broken_linear,1945,-110,1945,-125.06234909761527,-110,-118.14250052403446,6.919848573580818,-125.06234909761527,-165.04457006049284
Vlissingen,broken_linear,1946,-104,1946,-122.74743861614431,-104,-112.20464188050474,10.542796735639573,-122.74743861614431,-161.89669664229527
Vlissingen,broken_linear,1947,-136,1947,-120.43252813467333,-136,-107.45680467141871,12.975723463254619,-120.43252813467333,-158.74882322409766
Vlissingen,broken_linear,1948,-119,1948,-118.11761765320239,-119,-104.17360625181902,13.944011401383364,-118.11761765320239,-155.60094980590011
Vlissingen,broken_linear,1949,-106,1949,-115.80270717173141,-106,-102.46434242148055,13.338364750250854,-115.80270717173141,-152.4530763877025
Vlissingen,broken_linear,1950,-84,1950,-113.48779669026045,-80.20832551394122,-102.26065062778862,11.227146062471835,-113.48779669026045,-149.30520296950493
Vlissingen,broken_linear,1951,-82,1951,-111.17288620878949,-67.039942207104815,-103.32422640995793,7.848659798831565,-111.17288620878949,-146.15732955130736
Vlissingen,broken_linear,1952,-54,1952,-108.85797572731853,-51.47762396208641,-105.27372208857108,3.5842536387474513,-108.85797572731853,-143.00945613310978
Vlissingen,broken_linear,1953,-104,1953,-106.54306524584757,-56.80315373555966,-107.62779150255498,-1.0847262567074107,-106.54306524584757,-139.86158271491223
Vlissingen,broken_linear,1954,-85,1954,-104.2281547643766,-83.4093682053527,-109.85942210562811,-5.631267341251508,-104.2281547643766,-136.71370929671463
Vlissingen,broken_linear,1955,-86,1955,-101.91324428290565,-81.23971281214332,-111.45542167006818,-9.542177387162509,-101.91324428290565,-133.56583587851705
Vlissingen,broken_linear,1956,-148,1956,-99.59833380143468,-120.79051583000401,-111.97434501775811,-12.376011216323452,-99.59833380143468,-130.41796246031947
Vlissingen,broken_linear,1957,-112,1957,-97.28342331996372,-93.77587408644801,-111.09632228087132,-13.812898960907592,-97.28342331996372,-127.2700890421219
Vlissingen,broken_linear,1958,-85,1958,-94.96851283849276,-79.03725110915181,-108.6591643118958,-13.690651473403037,-94.96851283849276,-124.12221562392432
Vlissingen,broken_linear,1959,-98,1959,-92.6536023570218,-47.99330319944826,-104.67666983370228,-12.023067476680486,-92.6536023570218,-120.97434220572674
Vlissingen,broken_linear,1960,-83,1960,-90.33869187555084,-71.42244170575262,-99.33706790444258,-8.998376028891741,-90.33869187555084,-117.82646878752917
Vlissingen,broken_linear,1961,-41,1961,-88.02378139407986,-42.20884983885482,-92.98177150453384,-4.957990110453964,-88.02378139407986,-114.67859536933157
Vlissingen,broken_linear,1962,-70,1962,-85.7088709126089,-55.29928984473531,-86.06684044115339,-0.3579695285444924,-85.7088709126089,-111.530721951134
Vlissingen,broken_linear,1963,-143,1963,-83.39396043113794,-104.49141904906566,-79.11150345678942,4.282456974348516,-83.39396043113794,-108.38284853293642
Vlissingen,broken_linear,1964,-115,1964,-81.07904994966698,-70.3782577978036,-72.63955012472809,8.439499824938885,-81.07904994966698,-105.23497511473884
Vlissingen,broken_linear,1965,-75,1965,-78.76413946819602,-84.7322157795493,-67.12020793935714,11.643931528838872,-78.76413946819602,-102.08710169654127
Vlissingen,broken_linear,1966,-42,1966,-76.44922898672506,-47.24504433573222,-62.91517811795997,13.534050868765101,-76.44922898672506,-98.93922827834369
Vlissingen,broken_linear,1967,-47,1967,-74.1343185052541,-57.981623101937714,-60.237808464214204,13.896510041039901,-74.1343185052541,-95.79135486014611
Vlissingen,broken_linear,1968,-78,1968,-71.81940802378313,-61.19794554395331,-59.12901166902468,12.690396354758438,-71.81940802378313,-92.64348144194852
Vlissingen,broken_linear,1969,-73,1969,-69.50449754231217,-49.32415571564791,-59.452647277914245,10.051850264397924,-69.50449754231217,-89.49560802375095
Vlissingen,broken_linear,1970,-58,1970,-67.1895870608412,-58.743039635778416,-60.91088858682791,6.278698474013297,-67.1895870608412,-86.34773460555337
Vlissingen,broken_linear,1971,-115,1971,-64.87467657937025,-81.58072434948431,-63.07783992324565,1.7968366561246052,-64.87467657937025,-83.1998611873558
Vlissingen,broken_linear,1972,-131,1972,-62.55976609789928,-80.78028327037994,-65.4476097516252,-2.887843653725909,-62.55976609789928,-80.05198776915822
Vlissingen,broken_linear,1973,-79,1973,-60.24485561642832,-72.9157405620252,-67.49141333656587,-7.246557720137547,-60.24485561642832,-76.90411435096064
Vlissingen,broken_linear,1974,-62,1974,-57.92994513495736,-79.70885551535521,-68.7172594829698,-10.787314348012442,-57.92994513495736,-73.75624093276306
Vlissingen,broken_linear,1975,-99,1975,-55.61503465348639,-66.06610362513331,-68.72548419398916,-13.110449540502783,-55.61503465348639,-70.60836751456549
Vlissingen,broken_linear,1976,-115,1976,-53.30012417201543,-74.40979843868692,-67.25386286798405,-13.953738695968621,-53.30012417201543,-67.46049409636791
Vlissingen,broken_linear,1977,-78,1977,-50.98521369054447,-79.49730428876892,-64.20720898134007,-13.2219952907956,-50.98521369054447,-64.31262067817033
Vlissingen,broken_linear,1978,-95,1978,-48.67030320907351,-82.99473480840362,-59.6681182966906,-10.99781508761709,-48.67030320907351,-61.16474725997275
Vlissingen,broken_linear,1979,-69,1979,-46.35539272760254,-52.179099111509814,-53.887645840725114,-7.532253113122578,-46.35539272760254,-58.016873841775165
Vlissingen,broken_linear,1980,-53,1980,-44.04048224613158,-31.49615992442991,-47.25696799059033,-3.2164857444587573,-44.04048224613158,-54.86900042357759
Vlissingen,broken_linear,1981,-18,1981,-41.725571764660614,-22.984148110139913,-40.26322831962493,1.4623434450356854,-41.725571764660614,-51.721127005380005
Vlissingen,broken_linear,1982,-49,1982,-39.410661283189654,-21.912911348496113,-33.43455111621407,5.9761101669755945,-39.410661283189654,-48.57325358718243
Vlissingen,broken_linear,1983,-22,1983,-37.095750801718694,-26.190608762194714,-27.280429191788812,9.815321609929882,-37.095750801718694,-45.42538016898486
Vlissingen,broken_linear,1984,-61,1984,-34.780840320247734,-35.33991628667032,-22.234214722535295,12.546625597712442,-34.780840320247734,-42.27750675078728
Vlissingen,broken_linear,1985,-54,1985,-32.465929838776766,-28.157698663290613,-18.60420448879975,13.861725349977016,-32.465929838776766,-39.12963333258969
Vlissingen,broken_linear,1986,-71,1986,-30.151019357305806,-49.54466768411251,-16.538840780884176,13.612178576421627,-30.151019357305806,-35.981759914392114
Vlissingen,broken_linear,1987,-72,1987,-27.836108875834846,-31.6275870663043,-16.00995592972754,11.826152946107305,-27.836108875834846,-32.833886496194545
Vlissingen,broken_linear,1988,-10,1988,-25.52119839436388,-13.450387458036516,-16.815951741242,8.705246653121876,-25.52119839436388,-29.68601307799696
Vlissingen,broken_linear,1989,-43,1989,-23.20628791289292,-26.06507324438651,-18.604554954672395,4.601732958220517,-23.20628791289292,-26.538139659799384
Vlissingen,broken_linear,1990,-27,1990,-20.891377431421958,-41.61644154000292,-20.91258019559542,-0.021202764173464672,-20.891377431421958,-23.390266241601807
Vlissingen,broken_linear,1991,-102,1991,-18.57646694995099,-61.42289503671526,-23.218212167970385,-4.641745218019397,-18.57646694995099,-20.242392823404224
Vlissingen,broken_linear,1992,-63,1992,-16.26155646848003,-42.584533857490015,-24.999905716682406,-8.738349248202379,-16.26155646848003,-17.094519405206647
Vlissingen,broken_linear,1993,-57,1993,-13.94664598700907,-32.05845448071531,-25.795255397845246,-11.848609410836174,-13.94664598700907,-13.94664598700907
Vlissingen,broken_linear,1994,-26,1994,-10.798772568811486,-25.938993085482416,-24.420226699225267,-13.621454130413781,-11.631735505538103,-10.798772568811486
Vlissingen,broken_linear,1995,-16,1995,-7.650899150613911,-4.530876792331711,-21.507672162827596,-13.856773012213683,-9.316825024067143,-7.650899150613911
Vlissingen,broken_linear,1996,-101,1996,-4.503025732416335,-33.845694851315216,-17.031030097263,-12.528004364846664,-7.001914542596182,-4.503025732416335
Vlissingen,broken_linear,1997,-67,1997,-1.355152314218758,-18.354794982194726,-11.140285673585602,-9.785133359366844,-4.687004061125222,-1.355152314218758
Vlissingen,broken_linear,1998,1,1998,1.7927211039788187,-8.838235633427615,-4.145041302833168,-5.937762406811987,-2.372093579654262,1.7927211039788187
Vlissingen,broken_linear,1999,-4,1999,4.940594522176409,-9.459425405208414,3.520429831644506,-1.4201646905319034,-0.057183098183287484,4.940594522176409
Vlissingen,broken_linear,2000,-10,2000,8.088467940373985,-5.418747178528314,11.346202493748109,3.2577345533741253,2.2577273832876728,8.088467940373985
Vlissingen,broken_linear,2001,9,2001,11.236341358571561,14.32836989698339,18.80425736298772,7.567916004416158,4.572637864758633,11.236341358571561
Vlissingen,broken_linear,2002,-8,2002,14.384214776769138,23.317877936435387,25.40808137819974,11.023866601430601,6.887548346229593,14.384214776769138
Vlissingen,broken_linear,2003,-18,2003,17.532088194966715,26.92343558712036,30.76758304943602,13.235494854469305,9.202458827700553,17.532088194966715
Vlissingen,broken_linear,2004,14,2004,20.679961613164288,24.316100706717585,34.63312415525195,13.953162542087657,11.517369309171514,20.679961613164288
Vlissingen,broken_linear,2005,27,2005,23.827835031361865,46.89735869928479,36.9236977339761,13.095862702614234,13.832279790642474,23.827835031361865
Vlissingen,broken_linear,2006,1,2006,26.975708449559455,21.473042237805284,37.736071769503106,10.76036331994365,16.14719027211345,26.975708449559455
Vlissingen,broken_linear,2007,46,2007,30.123581867757032,41.04134926410669,37.33386647525435,7.210284607497318,18.46210075358441,30.123581867757032
Vlissingen,broken_linear,2008,19,2008,33.27145528595461,25.633181029121985,36.11779808124996,2.8463427952953504,20.77701123505537,33.27145528595461
Vlissingen,broken_linear,2009,1,2009,36.419328704152186,23.10256242191489,34.58044786600685,-1.8388808381453359,23.09192171652633,36.419328704152186
Vlissingen,broken_linear,2010,3,2010,39.56720212234976,26.906517192051886,33.25066189274358,-6.3165402296061846,25.40683219799729,39.56720212234976
Vlissingen,broken_linear,2011,7,2011,42.71507554054734,24.159553843284787,32.63385734682276,-10.081218193724583,27.72174267946825,42.71507554054734
Vlissingen,broken_linear,2012,0,2012,45.86294895874493,20.286838934859688,33.15497341501007,-12.70797554373486,30.036653160939224,45.86294895874493
Vlissingen,broken_linear,2013,-14,2013,49.01082237694251,21.68943956657239,35.11050614365608,-13.900316233286421,32.351563642410184,49.01082237694251
Vlissingen,broken_linear,2014,24,2014,52.158695795140076,44.60611377013409,38.635041355982544,-13.523654439157532,34.666474123881144,52.158695795140076
Vlissingen,broken_linear,2015,27,2015,55.30656921333765,41.550600073421684,43.686063235760756,-11.620505977576896,36.981384605352105,55.30656921333765
Vlissingen,broken_linear,2016,30,2016,58.45444263153523,65.4682772586302,50.048753313186225,-8.40568931834901,39.296295086823065,58.45444263153523
Vlissingen,broken_linear,2017,46,2017,61.602316049732806,51.98362365424359,57.36023816593875,-4.242077883794054,41.611205568294025,61.602316049732806
Vlissingen,broken_linear,2018,1,2018,64.7501894679304,49.22810512547651,65.15054886868887,0.4003594007584841,43.926116049765,64.7501894679304
Vlissingen,broken_linear,2019,51,2019,67.89806288612797,64.03959210246279,72.8956688805502,4.997605994422232,46.24102653123596,67.89806288612797
Vlissingen,broken_linear,2020,58,2020,71.04593630432555,76.01179482966849,80.0766825738137,9.03074626948815,48.55593701270692,71.04593630432555
Vlissingen,broken_linear,2021,46,2021,74.19380972252313,76.33369933917518,86.23834799553323,12.04453827301011,50.87084749417788,74.19380972252313
Vlissingen,broken_linear,2022,60,2022,77.3416831407207,89.92853875875778,91.04048244342621,13.698799302705506,53.18575797564884,77.3416831407207
Vlissingen,broken_linear,2023,116,2023,80.48955655891828,111.85453720614409,94.2963606933547,13.80680413443642,55.5006684571198,80.48955655891828
Vlissingen,broken_linear,2024,129,2024,83.63742997711586,128.8910880822703,95.99379166661295,12.356361689497092,57.81557893859076,83.63742997711586
Vlissingen,broken_linear,2025,83,2025,86.78530339531345,122.0223700414233,96.29649450169764,9.511191106384187,60.130489420061735,86.78530339531345
Vlissingen,broken_squared,1891,-280,1891,-251.3886396352228,-280,-238.25902810492843,13.129611530294364,-251.3886396352228,-231.95368496087977
Vlissingen,broken_squared,1892,-279,1892,-249.04783627042417,-279,-234.7213616536925,14.326474616731677,-249.04783627042417,-230.17213149954364
Vlissingen,broken_squared,1893,-253,1893,-246.7070329056255,-253,-232.80080044515665,13.906232460468852,-246.7070329056255,-228.38241380604015
Vlissingen,broken_squared,1894,-204,1894,-244.36622954082688,-204,-232.44990951626994,11.916320024556937,-244.36622954082688,-226.58453188036935
Vlissingen,broken_squared,1895,-220,1895,-242.02542617602822,-220,-233.44407688685476,8.581349289173474,-242.02542617602822,-224.7784857225312
Vlissingen,broken_squared,1896,-240,1896,-239.6846228112296,-240,-235.40686670617214,4.277756105057457,-239.6846228112296,-222.96427533252574
Vlissingen,broken_squared,1897,-261,1897,-237.34381944643096,-261,-237.85250956572054,-0.5086901192895912,-237.34381944643096,-221.14190071035293
Vlissingen,broken_squared,1898,-229,1898,-235.0030160816323,-229,-240.24073387110118,-5.237717789468892,-235.0030160816323,-219.31136185601275
Vlissingen,broken_squared,1899,-221,1899,-232.66221271683366,-221,-242.03774916493327,-9.37553644809961,-232.66221271683366,-217.47265876950527
Vlissingen,broken_squared,1900,-275,1900,-230.321409352035,-275,-242.77649788942793,-12.455088537392927,-230.321409352035,-215.62579145083043
Vlissingen,broken_squared,1901,-308,1901,-227.98060598723637,-308,-242.10937465233133,-14.128768665094963,-227.98060598723637,-213.7707598999883
Vlissingen,broken_squared,1902,-323,1902,-225.63980262243774,-323,-239.84746229282644,-14.207659670388704,-225.63980262243774,-211.90756411697882
Vlissingen,broken_squared,1903,-178,1903,-223.29899925763908,-178,-235.9818559643494,-12.682856706710307,-223.29899925763908,-210.03620410180196
Vlissingen,broken_squared,1904,-191,1904,-220.95819589284045,-191,-230.68466827189306,-9.726472379052616,-220.95819589284045,-208.15667985445782
Vlissingen,broken_squared,1905,-220,1905,-218.6173925280418,-220,-224.2896020086141,-5.672209480572306,-218.6173925280418,-206.2689913749463
Vlissingen,broken_squared,1906,-212,1906,-216.27658916324316,-212,-217.25428335009383,-0.9776941868506484,-216.27658916324316,-204.37313866326747
Vlissingen,broken_squared,1907,-202,1907,-213.93578579844453,-202,-210.10860715857183,3.827178639872682,-213.93578579844453,-202.4691217194213
Vlissingen,broken_squared,1908,-204,1908,-211.59498243364587,-204,-203.39492493687544,8.200057496770427,-211.59498243364587,-200.55694054340776
Vlissingen,broken_squared,1909,-178,1909,-209.25417906884724,-178,-197.60682673519918,11.647352333648058,-209.25417906884724,-198.63659513522694
Vlissingen,broken_squared,1910,-171,1910,-206.91337570404858,-171,-193.13342702189493,13.779948682153636,-206.91337570404858,-196.70808549487873
Vlissingen,broken_squared,1911,-209,1911,-204.57257233924994,-209,-190.2154432677985,14.35712907145146,-204.57257233924994,-194.77141162236325
Vlissingen,broken_squared,1912,-154,1912,-202.2317689744513,-154,-188.91802488743687,13.313744087014442,-202.2317689744513,-192.8265735176804
Vlissingen,broken_squared,1913,-160,1913,-199.89096560965265,-160,-189.12339947876242,10.767566130890238,-199.89096560965265,-190.8735711808302
Vlissingen,broken_squared,1914,-184,1914,-197.55016224485402,-184,-190.54416641937166,7.005995825482348,-197.55016224485402,-188.91240461181266
Vlissingen,broken_squared,1915,-213,1915,-195.20935888005536,-213,-192.75573730043465,2.453621579620716,-195.20935888005536,-186.9430738106278
Vlissingen,broken_squared,1916,-168,1916,-192.86855551525673,-168,-195.2442614743457,-2.3757059590889886,-192.86855551525673,-184.9655787772756
Vlissingen,broken_squared,1917,-182,1917,-190.52775215045807,-182,-197.4646271051166,-6.936874954658519,-190.52775215045807,-182.97991951175607
Vlissingen,broken_squared,1918,-221,1918,-188.18694878565944,-221,-198.9019908350547,-10.715042049395272,-188.18694878565944,-180.9860960140692
Vlissingen,broken_squared,1919,-248,1919,-185.8461454208608,-248,-199.12989088761384,-13.283745466753036,-185.8461454208608,-178.984108284215
Vlissingen,broken_squared,1920,-271,1920,-183.50534205606215,-271,-197.85838407200362,-14.353042015941487,-183.50534205606215,-176.97395632219346
Vlissingen,broken_squared,1921,-203,1921,-181.16453869126352,-203,-194.96677321031035,-13.80223451904682,-181.16453869126352,-174.95564012800457
Vlissingen,broken_squared,1922,-192,1922,-178.82373532646488,-192,-190.51723086869382,-11.693495542228938,-178.82373532646488,-172.9291597016484
Vlissingen,broken_squared,1923,-171,1923,-176.48293196166622,-171,-184.7477816097995,-8.264849648133257,-176.48293196166622,-170.8945150431248
Vlissingen,broken_squared,1924,-189,1924,-174.14212859686756,-189,-178.04543489680879,-3.9033062999412333,-174.14212859686756,-168.85170615243393
Vlissingen,broken_squared,1925,-152,1925,-171.80132523206896,-152,-170.90250128087365,0.8988239511953093,-171.80132523206896,-166.80073302957575
Vlissingen,broken_squared,1926,-167,1926,-169.4605218672703,-167,-163.8610226957556,5.599499171514697,-169.4605218672703,-164.74159567455018
Vlissingen,broken_squared,1927,-155,1927,-167.11971850247164,-155,-157.4515893073098,9.66812919516182,-167.11971850247164,-162.67429408735725
Vlissingen,broken_squared,1928,-152,1928,-164.778915137673,-152,-152.13344898480358,12.645466152869414,-164.778915137673,-160.59882826799705
Vlissingen,broken_squared,1929,-203,1929,-162.43811177287438,-203,-148.24266955597528,14.195442216899101,-162.43811177287438,-158.51519821646949
Vlissingen,broken_squared,1930,-133,1930,-160.09730840807572,-133,-145.95420504728682,14.143103360788913,-160.09730840807572,-156.4234039327746
Vlissingen,broken_squared,1931,-133,1931,-157.7565050432771,-133,-145.262147694206,12.494357349071091,-157.7565050432771,-154.32344541691236
Vlissingen,broken_squared,1932,-152,1932,-155.41570167847846,-152,-145.98039478195076,9.435306896527694,-155.41570167847846,-152.2153226688828
Vlissingen,broken_squared,1933,-166,1933,-153.0748983136798,-166,-147.763655046841,5.311243266838811,-153.0748983136798,-150.09903568868586
Vlissingen,broken_squared,1934,-162,1934,-150.73409494888114,-162,-150.14642353422374,0.5876714146574002,-150.73409494888114,-147.9745844763216
Vlissingen,broken_squared,1935,-134,1935,-148.3932915840825,-134,-152.59552561385797,-4.202234029775466,-148.3932915840825,-145.84196903179006
Vlissingen,broken_squared,1936,-111,1936,-146.05248821928387,-111,-154.5702992308105,-8.517811011526632,-146.05248821928387,-143.70118935509115
Vlissingen,broken_squared,1937,-111,1937,-143.7116848544852,-111,-155.58362230172415,-11.871937447238954,-143.7116848544852,-141.55224544622487
Vlissingen,broken_squared,1938,-136,1938,-141.37088148968658,-136,-155.256896770275,-13.886015280588413,-141.37088148968658,-139.3951373051913
Vlissingen,broken_squared,1939,-134,1939,-139.03007812488795,-134,-153.36278297959362,-14.33270485470566,-139.03007812488795,-137.2298649319904
Vlissingen,broken_squared,1940,-135,1940,-136.6892747600893,-135,-149.85086070617848,-13.161585946089172,-136.6892747600893,-135.05642832662213
Vlissingen,broken_squared,1941,-161,1941,-134.34847139529066,-161,-144.8533203581805,-10.504848962889831,-134.34847139529066,-132.87482748908653
Vlissingen,broken_squared,1942,-149,1942,-132.00766803049203,-149,-138.67004194229642,-6.6623739118044085,-132.00766803049203,-130.68506241938363
Vlissingen,broken_squared,1943,-116,1943,-129.66686466569337,-116,-131.7347460154872,-2.067881349793817,-129.66686466569337,-128.48713311751334
Vlissingen,broken_squared,1944,-128,1944,-127.32606130089472,-128,-124.5660373432892,2.76002395760551,-127.32606130089472,-126.28103958347573
Vlissingen,broken_squared,1945,-110,1945,-124.98525793609608,-110,-117.7088672268926,7.276390709203472,-124.98525793609608,-124.0667818172708
Vlissingen,broken_squared,1946,-104,1946,-122.64445457129744,-104,-111.67302195687836,10.971432614419088,-122.64445457129744,-121.84435981889852
Vlissingen,broken_squared,1947,-136,1947,-120.30365120649878,-136,-106.87558052837771,13.428070678121067,-120.30365120649878,-119.61377358835891
Vlissingen,broken_squared,1948,-119,1948,-117.96284784170015,-119,-103.59383672081013,14.369011120890029,-117.96284784170015,-117.37502312565196
Vlissingen,broken_squared,1949,-106,1949,-115.62204447690151,-106,-101.93399947697387,13.68804499992764,-115.62204447690151,-115.12810843077769
Vlissingen,broken_squared,1950,-84,1950,-113.28124111210286,-80.20832551394122,-101.81920453585786,11.462036576245008,-113.28124111210286,-112.87302950373606
Vlissingen,broken_squared,1951,-82,1951,-110.94043774730423,-67.039942207104815,-102.99819050981912,7.942247237485104,-110.94043774730423,-110.60978634452712
Vlissingen,broken_squared,1952,-54,1952,-108.59963438250557,-51.47762396208641,-105.073660091238,3.5259742912675685,-108.59963438250557,-108.33837895315082
Vlissingen,broken_squared,1953,-104,1953,-106.25883101770694,-56.80315373555966,-107.54712510869918,-1.2882940909922267,-106.25883101770694,-106.0588073296072
Vlissingen,broken_squared,1954,-85,1954,-103.9180276529083,-83.4093682053527,-109.87517353314519,-5.957145880236884,-103.9180276529083,-103.77107147389624
Vlissingen,broken_squared,1955,-86,1955,-101.57722428810965,-81.23971281214332,-111.53080727832253,-9.95358299021286,-101.57722428810965,-101.47517138601795
Vlissingen,broken_squared,1956,-148,1956,-99.23642092331102,-120.79051583000401,-112.06292727236908,-12.82650634905806,-99.23642092331102,-99.17110706597232
Vlissingen,broken_squared,1957,-112,1957,-96.89561755851236,-93.77587408644801,-111.1472514047342,-14.251633846221825,-96.89561755851236,-96.85887851375935
Vlissingen,broken_squared,1958,-85,1958,-94.55481419371372,-79.03725110915181,-108.6229179694621,-14.068103775748376,-94.55481419371372,-94.53848572937905
Vlissingen,broken_squared,1959,-98,1959,-92.21401082891508,-47.99330319944826,-104.51064297988441,-12.296632150969355,-92.21401082891508,-92.20992871283141
Vlissingen,broken_squared,1960,-83,1960,-89.87320746411643,-71.42244170575262,-99.0103818422237,-9.13717437810726,-89.87320746411643,-89.87320746411643
Vlissingen,broken_squared,1961,-41,1961,-87.52832198323412,-42.20884983885482,-92.47467721133727,-4.94635522810314,-87.53240409931779,-87.52832198323412
Vlissingen,broken_squared,1962,-70,1962,-85.17527227018446,-55.29928984473531,-85.37248697574701,-0.1972147055625415,-85.19160073451914,-85.17527227018446
Vlissingen,broken_squared,1963,-143,1963,-82.8140583249675,-104.49141904906566,-78.23987183724981,4.5741864877176965,-82.85079736972051,-82.8140583249675
Vlissingen,broken_squared,1964,-115,1964,-80.44468014758317,-70.3782577978036,-71.61540517772059,8.829274969862588,-80.50999400492186,-80.44468014758317
Vlissingen,broken_squared,1965,-75,1965,-78.06713773803152,-84.7322157795493,-65.97938142246016,12.087756315571356,-78.16919064012322,-78.06713773803152
Vlissingen,broken_squared,1966,-42,1966,-75.68143109631252,-47.24504433573222,-61.69960265874771,13.981828437564813,-75.82838727532457,-75.68143109631252
Vlissingen,broken_squared,1967,-47,1967,-73.2875602224262,-57.981623101937714,-58.98986286175636,14.297697360669844,-73.48758391052593,-73.2875602224262
Vlissingen,broken_squared,1968,-78,1968,-70.88552511637255,-61.19794554395331,-57.88581583364079,12.99970928273175,-71.1467805457273,-70.88552511637255
Vlissingen,broken_squared,1969,-73,1969,-68.47532577815154,-49.32415571564791,-58.24095076961833,10.234375008533219,-68.80597718092865,-68.47532577815154
Vlissingen,broken_squared,1970,-58,1970,-66.0569622077632,-58.743039635778416,-59.74312971026367,6.313832497499529,-66.46517381613,-66.0569622077632
Vlissingen,broken_squared,1971,-115,1971,-63.63043440520754,-81.58072434948431,-61.94982020998714,1.680614195220402,-64.12437045133136,-63.63043440520754
Vlissingen,broken_squared,1972,-131,1972,-61.19574237048454,-80.78028327037994,-64.33804632337088,-3.1423039528863335,-61.78356708653272,-61.19574237048454
Vlissingen,broken_squared,1973,-79,1973,-58.75288610359419,-72.9157405620252,-66.36341967636864,-7.610533572774462,-59.442763721734075,-58.75288610359419
Vlissingen,broken_squared,1974,-62,1974,-56.30186560453652,-79.70885551535521,-67.5215874719937,-11.219721867457176,-57.101960356935436,-56.30186560453652
Vlissingen,broken_squared,1975,-99,1975,-53.84268087331151,-66.06610362513331,-67.4051614678931,-13.562480594581602,-54.76115699213679,-53.84268087331151
Vlissingen,broken_squared,1976,-115,1976,-51.375331909919154,-74.40979843868692,-65.74970204990042,-14.374370139981266,-52.420353627338145,-51.375331909919154
Vlissingen,broken_squared,1977,-78,1977,-48.89981871435947,-79.49730428876892,-62.46356693507563,-13.563748220716167,-50.0795502625395,-48.89981871435947
Vlissingen,broken_squared,1978,-95,1978,-46.41614128663245,-82.99473480840362,-57.638255322667696,-11.222114036035247,-47.73874689774086,-46.41614128663245
Vlissingen,broken_squared,1979,-69,1979,-43.9242996267381,-52.179099111509814,-51.5380798937678,-7.613780267029705,-45.39794353294222,-43.9242996267381
Vlissingen,broken_squared,1980,-53,1980,-41.424293734676404,-31.49615992442991,-44.570332435879344,-3.1460387012029383,-43.057140168143576,-41.424293734676404
Vlissingen,broken_squared,1981,-18,1981,-38.91612361044737,-22.984148110139913,-37.23931065673638,1.6768129537109928,-40.71633680334493,-38.91612361044737
Vlissingen,broken_squared,1982,-49,1982,-36.399789254051,-21.912911348496113,-30.08939542494544,6.310393829105554,-38.375533438546285,-36.399789254051
Vlissingen,broken_squared,1983,-22,1983,-33.875290665487306,-26.190608762194714,-23.643603611476685,10.231687054010617,-36.034730073747646,-33.875290665487306
Vlissingen,broken_squared,1984,-61,1984,-31.342627844756272,-35.33991628667032,-18.34455239897967,12.998075445776607,-33.693926708949,-31.342627844756272
Vlissingen,broken_squared,1985,-54,1985,-28.801800791857904,-28.157698663290613,-14.50449873072532,14.297302061132582,-31.35312334415036,-28.801800791857904
Vlissingen,broken_squared,1986,-71,1986,-26.252809506792193,-49.54466768411251,-12.270093211789519,13.982716295002671,-29.012319979351716,-26.252809506792193
Vlissingen,broken_squared,1987,-72,1987,-23.695653989559148,-31.6275870663043,-11.605826876757064,12.08982711280209,-26.67151661455307,-23.695653989559148
Vlissingen,broken_squared,1988,-10,1988,-21.13033424015877,-13.450387458036516,-12.298039275148914,8.832294965009856,-24.33071324975443,-21.13033424015877
Vlissingen,broken_squared,1989,-43,1989,-18.556850258591055,-26.06507324438651,-13.979035460693616,4.577814797897441,-21.989909884955786,-18.556850258591055
Vlissingen,broken_squared,1990,-27,1990,-15.975202044856006,-41.61644154000292,-16.168589671837353,-0.19338762698134548,-19.649106520157147,-15.975202044856006
Vlissingen,broken_squared,1991,-102,1991,-13.385389598953617,-61.42289503671526,-18.32815096274979,-4.942761363796172,-17.3083031553585,-13.385389598953617
Vlissingen,broken_squared,1992,-63,1992,-10.787412920883892,-42.584533857490015,-19.921632307500893,-9.134219386617001,-14.967499790559856,-10.787412920883892
Vlissingen,broken_squared,1993,-57,1993,-8.181272010646836,-32.05845448071531,-20.475921588518887,-12.29464957787205,-12.626696425761217,-8.181272010646836
Vlissingen,broken_squared,1994,-26,1994,-5.5669668682424405,-25.938993085482416,-19.63428427283651,-14.06731740459407,-10.285893060962572,-5.5669668682424405
Vlissingen,broken_squared,1995,-16,1995,-2.944497493670707,-4.530876792331711,-17.1966299325679,-14.252132438897195,-7.945089696163926,-2.944497493670707
Vlissingen,broken_squared,1996,-101,1996,-0.3138638869316459,-33.845694851315216,-13.142097513692676,-12.828233626761032,-5.604286331365287,-0.3138638869316459
Vlissingen,broken_squared,1997,-67,1997,2.32493395197476,-18.354794982194726,-7.631410033965018,-9.956343985939778,-3.2634829665666416,2.32493395197476
Vlissingen,broken_squared,1998,1,1998,4.971896023048501,-8.838235633427615,-0.9887329226946928,-5.960628945743194,-0.9226796017679959,4.971896023048501
Vlissingen,broken_squared,1999,-4,1999,7.627022326289578,-9.459425405208414,6.334916252105373,-1.292106074184205,1.4181237630306498,7.627022326289578
Vlissingen,broken_squared,2000,-10,2000,10.290312861697975,-5.418747178528314,13.81257653086684,3.522263669168865,3.7589271278292813,10.290312861697975
Vlissingen,broken_squared,2001,9,2001,12.961767629273723,14.32836989698339,20.900824443367668,7.939056814093944,6.099730492627927,12.961767629273723
Vlissingen,broken_squared,2002,-8,2002,15.641386629016807,23.317877936435387,27.10111310060288,11.459726471586073,8.440533857426573,15.641386629016807
Vlissingen,broken_squared,2003,-18,2003,18.329169860927227,26.92343558712036,32.01604582870429,13.68687596777706,10.781337222225218,18.329169860927227
Vlissingen,broken_squared,2004,14,2004,21.025117325004985,24.316100706717585,35.39423244111749,14.369115116112503,13.122140587023864,21.025117325004985
Vlissingen,broken_squared,2005,27,2005,23.729229021250063,46.89735869928479,37.158664983473834,13.429435962223769,15.462943951822496,23.729229021250063
Vlissingen,broken_squared,2006,1,2006,26.441504949662487,21.473042237805284,37.41541003020017,10.973905080537685,17.80374731662114,26.441504949662487
Vlissingen,broken_squared,2007,46,2007,29.161945110242254,41.04134926410669,36.44163638720419,7.279691276961937,20.144550681419787,29.161945110242254
Vlissingen,broken_squared,2008,19,2008,31.89054950298935,25.633181029121985,34.65432957738913,2.76378007439978,22.485354046218433,31.89054950298935
Vlissingen,broken_squared,2009,1,2009,34.62731812790379,23.10256242191489,32.56322447109795,-2.0640936568058406,24.82615741101708,34.62731812790379
Vlissingen,broken_squared,2010,3,2010,37.37225098498554,26.906517192051886,30.713268805348108,-6.658982179637433,27.16696077581571,37.37225098498554
Vlissingen,broken_squared,2011,7,2011,40.12534807423465,24.159553843284787,29.623112039876,-10.502236034358658,29.507764140614356,40.12534807423465
Vlissingen,broken_squared,2012,0,2012,42.88660939565109,20.286838934859688,29.7265626393431,-13.160046756307992,31.848567505413,42.88660939565109
Vlissingen,broken_squared,2013,-14,2013,45.65603494923487,21.68943956657239,31.323621809038954,-14.332413140195913,34.18937087021165,45.65603494923487
Vlissingen,broken_squared,2014,24,2014,48.43362473498599,44.60611377013409,34.546620766270586,-13.887003968715405,36.53017423501029,48.43362473498599
Vlissingen,broken_squared,2015,27,2015,51.21937875290444,41.550600073421684,39.34528381337917,-11.874094939525273,38.87097759980894,51.21937875290444
Vlissingen,broken_squared,2016,30,2016,54.013297002990214,65.4682772586302,45.4924032226254,-8.520893780364815,41.21178096460757,54.013297002990214
Vlissingen,broken_squared,2017,46,2017,56.815379485243334,51.98362365424359,52.60948537856163,-4.205894106681697,43.552584329406216,56.815379485243334
Vlissingen,broken_squared,2018,1,2018,59.62562619966379,49.22810512547651,60.209473361656975,0.5838471619931855,45.89338769420486,59.62562619966379
Vlissingen,broken_squared,2019,51,2019,62.44403714625159,64.03959210246279,67.7517236483676,5.307686502116007,48.23419105900351,62.44403714625159
Vlissingen,broken_squared,2020,58,2020,65.27061232500671,76.01179482966849,74.70303141566853,9.432419090661828,50.57499442380215,65.27061232500671
Vlissingen,broken_squared,2021,46,2021,68.10535173592916,76.33369933917518,80.59781619996946,12.492464464040289,52.915797788600784,68.10535173592916
Vlissingen,broken_squared,2022,60,2022,70.94825537901897,89.92853875875778,85.09067443559404,14.142419056575068,55.25660115339943,70.94825537901897
Vlissingen,broken_squared,2023,116,2023,73.7993232542761,111.85453720614409,87.99536698882757,14.196043734551472,57.597404518198076,73.7993232542761
Vlissingen,broken_squared,2024,129,2024,76.65855536170058,128.8910880822703,89.30584095759798,12.647285595897408,59.93820788299672,76.65855536170058
Vlissingen,broken_squared,2025,83,2025,79.52595170129237,122.0223700414233,89.19691289466459,9.670961193372236,62.27901124779535,79.52595170129237
Hoek van Holland,linear,1891,-213,1891,-200.0323484286907,-213,-190.28093764610043,9.751410782590295,-200.0323484286907,-200.0323484286907
Hoek van Holland,linear,1892,-182,1892,-197.47437121386685,-182,-187.76495699289066,9.709414220976194,-197.47437121386685,-197.47437121386685
Hoek van Holland,linear,1893,-190,1893,-194.91639399904298,-190,-186.34492946564745,8.571464533395526,-194.91639399904298,-194.91639399904298
Hoek van Holland,linear,1894,-201,1894,-192.35841678421912,-201,-185.8924086422785,6.466008141940614,-192.35841678421912,-192.35841678421912
Hoek van Holland,linear,1895,-200,1895,-189.80043956939525,-200,-186.16974048297405,3.6306990864212207,-189.80043956939525,-189.80043956939525
Hoek van Holland,linear,1896,-234,1896,-187.2424623545714,-234,-186.85688860327693,0.38557375129446325,-187.2424623545714,-187.2424623545714
Hoek van Holland,linear,1897,-226,1897,-184.68448513974752,-226,-187.58755847972338,-2.9030733399758555,-184.68448513974752,-184.68448513974752
Hoek van Holland,linear,1898,-185,1898,-182.12650792492366,-185,-187.99054305719645,-5.864035132272782,-182.12650792492366,-182.12650792492366
Hoek van Holland,linear,1899,-157,1899,-179.5685307100998,-157,-187.73162285980598,-8.16309214970617,-179.5685307100998,-179.5685307100998
Hoek van Holland,linear,1900,-190,1900,-177.01055349527593,-190,-186.5512911173507,-9.54073762207478,-177.01055349527593,-177.01055349527593
Hoek van Holland,linear,1901,-195,1901,-174.45257628045206,-195,-184.29404567207393,-9.841469391621844,-174.45257628045206,-174.45257628045206
Hoek van Holland,linear,1902,-196,1902,-171.8945990656282,-196,-180.92594133269918,-9.03134226707099,-171.8945990656282,-171.8945990656282
Hoek van Holland,linear,1903,-106,1903,-169.33662185080433,-106,-176.53842144836943,-7.201799597565098,-169.33662185080433,-169.33662185080433
Hoek van Holland,linear,1904,-149,1904,-166.77864463598047,-149,-171.3379962123981,-4.5593515764176615,-166.77864463598047,-166.77864463598047
Hoek van Holland,linear,1905,-166,1905,-164.2206674211566,-166,-165.6229327604817,-1.4022653393250906,-164.2206674211566,-164.2206674211566
Hoek van Holland,linear,1906,-145,1906,-161.66269020633274,-145,-159.74958817572949,1.9131020306032565,-161.66269020633274,-161.66269020633274
Hoek van Holland,linear,1907,-171,1907,-159.10471299150888,-171,-154.09218557295628,5.012527418552611,-159.10471299150888,-159.10471299150888
Hoek van Holland,linear,1908,-174,1908,-156.546735776685,-174,-149.00057354913346,7.546162227551537,-156.546735776685,-156.546735776685
Hoek van Holland,linear,1909,-118,1909,-153.98875856186115,-118,-144.76073691506275,9.228021646798403,-153.98875856186115,-153.98875856186115
Hoek van Holland,linear,1910,-123,1910,-151.43078134703728,-123,-141.56251607161784,9.868265275419436,-151.43078134703728,-151.43078134703728
Hoek van Holland,linear,1911,-145,1911,-148.87280413221342,-145,-139.4781787159222,9.39462541629121,-148.87280413221342,-148.87280413221342
Hoek van Holland,linear,1912,-84,1912,-146.31482691738955,-84,-138.45426260273837,7.860564314651187,-146.31482691738955,-146.31482691738955
Hoek van Holland,linear,1913,-105,1913,-143.7568497025657,-105,-138.31761011189457,5.4392395906711,-143.7568497025657,-143.7568497025657
Hoek van Holland,linear,1914,-87,1914,-141.19887248774182,-87,-138.79491346808825,2.403959019653566,-141.19887248774182,-141.19887248774182
Hoek van Holland,linear,1915,-116,1915,-138.64089527291796,-116,-139.54356444035054,-0.9026691674325744,-138.64089527291796,-138.64089527291796
Hoek van Holland,linear,1916,-74,1916,-136.0829180580941,-74,-140.19032635182649,-4.107408293732381,-136.0829180580941,-136.0829180580941
Hoek van Holland,linear,1917,-163,1917,-133.52494084327023,-163,-140.37346328483437,-6.848522441564152,-133.52494084327023,-133.52494084327023
Hoek van Holland,linear,1918,-152,1918,-130.96696362844636,-152,-139.7835711341856,-8.81660750573924,-130.96696362844636,-130.96696362844636
Hoek van Holland,linear,1919,-155,1919,-128.4089864136225,-155,-138.1985016910221,-9.789515277399595,-128.4089864136225,-128.4089864136225
Hoek van Holland,linear,1920,-127,1920,-125.85100919879864,-127,-135.50843769043357,-9.65742849163494,-125.85100919879864,-125.85100919879864
Hoek van Holland,linear,1921,-131,1921,-123.29303198397477,-131,-131.72828846911773,-8.435256485142961,-123.29303198397477,-123.29303198397477
Hoek van Holland,linear,1922,-95,1922,-120.7350547691509,-95,-126.99600706940022,-6.260952300249318,-120.7350547691509,-120.7350547691509
Hoek van Holland,linear,1923,-95,1923,-118.17707755432706,-95,-121.55701874701774,-3.3799411926906844,-118.17707755432706,-118.17707755432706
Hoek van Holland,linear,1924,-132,1924,-115.61910033950319,-132,-115.73651851965235,-0.11741818014915117,-115.61910033950319,-115.61910033950319
Hoek van Holland,linear,1925,-67,1925,-113.06112312467933,-67,-109.90276467897405,3.158358445705284,-113.06112312467933,-113.06112312467933
Hoek van Holland,linear,1926,-95,1926,-110.50314590985546,-95,-104.42551152234476,6.077634387510695,-110.50314590985546,-110.50314590985546
Hoek van Holland,linear,1927,-93,1927,-107.9451686950316,-93,-99.63427322241866,8.310895472612943,-107.9451686950316,-107.9451686950316
Hoek van Holland,linear,1928,-85,1928,-105.38719148020773,-85,-95.78112981323413,9.606061666973613,-105.38719148020773,-105.38719148020773
Hoek van Holland,linear,1929,-140,1929,-102.82921426538387,-140,-93.01227357859437,9.816940686789488,-102.82921426538387,-102.82921426538387
Hoek van Holland,linear,1930,-67,1930,-100.27123705056,-67,-91.35150755292645,8.91972949763356,-100.27123705056,-100.27123705056
Hoek van Holland,linear,1931,-73,1931,-97.71325983573614,-73,-90.69755874642593,7.015701089310217,-97.71325983573614,-97.71325983573614
Hoek van Holland,linear,1932,-90,1932,-95.15528262091227,-90,-90.83550936502826,4.319773255884025,-95.15528262091227,-95.15528262091227
Hoek van Holland,linear,1933,-146,1933,-92.59730540608841,-146,-91.4610557227252,1.136249683363197,-92.59730540608841,-92.59730540608841
Hoek van Holland,linear,1934,-138,1934,-90.03932819126454,-138,-92.21485661401394,-2.175528422749399,-90.03932819126454,-90.03932819126454
Hoek van Holland,linear,1935,-78,1935,-87.48135097644068,-78,-92.72309406334028,-5.241743086899605,-87.48135097644068,-87.48135097644068
Hoek van Holland,linear,1936,-49,1936,-84.92337376161682,-49,-92.63966814442857,-7.716294382811758,-84.92337376161682,-84.92337376161682
Hoek van Holland,linear,1937,-55,1937,-82.36539654679295,-55,-91.68526311624672,-9.319866569453765,-82.36539654679295,-82.36539654679295
Hoek van Holland,linear,1938,-81,1938,-79.80741933196909,-81,-89.67887527345616,-9.871455941487074,-79.80741933196909,-79.80741933196909
Hoek van Holland,linear,1939,-73,1939,-77.24944211714522,-73,-86.55824379549951,-9.308801678354278,-77.24944211714522,-77.24944211714522
Hoek van Holland,linear,1940,-69,1940,-74.69146490232136,-69,-82.38687845593101,-7.695413553609648,-74.69146490232136,-74.69146490232136
Hoek van Holland,linear,1941,-105,1941,-72.13348768749749,-105,-77.34689093713118,-5.213403249633694,-72.13348768749749,-72.13348768749749
Hoek van Holland,linear,1942,-105,1942,-69.57551047267363,-105,-71.71843891796875,-2.142928445295121,-69.57551047267363,-69.57551047267363
Hoek van Holland,linear,1943,-59,1943,-67.01753325784976,-59,-65.84810318935762,1.169430068492155,-67.01753325784976,-67.01753325784976
Hoek van Holland,linear,1944,-44,1944,-64.4595560430259,-44,-60.10976724054723,4.349788802478665,-64.4595560430259,-64.4595560430259
Hoek van Holland,linear,1945,-57,1945,-61.90157882820204,-57,-54.86241504491445,7.03916378328759,-61.90157882820204,-61.90157882820204
Hoek van Holland,linear,1946,-52,1946,-59.343601613378176,-52,-50.40961063320648,8.933990980171691,-59.343601613378176,-59.343601613378176
Hoek van Holland,linear,1947,-101,1947,-56.78562439855432,-101,-46.96523320990771,9.820391188646616,-56.78562439855432,-56.78562439855432
Hoek van Holland,linear,1948,-42,1948,-54.227647183730454,-42,-44.62933547204247,9.59831171168798,-54.227647183730454,-54.227647183730454
Hoek van Holland,linear,1949,-54,1949,-51.66966996890659,-54,-43.37685013012798,8.292819838778616,-51.66966996890659,-51.66966996890659
Hoek van Holland,linear,1950,-45,1950,-49.111692754082725,-51.20254762224141,-43.060419386208906,6.051273367873816,-49.111692754082725,-49.111692754082725
Hoek van Holland,linear,1951,-56,1951,-46.55371553925886,-48.51116864098371,-43.42702799076795,3.126687548490919,-46.55371553925886,-46.55371553925886
Hoek van Holland,linear,1952,-45,1952,-43.995738324434996,-47.66657035797491,-44.14656241708112,-0.1508240926461204,-43.995738324434996,-43.995738324434996
Hoek van Holland,linear,1953,-74,1953,-41.43776110961113,-33.538433434884695,-44.84907252740109,-3.41131141778997,-41.43776110961113,-41.43776110961113
Hoek van Holland,linear,1954,-25,1954,-38.879783894787266,-34.11220843299921,-45.16652980890106,-6.2867459141137925,-38.879783894787266,-38.879783894787266
Hoek van Holland,linear,1955,-21,1955,-36.3218066799634,-20.81886047929531,-44.77436870561262,-8.452562025649225,-36.3218066799634,-36.3218066799634
Hoek van Holland,linear,1956,-83,1956,-33.76382946513954,-60.22544860458322,-43.42812205569838,-9.664292590558833,-33.76382946513954,-33.76382946513954
Hoek van Holland,linear,1957,-38,1957,-31.205852250315672,-26.873312921565912,-40.991015397772884,-9.785163147457212,-31.205852250315672,-31.205852250315672
Hoek van Holland,linear,1958,-38,1958,-28.647875035491808,-36.35712758973141,-37.44940543043246,-8.801530394940656,-28.647875035491808,-28.647875035491808
Hoek van Holland,linear,1959,-131,1959,-26.089897820667943,-83.26589890575477,-32.91432000411063,-6.824422183442685,-26.089897820667943,-26.089897820667943
Hoek van Holland,linear,1960,-80,1960,-23.53192060584408,-72.19879323959802,-27.608925818203545,-4.077005212359469,-23.53192060584408,-23.53192060584408
Hoek van Holland,linear,1961,4,1961,-20.973943391020214,-6.228279169913314,-21.84333841101909,-0.8693950199988754,-20.973943391020214,-20.973943391020214
Hoek van Holland,linear,1962,-55,1962,-18.41596617619635,-49.33432135356631,-15.979617772706327,2.436348403490022,-18.41596617619635,-18.41596617619635
Hoek van Holland,linear,1963,-120,1963,-15.857988961372486,-85.10818450056841,-10.390900712156267,5.467088249216219,-15.857988961372486,-15.857988961372486
Hoek van Holland,linear,1964,-107,1964,-13.300011746548622,-66.8539286746502,-5.41928292456948,7.880728821979144,-13.300011746548622,-13.300011746548622
Hoek van Holland,linear,1965,-3,1965,-10.742034531724759,-20.39834578882241,-1.3372048343089915,9.404829697415769,-10.742034531724759,-10.742034531724759
Hoek van Holland,linear,1966,27,1966,-8.184057316900894,15.12273796575419,1.6833002020593035,9.867357518960198,-8.184057316900894,-8.184057316900894
Hoek van Holland,linear,1967,31,1967,-5.6260801020770295,4.288341679792495,3.59002421396875,9.21610431604578,-5.6260801020770295,-5.6260801020770295
Hoek van Holland,linear,1968,-21,1968,-3.0681028872531657,-7.500174772611814,4.4564776076380745,7.524580494891239,-3.0681028872531657,-3.0681028872531657
Hoek van Holland,linear,1969,-37,1969,-0.5101256724293015,-14.067365434285112,4.473591656288292,4.983717328717593,-0.5101256724293015,-0.5101256724293015
Hoek van Holland,linear,1970,-18,1970,2.0478515423945627,-25.179548343321116,3.9281670737673444,1.8803155313727808,2.0478515423945627,2.0478515423945627
Hoek van Holland,linear,1971,-53,1971,4.605828757218427,-23.803338450733413,3.170501295484094,-1.4353274617343335,4.605828757218427,4.605828757218427
Hoek van Holland,linear,1972,-80,1972,7.163805972042291,-31.347977455874997,2.5748485473046543,-4.588957424737636,7.163805972042291,7.163805972042291
Hoek van Holland,linear,1973,4,1973,9.721783186866155,0.4145824433505898,2.4971757843341575,-7.224607402531998,9.721783186866155,9.721783186866155
Hoek van Holland,linear,1974,8,1974,12.27976040169002,-18.10823119973591,3.2349828110280505,-9.044777590661969,12.27976040169002,12.27976040169002
Hoek van Holland,linear,1975,-18,1975,14.837737616513884,9.485539980325587,4.993721898972677,-9.84401571754121,14.837737616513884,14.837737616513884
Hoek van Holland,linear,1976,-44,1976,17.39571483133775,-5.823486479789722,7.863607298339019,-9.53210753299873,17.39571483133775,17.39571483133775
Hoek van Holland,linear,1977,-3,1977,19.953692046161613,-12.273575532833412,11.809432276559697,-8.144259769601916,19.953692046161613,19.953692046161613
Hoek van Holland,linear,1978,-13,1978,22.511669260985478,-6.4286328371553125,16.67454308913029,-5.8371261718551875,22.511669260985478,22.511669260985478
Hoek van Holland,linear,1979,14,1979,25.069646475809343,24.977259108216188,22.19852131935471,-2.8711251564546343,25.069646475809343,25.069646475809343
Hoek van Holland,linear,1980,24,1980,27.627623690633207,40.54142344332969,28.04657868748013,0.41895499684692705,27.627623690633207,27.627623690633207
Hoek van Holland,linear,1981,72,1981,30.185600905457072,59.02251498986009,33.847346381070736,3.6617454756136616,30.185600905457072,30.185600905457072
Hoek van Holland,linear,1982,53,1982,32.74357812028093,69.79518803780529,39.23479342429472,6.491215304013794,32.74357812028093,32.74357812028093
Hoek van Holland,linear,1983,72,1983,35.301555335104794,55.669514700818986,43.889542537257725,8.587987202152924,35.301555335104794,35.301555335104794
Hoek van Holland,linear,1984,25,1984,37.85953254992866,45.84882306573398,47.57491994501252,9.715387395083859,37.85953254992866,37.85953254992866
Hoek van Holland,linear,1985,20,1985,40.41750976475252,39.50929388328478,50.16367000293037,9.746160238177843,40.41750976475252,40.41750976475252
Hoek van Holland,linear,1986,28,1986,42.97548697957639,41.51067766794229,51.65231921685228,8.676832237275889,42.97548697957639,42.97548697957639
Hoek van Holland,linear,1987,28,1987,45.53346419440025,64.849631281093,52.161568314813955,6.628104120413702,45.53346419440025,45.53346419440025
Hoek van Holland,linear,1988,87,1988,48.09144140922412,73.57001685595259,51.92266811512739,3.83122670590327,48.09144140922412,48.09144140922412
Hoek van Holland,linear,1989,53,1989,50.64941862404798,61.04378972547649,51.25131701891298,0.6018983948649947,50.64941862404798,50.64941862404798
Hoek van Holland,linear,1990,73,1990,53.20739583887185,43.12244663917518,50.512026455666515,-2.6953693832053327,53.20739583887185,53.20739583887185
Hoek van Holland,linear,1991,-14,1991,55.76537305369571,20.392623865202587,50.076976543187286,-5.688396510508423,55.76537305369571,55.76537305369571
Hoek van Holland,linear,1992,25,1992,58.323350268519576,35.95046935972309,50.284006141947856,-8.039344126571716,58.323350268519576,58.323350268519576
Hoek van Holland,linear,1993,31,1993,60.88132748334344,50.78438293917519,51.398479189480284,-9.482848293863158,60.88132748334344,60.88132748334344
Hoek van Holland,linear,1994,64,1994,63.4393046981673,53.91690013643539,53.583331664051,-9.85597303411629,63.4393046981673,63.4393046981673
Hoek van Holland,linear,1995,74,1995,65.99728191299117,79.42967018383268,56.880680135841224,-9.11660177714994,65.99728191299117,65.99728191299117
Hoek van Holland,linear,1996,-22,1996,68.55525912781503,49.25183066819298,61.20706784609288,-7.34819128172216,68.55525912781503,68.55525912781503
Hoek van Holland,linear,1997,24,1997,71.1132363426389,67.47267018575049,66.36288491450345,-4.750351428135439,71.1132363426389,71.1132363426389
Hoek van Holland,linear,1998,90,1998,73.67121355746276,67.70526445561349,72.05489936605353,-1.6163141914092303,73.67121355746276,73.67121355746276
Hoek van Holland,linear,1999,91,1999,76.22919077228663,74.2786783975313,77.92935578066172,1.7001650083750892,76.22919077228663,76.22919077228663
Hoek van Holland,linear,2000,83,2000,78.7871679871105,76.0029995509799,83.61190554537518,4.824737558264677,78.7871679871105,78.7871679871105
Hoek van Holland,linear,2001,101,2001,81.34514520193436,99.73455137890119,88.74986156955946,7.404716367625102,81.34514520193436,81.34514520193436
Hoek van Holland,linear,2002,86,2002,83.90312241675822,112.78086473177788,93.05200794907307,9.14888553231486,83.90312241675822,83.90312241675822
Hoek van Holland,linear,2003,64,2003,86.46109963158209,104.76042832136693,96.32147105130011,9.860371419718014,86.46109963158209,86.46109963158209
Hoek van Holland,linear,2004,87,2004,89.01907684640595,87.22792031983238,98.47794168717573,9.458864840769799,89.01907684640595,89.01907684640595
Hoek van Holland,linear,2005,75,2005,91.57705406122982,88.39774264465458,99.56674003568094,7.989685974451126,91.57705406122982,91.57705406122982
Hoek van Holland,linear,2006,72,2006,94.13503127605368,83.8242994569834,99.75370011465657,5.618668838602888,94.13503127605368,94.13503127605368
Hoek van Holland,linear,2007,121,2007,96.69300849087755,107.68467278849019,99.30645121487274,2.6134427239951865,96.69300849087755,96.69300849087755
Hoek van Holland,linear,2008,92,2008,99.25098570570141,87.65073970944988,98.56420916125793,-0.6867765444434757,99.25098570570141,99.25098570570141
Hoek van Holland,linear,2009,71,2009,101.80896292052527,87.2054591046546,97.89948722199745,-3.909475698527838,101.80896292052527,101.80896292052527
Hoek van Holland,linear,2010,80,2010,104.36694013534914,104.3570666021889,97.67604855845045,-6.690891576898684,104.36694013534914,104.36694013534914
Hoek van Holland,linear,2011,86,2011,106.924917350173,92.41406316657239,98.20784634607512,-8.71707100409788,106.924917350173,106.924917350173
Hoek van Holland,linear,2012,86,2012,109.48289456499687,98.32262966026958,99.72358621288045,-9.75930835211642,109.48289456499687,109.48289456499687
Hoek van Holland,linear,2013,70,2013,112.04087177982073,102.76249752903819,102.3409110210993,-9.69996075872144,112.04087177982073,112.04087177982073
Hoek van Holland,linear,2014,101,2014,114.5988489946446,114.03356533643539,106.0531218928159,-8.545727101828712,114.5988489946446,114.5988489946446
Hoek van Holland,linear,2015,109,2015,117.15682620946846,110.12173085150388,110.72993434787753,-6.426891861590928,117.15682620946846,117.15682620946846
Hoek van Holland,linear,2016,111,2016,119.71480342429233,140.9578663843133,116.13218420479012,-3.5826192195022095,119.71480342429233,119.71480342429233
Hoek van Holland,linear,2017,133,2017,122.27278063911619,128.14065712218888,121.93882331149689,-0.33395732761931196,122.27278063911619,122.27278063911619
Hoek van Holland,linear,2018,75,2018,124.83075785394004,120.82372545424363,127.7831579545989,2.952400100658867,124.83075785394004,124.83075785394004
Hoek van Holland,linear,2019,138,2019,127.3887350687639,142.1356947328738,133.29423952539605,5.905504456632158,127.3887350687639,127.3887350687639
Hoek van Holland,linear,2020,136,2020,129.94671228358777,143.07943104824767,138.1387354585475,8.192023174959767,129.94671228358777,129.94671228358777
Hoek van Holland,linear,2021,128,2021,132.50468949841164,151.90246597753128,142.05855424823227,9.553864749820626,132.50468949841164,132.50468949841164
Hoek van Holland,linear,2022,135,2022,135.0626667132355,156.73351057579657,144.89997760650084,9.837310893265338,135.0626667132355,135.0626667132355
Hoek van Holland,linear,2023,195,2023,137.62064392805937,181.12033425285898,146.63101146245657,9.01036753439719,137.62064392805937,137.62064392805937
Hoek van Holland,linear,2024,207,2024,140.17862114288323,198.25511814921907,147.3449973028794,7.166376159996195,140.17862114288323,140.17862114288323
Hoek van Holland,linear,2025,156,2025,142.7365983577071,188.77406170536338,147.25007622310594,4.513477865398862,142.7365983577071,142.7365983577071
Hoek van Holland,broken_linear,1891,-213,1891,-193.85985289350535,-213,-185.18071810161624,8.679134791889116,-193.85985289350535,-301.32753861019506
Hoek van Holland,broken_linear,1892,-182,1892,-191.45503925465414,-182,-182.82839483843824,8.626644416215898,-191.45503925465414,-297.86912020941554
Hoek van Holland,broken_linear,1893,-190,1893,-189.05022561580293,-190,-181.44980672543323,7.600418890369708,-189.05022561580293,-294.41070180863596
Hoek van Holland,broken_linear,1894,-201,1894,-186.64541197695175,-201,-180.92911823973637,5.716293737215359,-186.64541197695175,-290.95228340785644
Hoek van Holland,broken_linear,1895,-200,1895,-184.24059833810054,-200,-181.05365817335138,3.186940164749183,-184.24059833810054,-287.4938650070769
Hoek van Holland,broken_linear,1896,-234,1896,-181.83578469924933,-234,-181.53792496137115,0.29785973787817865,-181.83578469924933,-284.0354466062974
Hoek van Holland,broken_linear,1897,-226,1897,-179.43097106039812,-226,-182.0558127592066,-2.6248416988084555,-179.43097106039812,-280.5770282055179
Hoek van Holland,broken_linear,1898,-185,1898,-177.02615742154694,-185,-182.2774207404119,-5.251263318864959,-177.02615742154694,-277.1186098047383
Hoek van Holland,broken_linear,1899,-157,1899,-174.62134378269573,-157,-181.90629075425863,-7.284946971562915,-174.62134378269573,-273.6601914039588
Hoek van Holland,broken_linear,1900,-190,1900,-172.21653014384452,-190,-180.7128701309693,-8.496339987124749,-172.21653014384452,-270.20177300317926
Hoek van Holland,broken_linear,1901,-195,1901,-169.81171650499334,-195,-178.56042251014517,-8.748706005151828,-169.81171650499334,-266.74335460239973
Hoek van Holland,broken_linear,1902,-196,1902,-167.40690286614213,-196,-175.42046199963565,-8.013559133493517,-167.40690286614213,-263.2849362016202
Hoek van Holland,broken_linear,1903,-106,1903,-165.00208922729092,-106,-171.37596852940374,-6.373879302112809,-165.00208922729092,-259.82651780084063
Hoek van Holland,broken_linear,1904,-149,1904,-162.59727558843971,-149,-166.61202146632863,-4.014745877888922,-162.59727558843971,-256.3680994000611
Hoek van Holland,broken_linear,1905,-166,1905,-160.19246194958853,-166,-161.39490872356427,-1.2024467739757236,-160.19246194958853,-252.9096809992816
Hoek van Holland,broken_linear,1906,-145,1906,-157.78764831073732,-145,-156.04206943018053,1.7455788805567776,-157.78764831073732,-249.45126259850207
Hoek van Holland,broken_linear,1907,-171,1907,-155.38283467188612,-171,-150.8862628915262,4.496571780359914,-155.38283467188612,-245.99284419772255
Hoek van Holland,broken_linear,1908,-174,1908,-152.97802103303493,-174,-146.2380082799667,6.740012753068233,-152.97802103303493,-242.53442579694303
Hoek van Holland,broken_linear,1909,-118,1909,-150.57320739418373,-118,-142.35053468749496,8.222672706688746,-150.57320739418373,-239.07600739616348
Hoek van Holland,broken_linear,1910,-123,1910,-148.16839375533252,-123,-139.39119781384062,8.777195941491899,-148.16839375533252,-235.61758899538393
Hoek van Holland,broken_linear,1911,-145,1911,-145.7635801164813,-145,-137.42258964022642,8.340990476254902,-145.7635801164813,-232.1591705946044
Hoek van Holland,broken_linear,1912,-84,1912,-143.35876647763013,-84,-136.3954733401755,6.9632931374546185,-143.35876647763013,-228.70075219382488
Hoek van Holland,broken_linear,1913,-105,1913,-140.95395283877892,-105,-136.15434090149165,4.7996119372872705,-140.95395283877892,-225.24233379304536
Hoek van Holland,broken_linear,1914,-87,1914,-138.5491391999277,-87,-136.45496614111676,2.0941730588109446,-138.5491391999277,-221.7839153922658
Hoek van Holland,broken_linear,1915,-116,1915,-136.14432556107653,-116,-136.99197181089806,-0.8476462498215234,-136.14432556107653,-218.32549699148632
Hoek van Holland,broken_linear,1916,-74,1916,-133.73951192222532,-74,-137.43329914869526,-3.6937872264699463,-133.73951192222532,-214.86707859070674
Hoek van Holland,broken_linear,1917,-163,1917,-131.3346982833741,-163,-137.45768911361168,-6.122990830237558,-131.3346982833741,-211.40866018992722
Hoek van Holland,broken_linear,1918,-152,1918,-128.92988464452293,-152,-136.79094459935774,-7.861059954834832,-128.92988464452293,-207.9502417891477
Hoek van Holland,broken_linear,1919,-155,1919,-126.5250710056717,-155,-135.23688051722513,-8.711809511553419,-126.5250710056717,-204.49182338836818
Hoek van Holland,broken_linear,1920,-127,1920,-124.12025736682051,-127,-132.6994682485062,-8.57921088168569,-124.12025736682051,-201.03340498758863
Hoek van Holland,broken_linear,1921,-131,1921,-121.7154437279693,-131,-129.1936749044597,-7.478231176490382,-121.7154437279693,-197.57498658680908
Hoek van Holland,broken_linear,1922,-95,1922,-119.3106300891181,-95,-124.84377390900934,-5.5331438198912375,-119.3106300891181,-194.11656818602955
Hoek van Holland,broken_linear,1923,-95,1923,-116.90581645026691,-95,-119.8693175976748,-2.9635011474078876,-116.90581645026691,-190.65814978525003
Hoek van Holland,broken_linear,1924,-132,1924,-114.5010028114157,-132,-114.56035517995839,-0.05935236854268666,-114.5010028114157,-187.1997313844705
Hoek van Holland,broken_linear,1925,-67,1925,-112.09618917256451,-67,-109.24469334532999,2.851495827234526,-112.09618917256451,-183.741312983691
Hoek van Holland,broken_linear,1926,-95,1926,-109.6913755337133,-95,-104.25089498201032,5.4404805517029775,-109.6913755337133,-180.28289458291144
Hoek van Holland,broken_linear,1927,-93,1927,-107.2865618948621,-93,-99.87119253958754,7.415369355274559,-107.2865618948621,-176.82447618213192
Hoek van Holland,broken_linear,1928,-85,1928,-104.8817482560109,-85,-96.32850220110326,8.553246054907639,-104.8817482560109,-173.36605778135237
Hoek van Holland,broken_linear,1929,-140,1929,-102.4769346171597,-140,-93.75126215011271,8.725672467046984,-102.4769346171597,-169.90763938057285
Hoek van Holland,broken_linear,1930,-67,1930,-100.0721209783085,-67,-92.15893507108714,7.913185907221364,-100.0721209783085,-166.44922097979332
Hoek van Holland,broken_linear,1931,-73,1931,-97.6673073394573,-73,-91.45981129289899,6.207496046558305,-97.6673073394573,-162.99080257901377
Hoek van Holland,broken_linear,1932,-90,1932,-95.2624937006061,-90,-91.46136054624691,3.801133154359199,-95.2624937006061,-159.53238417823425
Hoek van Holland,broken_linear,1933,-146,1933,-92.85768006175489,-146,-91.89196387720693,0.9657161845479558,-92.85768006175489,-156.0739657774547
Hoek van Holland,broken_linear,1934,-138,1934,-90.4528664229037,-138,-92.43157272046302,-1.9787062975593293,-90.4528664229037,-152.61554737667518
Hoek van Holland,broken_linear,1935,-78,1935,-88.04805278405249,-78,-92.74783447986567,-4.699781695813186,-88.04805278405249,-149.15712897589566
Hoek van Holland,broken_linear,1936,-49,1936,-85.64323914520129,-49,-92.53360693026768,-6.890367785066379,-85.64323914520129,-145.69871057511614
Hoek van Holland,broken_linear,1937,-55,1937,-83.23842550635008,-55,-91.54162699095407,-8.303201484603983,-83.23842550635008,-142.2402921743366
Hoek van Holland,broken_linear,1938,-81,1938,-80.83361186749889,-81,-89.61242062216931,-8.778808754670425,-80.83361186749889,-138.78187377355707
Hoek van Holland,broken_linear,1939,-73,1939,-78.4287982286477,-73,-86.69230350655926,-8.263505277911564,-78.4287982286477,-135.32345537277754
Hoek van Holland,broken_linear,1940,-69,1940,-76.02398458979648,-69,-82.83944068305644,-6.815456093259953,-76.02398458979648,-131.865036971998
Hoek van Holland,broken_linear,1941,-105,1941,-73.61917095094529,-105,-78.21728115016418,-4.598110199218893,-73.61917095094529,-128.40661857121847
Hoek van Holland,broken_linear,1942,-105,1942,-71.21435731209408,-105,-73.07610850981936,-1.861751197725283,-71.21435731209408,-124.94820017043892
Hoek van Holland,broken_linear,1943,-59,1943,-68.80954367324289,-59,-67.72479012860063,1.0847535446422545,-68.80954367324289,-121.4897817696594
Hoek van Holland,broken_linear,1944,-44,1944,-66.40473003439169,-44,-62.495913638426735,3.9088163959649505,-66.40473003439169,-118.03136336887988
Hoek van Holland,broken_linear,1945,-57,1945,-63.99991639554049,-57,-57.70824600498615,6.291670390554339,-63.99991639554049,-114.57294496810036
Hoek van Holland,broken_linear,1946,-52,1946,-61.595102756689286,-52,-53.6307526081316,7.964350148557685,-61.595102756689286,-111.11452656732081
Hoek van Holland,broken_linear,1947,-101,1947,-59.190289117838084,-101,-50.4522376916417,8.738051426196385,-59.190289117838084,-107.65610816654129
Hoek van Holland,broken_linear,1948,-42,1948,-56.78547547898688,-42,-48.26003302595019,8.525442453036685,-56.78547547898688,-104.19768976576175
Hoek van Holland,broken_linear,1949,-54,1949,-54.38066184013568,-54,-47.030140307612626,7.350521532523052,-54.38066184013568,-100.73927136498222
Hoek van Holland,broken_linear,1950,-45,1950,-51.975848201284485,-51.20254762224141,-46.62993997521215,5.3459082260723285,-51.975848201284485,-97.2808529642027
Hoek van Holland,broken_linear,1951,-56,1951,-49.57103456243328,-48.51116864098371,-46.833160683273306,2.737873879159979,-49.57103456243328,-93.82243456342316
Hoek van Holland,broken_linear,1952,-45,1952,-47.16622092358208,-47.66657035797491,-47.345419750197046,-0.17919882661496267,-47.16622092358208,-90.36401616264362
Hoek van Holland,broken_linear,1953,-74,1953,-44.76140728473088,-33.538433434884695,-47.83745169427603,-3.076044409545151,-44.76140728473088,-86.9055977618641
Hoek van Holland,broken_linear,1954,-25,1954,-42.35659364587968,-34.11220843299921,-47.982274176534986,-5.625680530655307,-42.35659364587968,-83.44717936108457
Hoek van Holland,broken_linear,1955,-21,1955,-39.951780007028475,-20.81886047929531,-47.49209623313066,-7.5403162261021865,-39.951780007028475,-79.98876096030503
Hoek van Holland,broken_linear,1956,-83,1956,-37.54696636817727,-60.22544860458322,-46.15080276919164,-8.603836401014368,-37.54696636817727,-76.53034255952551
Hoek van Holland,broken_linear,1957,-38,1957,-35.14215272932607,-26.873312921565912,-43.838348616832775,-8.69619588750671,-35.14215272932607,-73.07192415874596
Hoek van Holland,broken_linear,1958,-38,1958,-32.73733909047487,-36.35712758973141,-40.54430867051936,-7.806969580044493,-32.73733909047487,-69.61350575796644
Hoek van Holland,broken_linear,1959,-131,1959,-30.332525451623667,-83.26589890575477,-36.36905462407092,-6.036529172447256,-30.332525451623667,-66.1550873571869
Hoek van Holland,broken_linear,1960,-80,1960,-27.92771181277247,-72.19879323959802,-31.5124254847524,-3.5847136719799257,-27.92771181277247,-62.69666895640738
Hoek van Holland,broken_linear,1961,4,1961,-25.522898173921266,-6.228279169913314,-26.25117068367004,-0.728272509748773,-25.522898173921266,-59.23825055562784
Hoek van Holland,broken_linear,1962,-55,1962,-23.118084535070064,-49.33432135356631,-20.907711898346253,2.21037263672381,-23.118084535070064,-55.77983215484831
Hoek van Holland,broken_linear,1963,-120,1963,-20.713270896218862,-85.10818450056841,-15.813749606388143,4.899521289830718,-20.713270896218862,-52.32141375406877
Hoek van Holland,broken_linear,1964,-107,1964,-18.308457257367664,-66.8539286746502,-11.272822291733732,7.035634965633927,-18.308457257367664,-48.86299535328925
Hoek van Holland,broken_linear,1965,-3,1965,-15.903643618516462,-20.39834578882241,-7.526044444622682,8.37759917389378,-15.903643618516462,-45.404576952509714
Hoek van Holland,broken_linear,1966,27,1966,-13.49882997966526,15.12273796575419,-4.724890689116274,8.773939290548986,-13.49882997966526,-41.94615855173018
Hoek van Holland,broken_linear,1967,31,1967,-11.09401634081406,4.288341679792495,-2.914098038170021,8.179918302644039,-11.09401634081406,-38.48774015095065
Hoek van Holland,broken_linear,1968,-21,1968,-8.68920270196286,-7.500174772611814,-2.026616189493005,6.662586512469853,-8.68920270196286,-35.02932175017112
Hoek van Holland,broken_linear,1969,-37,1969,-6.284389063111657,-14.067365434285112,-1.8911758491068866,4.393213214004771,-6.284389063111657,-31.57090334939159
Hoek van Holland,broken_linear,1970,-18,1970,-3.879575424260456,-25.179548343321116,-2.2516208057476854,1.6279546185127707,-3.879575424260456,-28.112484948612053
Hoek van Holland,broken_linear,1971,-53,1971,-1.474761785409255,-23.803338450733413,-2.795821642247464,-1.3210598568382106,-1.474761785409255,-24.65406654783252
Hoek van Holland,broken_linear,1972,-80,1972,0.9300518534419462,-31.347977455874997,-3.1909074398025794,-4.120959293244524,0.9300518534419462,-21.195648147052992
Hoek van Holland,broken_linear,1973,4,1973,3.3348654922931473,0.4145824433505898,-3.1208386856386836,-6.455704177931831,3.3348654922931473,-17.73722974627346
Hoek van Holland,broken_linear,1974,8,1974,5.7396791311443485,-18.10823119973591,-2.3220803305270152,-8.061759461671363,5.7396791311443485,-14.278811345493928
Hoek van Holland,broken_linear,1975,-18,1975,8.144492769995551,9.485539980325587,-0.6133483887780038,-8.757841158773553,8.144492769995551,-10.820392944714396
Hoek van Holland,broken_linear,1976,-44,1976,10.54930640884675,-5.823486479789722,2.083927575940038,-8.465378832906712,10.54930640884675,-7.361974543934867
Hoek van Holland,broken_linear,1977,-3,1977,12.954120047697952,-12.273575532833412,5.736735788357626,-7.217384259340326,12.954120047697952,-3.9035561431553347
Hoek van Holland,broken_linear,1978,-13,1978,15.358933686549154,-6.4286328371553125,10.204208475923199,-5.154725210625955,15.358933686549154,-0.4451377423758025
Hoek van Holland,broken_linear,1979,14,1979,17.763747325400356,24.977259108216188,15.253522362093662,-2.510224963306692,17.763747325400356,3.0132806584037297
Hoek van Holland,broken_linear,1980,24,1980,20.168560964251558,40.54142344332969,20.586178665510257,0.41761770125869746,20.168560964251558,6.471699059183262
Hoek van Holland,broken_linear,1981,72,1981,22.573374603102756,59.02251498986009,25.871696242044152,3.2983216389413954,22.573374603102756,9.93011745996279
Hoek van Holland,broken_linear,1982,53,1982,24.97818824195396,69.79518803780529,30.78491474590779,5.806726503953831,24.97818824195396,13.388535860742325
Hoek van Holland,broken_linear,1983,72,1983,27.38300188080516,55.669514700818986,35.042697204011574,7.659695323206409,27.38300188080516,16.84695426152186
Hoek van Holland,broken_linear,1984,25,1984,29.78781551965636,45.84882306573398,38.4358891891614,8.64807366950504,29.78781551965636,20.305372662301387
Hoek van Holland,broken_linear,1985,20,1985,32.19262915850756,39.50929388328478,40.852927190561395,8.66029803205384,32.19262915850756,23.763791063080916
Hoek van Holland,broken_linear,1986,28,1986,34.59744279735876,41.51067766794229,42.292431379517126,7.694988582158361,34.59744279735876,27.222209463860445
Hoek van Holland,broken_linear,1987,28,1987,37.00225643620996,64.849631281093,42.8633613580252,5.86110492181524,37.00225643620996,30.68062786463998
Hoek van Holland,broken_linear,1988,87,1988,39.407070075061164,73.57001685595259,42.77271731007924,3.365647235018074,39.407070075061164,34.13904626541951
Hoek van Holland,broken_linear,1989,53,1989,41.811883713912366,61.04378972547649,42.302174792032986,0.4902910781206178,41.811883713912366,37.597464666199045
Hoek van Holland,broken_linear,1990,73,1990,44.21669735276357,43.12244663917518,41.77629051726788,-2.440406835495689,44.21669735276357,41.05588306697857
Hoek van Holland,broken_linear,1991,-14,1991,46.62151099161476,20.392623865202587,41.52586791703031,-5.095643074584448,46.62151099161476,44.5143014677581
Hoek van Holland,broken_linear,1992,25,1992,49.026324630465965,35.95046935972309,41.85061760106258,-7.17570702940338,49.026324630465965,47.97271986853763
Hoek van Holland,broken_linear,1993,31,1993,51.43113826931717,50.78438293917519,42.98532743005447,-8.445810839262705,51.43113826931717,51.43113826931717
Hoek van Holland,broken_linear,1994,64,1994,54.8895566700967,53.91690013643539,46.12696552535409,-8.762591144742615,53.83595190816837,54.8895566700967
Hoek van Holland,broken_linear,1995,74,1995,58.34797507087623,79.42967018383268,50.257683799754574,-8.090291271121659,56.24076554701957,58.34797507087623
Hoek van Holland,broken_linear,1996,-22,1996,61.80639347165577,49.25183066819298,55.30159619758741,-6.50479727406836,58.64557918587077,61.80639347165577
Hoek van Holland,broken_linear,1997,24,1997,65.2648118724353,67.47267018575049,61.07973959474177,-4.185072277693541,61.050392824721975,65.2648118724353
Hoek van Holland,broken_linear,1998,90,1998,68.72323027321482,67.70526445561349,67.33027431651641,-1.3929559566984084,63.45520646357317,68.72323027321482
Hoek van Holland,broken_linear,1999,91,1999,72.18164867399437,74.2786783975313,73.73803937169055,1.5563906976961805,65.86002010242439,72.18164867399437
Hoek van Holland,broken_linear,2000,83,2000,75.6400670747739,76.0029995509799,79.97012634664841,4.330059271874508,68.26483374127558,75.6400670747739
Hoek van Holland,broken_linear,2001,101,2001,79.09848547555343,99.73455137890119,85.71345654528304,6.614971069729595,70.66964738012679,79.09848547555343
Hoek van Holland,broken_linear,2002,86,2002,82.55690387633295,112.78086473177788,90.71011984341747,8.15321596708452,73.07446101897798,82.55690387633295
Hoek van Holland,broken_linear,2003,64,2003,86.01532227711249,104.76042832136693,94.78648637364779,8.771164096535307,75.47927465782918,86.01532227711249
Hoek van Holland,broken_linear,2004,87,2004,89.47374067789202,87.22792031983238,97.87280505019851,8.3990643723065,77.88408829668039,89.47374067789202
Hoek van Holland,broken_linear,2005,75,2005,92.93215907867155,88.39774264465458,100.01107674425081,7.078917665579274,80.28890193553158,92.93215907867155
Hoek van Holland,broken_linear,2006,72,2006,96.39057747945108,83.8242994569834,101.35031342264887,4.959735943197776,82.6937155743828,96.39057747945108
Hoek van Holland,broken_linear,2007,121,2007,99.84899588023062,107.68467278849019,102.12971837616556,2.280722495934942,85.09852921323399,99.84899588023062
Hoek van Holland,broken_linear,2008,92,2008,103.30741428101015,87.65073970944988,102.65168607425215,-0.6557282067579853,87.5033428520852,103.30741428101015
Hoek van Holland,broken_linear,2009,71,2009,106.76583268178968,87.2054591046546,103.24766929599707,-3.518163385792617,89.90815649093639,106.76583268178968
Hoek van Holland,broken_linear,2010,80,2010,110.22425108256922,104.3570666021889,104.24076629541875,-5.983484787150478,92.3129701297876,110.22425108256922
Hoek van Holland,broken_linear,2011,86,2011,113.68266948334875,92.41406316657239,105.90925098635367,-7.773418496995084,94.7177837686388,113.68266948334875
Hoek van Holland,broken_linear,2012,86,2012,117.14108788412827,98.32262966026958,108.45516268857243,-8.68592519555584,97.12259740748999,117.14108788412827
Hoek van Holland,broken_linear,2013,70,2013,120.5995062849078,102.76249752903819,111.98150087722286,-8.618005407684942,99.5274110463412,120.5995062849078
Hoek van Holland,broken_linear,2014,101,2014,124.05792468568734,114.03356533643539,116.48059908529281,-7.577325600394522,101.9322246851924,124.05792468568734
Hoek van Holland,broken_linear,2015,109,2015,127.51634308646688,110.12173085150388,121.83499025843973,-5.681352828027144,104.3370383240436,127.51634308646688
Hoek van Holland,broken_linear,2016,111,2016,130.97476148724638,140.9578663843133,127.83066588499304,-3.144095602253355,106.7418519628948,130.97476148724638
Hoek van Holland,broken_linear,2017,133,2017,134.43317988802593,128.14065712218888,134.1812322727401,-0.25194761528583776,109.14666560174601,134.43317988802593
Hoek van Holland,broken_linear,2018,75,2018,137.89159828880545,120.82372545424363,140.56023732529923,2.66863903649378,111.5514792405972,137.89159828880545
Hoek van Holland,broken_linear,2019,138,2019,141.350016689585,142.1356947328738,146.6380189232237,5.2880022336386965,113.9562928794484,141.350016689585
Hoek van Holland,broken_linear,2020,136,2020,144.80843509036453,143.07943104824767,152.11891563744894,7.3104805470844365,116.36110651829961,144.80843509036453
Hoek van Holland,broken_linear,2021,128,2021,148.26685349114405,151.90246597753128,156.7746396043229,8.507786113178852,118.7659201571508,148.26685349114405
Hoek van Holland,broken_linear,2022,135,2022,151.7252718919236,156.73351057579657,160.47004458865212,8.744772696728527,121.17073379600201,151.7252718919236
Hoek van Holland,broken_linear,2023,195,2023,155.18369029270312,181.12033425285898,163.1783806566978,7.994690363994682,123.5755474348532,155.18369029270312
Hoek van Holland,broken_linear,2024,207,2024,158.64210869348267,198.25511814921907,164.9843135832001,6.342204889717473,125.98036107370442,158.64210869348267
Hoek van Holland,broken_linear,2025,156,2025,162.1005270942622,188.77406170536338,166.07436817593128,3.9738410816690912,128.38517471255562,162.1005270942622
Hoek van Holland,broken_squared,1891,-213,1891,-190.88993729525424,-213,-182.1551973091423,8.734739986111956,-190.88993729525424,-140.961647685813
Hoek van Holland,broken_squared,1892,-182,1892,-188.57651748059283,-182,-179.95437498770627,8.622142492886567,-188.57651748059283,-140.08493773808993
Hoek van Holland,broken_squared,1893,-190,1893,-186.2630976659314,-190,-178.7267796604584,7.536318005473044,-186.2630976659314,-139.18725392369623
Hoek van Holland,broken_squared,1894,-201,1894,-183.94967785127,-201,-178.34984855335804,5.599829297911965,-183.94967785127,-138.26859624263187
Hoek van Holland,broken_squared,1895,-200,1895,-181.63625803660855,-200,-178.6049999060488,3.031258130559742,-181.63625803660855,-137.32896469489688
Hoek van Holland,broken_squared,1896,-234,1896,-179.32283822194714,-234,-179.20230545550066,0.1205327664464586,-179.32283822194714,-136.3683592804913
Hoek van Holland,broken_squared,1897,-226,1897,-177.00941840728572,-226,-179.81321617815476,-2.8037977708690653,-177.00941840728572,-135.38677999941504
Hoek van Holland,broken_squared,1898,-185,1898,-174.6959985926243,-185,-180.10764736232923,-5.411648769704935,-174.6959985926243,-134.3842268516682
Hoek van Holland,broken_squared,1899,-157,1899,-172.3825787779629,-157,-179.79123702189574,-7.4086582439328525,-172.3825787779629,-133.36069983725068
Hoek van Holland,broken_squared,1900,-190,1900,-170.06915896330145,-190,-178.63857209628705,-8.569413132985618,-170.06915896330145,-132.3161989561625
Hoek van Holland,broken_squared,1901,-195,1901,-167.75573914864003,-195,-176.51863201925838,-8.762892870618359,-167.75573914864003,-131.25072420840374
Hoek van Holland,broken_squared,1902,-196,1902,-165.44231933397862,-196,-173.40957770572751,-7.9672583717489145,-165.44231933397862,-130.16427559397434
Hoek van Holland,broken_squared,1903,-106,1903,-163.1288995193172,-106,-169.40121664524196,-6.27231712592478,-163.1288995193172,-129.0568531128743
Hoek van Holland,broken_squared,1904,-149,1904,-160.81547970465576,-149,-164.68486585388678,-3.869386149231012,-160.81547970465576,-127.92845676510362
Hoek van Holland,broken_squared,1905,-166,1905,-158.50205988999434,-166,-159.5317569070643,-1.0296970170699518,-158.50205988999434,-126.77908655066233
Hoek van Holland,broken_squared,1906,-145,1906,-156.18864007533293,-145,-154.262420591734,1.9262194835989073,-156.18864007533293,-125.60874246955039
Hoek van Holland,broken_squared,1907,-171,1907,-153.8752202606715,-171,-149.21050689493694,4.664713365734588,-153.8752202606715,-124.41742452176783
Hoek van Holland,broken_squared,1908,-174,1908,-151.5618004460101,-174,-144.68512415856276,6.87667628744734,-151.5618004460101,-123.20513270731463
Hoek van Holland,broken_squared,1909,-118,1909,-149.24838063134865,-118,-140.935948379886,8.312432251462639,-149.24838063134865,-121.97186702619078
Hoek van Holland,broken_squared,1910,-123,1910,-146.93496081668724,-123,-138.12504095633773,8.809919860349526,-146.93496081668724,-120.71762747839631
Hoek van Holland,broken_squared,1911,-145,1911,-144.62154100202582,-145,-136.30855595526737,8.312985046758463,-144.62154100202582,-119.44241406393121
Hoek van Holland,broken_squared,1912,-84,1912,-142.3081211873644,-84,-135.430401706265,6.877719481099412,-142.3081211873644,-118.14622678279548
Hoek van Holland,broken_squared,1913,-105,1913,-139.99470137270296,-105,-135.3285721657654,4.66612920693756,-139.99470137270296,-116.82906563498909
Hoek van Holland,broken_squared,1914,-87,1914,-137.68128155804155,-87,-135.7534333992014,1.927848158840145,-137.68128155804155,-115.4909306205121
Hoek van Holland,broken_squared,1915,-116,1915,-135.36786174338013,-116,-136.3959010883909,-1.0280393450107888,-135.36786174338013,-114.13182173936448
Hoek van Holland,broken_squared,1916,-74,1916,-133.05444192871872,-74,-136.92232851931783,-3.8678865905991233,-133.05444192871872,-112.75173899154622
Hoek van Holland,broken_squared,1917,-163,1917,-130.7410221140573,-163,-137.0121670579207,-6.271144943863389,-130.7410221140573,-111.35068237705732
Hoek van Holland,broken_squared,1918,-152,1918,-128.4276022993959,-152,-136.39414817606576,-7.966545876669854,-128.4276022993959,-109.92865189589781
Hoek van Holland,broken_squared,1919,-155,1919,-126.11418248473446,-155,-134.876902970358,-8.762720485623538,-126.11418248473446,-108.48564754806765
Hoek van Holland,broken_squared,1920,-127,1920,-123.80076267007304,-127,-132.37056298615755,-8.569800316084505,-123.80076267007304,-107.02166933356685
Hoek van Holland,broken_squared,1921,-131,1921,-121.48734285541161,-131,-128.8969041471253,-7.409561291713697,-121.48734285541161,-105.53671725239542
Hoek van Holland,broken_squared,1922,-95,1922,-119.1739230407502,-95,-124.58688879112104,-5.412965750370844,-119.1739230407502,-104.03079130455336
Hoek van Holland,broken_squared,1923,-95,1923,-116.86050322608878,-95,-119.66588325590982,-2.805380029821029,-116.86050322608878,-102.50389149004067
Hoek van Holland,broken_squared,1924,-132,1924,-114.54708341142735,-132,-114.42821958425152,0.11886382717582267,-114.54708341142735,-100.95601780885734
Hoek van Holland,broken_squared,1925,-67,1925,-112.23366359676594,-67,-109.20397270376037,3.0296908930055615,-112.23366359676594,-99.38717026100338
Hoek van Holland,broken_squared,1926,-95,1926,-109.9202437821045,-95,-104.32170311760775,5.5985406644967535,-109.9202437821045,-97.79734884647878
Hoek van Holland,broken_squared,1927,-93,1927,-107.60682396744309,-93,-100.07137053635199,7.5354534310911045,-107.60682396744309,-96.18655356528356
Hoek van Holland,broken_squared,1928,-85,1928,-105.29340415278166,-85,-96.67160458614363,8.621799566638034,-105.29340415278166,-94.5547844174177
Hoek van Holland,broken_squared,1929,-140,1929,-102.97998433812025,-140,-94.2450269222173,8.734957415902938,-102.97998433812025,-92.90204140288121
Hoek van Holland,broken_squared,1930,-67,1930,-100.66656452345883,-67,-92.80441027172289,7.862154251735955,-100.66656452345883,-91.2283245216741
Hoek van Holland,broken_squared,1931,-73,1931,-98.3531447087974,-73,-92.25123670820749,6.101908000589919,-98.3531447087974,-89.53363377379634
Hoek van Holland,broken_squared,1932,-90,1932,-96.03972489413599,-90,-92.386817892961,3.6529070011749925,-96.03972489413599,-87.81796915924795
Hoek van Holland,broken_squared,1933,-146,1933,-93.72630507947456,-146,-92.93472208255179,0.7915829969227702,-93.72630507947456,-86.08133067802892
Hoek van Holland,broken_squared,1934,-138,1934,-91.41288526481314,-138,-93.57197644715784,-2.159091182344688,-91.41288526481314,-84.32371833013927
Hoek van Holland,broken_squared,1935,-78,1935,-89.09946545015171,-78,-93.96552272838375,-4.866057278232039,-89.09946545015171,-82.54513211557898
Hoek van Holland,broken_squared,1936,-49,1936,-86.7860456354903,-49,-93.80981129294028,-7.023765657449994,-86.7860456354903,-80.74557203434807
Hoek van Holland,broken_squared,1937,-55,1937,-84.47262582082887,-55,-92.86129014177692,-8.38866432094805,-84.47262582082887,-78.9250380864465
Hoek van Holland,broken_squared,1938,-81,1938,-82.15920600616745,-81,-90.96589591712107,-8.806689910953633,-82.15920600616745,-77.08353027187432
Hoek van Holland,broken_squared,1939,-73,1939,-79.84578619150604,-73,-88.07644385152194,-8.2306576600159,-79.84578619150604,-75.22104859063151
Hoek van Holland,broken_squared,1940,-69,1940,-77.5323663768446,-69,-84.2579537630349,-6.725587386190302,-77.5323663768446,-73.33759304271805
Hoek van Holland,broken_squared,1941,-105,1941,-75.21894656218319,-105,-79.68031092319731,-4.461364361014122,-75.21894656218319,-71.43316362813398
Hoek van Holland,broken_squared,1942,-105,1942,-72.90552674752176,-105,-74.59909020458652,-1.6935634570647553,-72.90552674752176,-69.50776034687925
Hoek van Holland,broken_squared,1943,-59,1943,-70.59210693286035,-59,-69.32670798822204,1.265398944638295,-70.59210693286035,-67.56138319895392
Hoek van Holland,broken_squared,1944,-44,1944,-68.27868711819892,-44,-64.19715806816387,4.08152905003504,-68.27868711819892,-65.59403218435793
Hoek van Holland,broken_squared,1945,-57,1945,-65.9652673035375,-57,-59.52831199895651,6.436955304580997,-65.9652673035375,-63.60570730309132
Hoek van Holland,broken_squared,1946,-52,1946,-63.65184748887607,-52,-55.5860392458326,8.065808243043477,-63.65184748887607,-61.59640855515406
Hoek van Holland,broken_squared,1947,-101,1947,-61.33842767421466,-101,-52.55419708679263,8.784230587422023,-61.33842767421466,-59.56613594054619
Hoek van Holland,broken_squared,1948,-42,1948,-59.02500785955323,-42,-50.51387766562267,8.511130193930557,-59.02500785955323,-57.51488945926767
Hoek van Holland,broken_squared,1949,-54,1949,-56.71158804489181,-54,-49.4342546911441,7.277333353747713,-56.71158804489181,-55.44266911131853
Hoek van Holland,broken_squared,1950,-45,1950,-54.3981682302304,-51.20254762224141,-49.17606296434164,5.222105265888761,-54.3981682302304,-53.34947489669876
Hoek van Holland,broken_squared,1951,-56,1951,-52.08474841556897,-48.51116864098371,-49.5073179806715,2.577430434897466,-52.08474841556897,-51.23530681540834
Hoek van Holland,broken_squared,1952,-45,1952,-49.77132860090755,-47.66657035797491,-50.12950125258911,-0.358172651681554,-49.77132860090755,-49.100164867447305
Hoek van Holland,broken_squared,1953,-74,1953,-47.45790878624612,-33.538433434884695,-50.7112556759364,-3.25334688969027,-47.45790878624612,-46.94404905281562
Hoek van Holland,broken_squared,1954,-25,1954,-45.14448897158471,-34.11220843299921,-50.9257875653118,-5.781298593727094,-45.14448897158471,-44.766959371513316
Hoek van Holland,broken_squared,1955,-21,1955,-42.83106915692328,-20.81886047929531,-50.487753592139796,-7.656684435216516,-42.83106915692328,-42.568895823540366
Hoek van Holland,broken_squared,1956,-83,1956,-40.51764934226186,-60.22544860458322,-49.1854690009247,-8.667819658662843,-40.51764934226186,-40.3498584088968
Hoek van Holland,broken_squared,1957,-38,1957,-38.20422952760044,-26.873312921565912,-46.90480159134109,-8.700572063740655,-38.20422952760044,-38.10984712758259
Hoek van Holland,broken_squared,1958,-38,1958,-35.89080971293902,-36.35712758973141,-43.642054425560275,-7.751244712621262,-35.89080971293902,-35.84886197959775
Hoek van Holland,broken_squared,1959,-131,1959,-33.577389898277595,-83.26589890575477,-39.50438312124836,-5.926993222970777,-33.577389898277595,-33.56690296494228
Hoek van Holland,broken_squared,1960,-80,1960,-31.263970083616176,-72.19879323959802,-34.697700628160106,-3.4337305445439306,-31.263970083616176,-31.263970083616176
Hoek van Holland,broken_squared,1961,4,1961,-28.94006333561944,-6.228279169913314,-29.492947807066855,-0.5528844714474186,-28.950550268954753,-28.94006333561944
Hoek van Holland,broken_squared,1962,-55,1962,-26.595182720952064,-49.33432135356631,-24.204814113999596,2.3903686069524692,-26.63713045429333,-26.595182720952064
Hoek van Holland,broken_squared,1963,-120,1963,-24.229328239614063,-85.10818450056841,-19.16552014830348,5.063808091310586,-24.32371063963191,-24.229328239614063
Hoek van Holland,broken_squared,1964,-107,1964,-21.842499891605428,-66.8539286746502,-14.676831216647038,7.165668674958388,-22.01029082497049,-21.842499891605428
Hoek van Holland,broken_squared,1965,-3,1965,-19.43469767692616,-20.39834578882241,-10.975995480924347,8.458702196001813,-19.696871010309067,-19.43469767692616
Hoek van Holland,broken_squared,1966,27,1966,-17.005921595576254,15.12273796575419,-8.20896449877989,8.796957096796362,-17.383451195647645,-17.005921595576254
Hoek van Holland,broken_squared,1967,31,1967,-14.55617164755572,4.288341679792495,-6.413918896507123,8.142252751048597,-15.070031380986222,-14.55617164755572
Hoek van Holland,broken_squared,1968,-21,1968,-12.085447832864554,-7.500174772611814,-5.516958719075173,6.56848911378938,-12.756611566324802,-12.085447832864554
Hoek van Holland,broken_squared,1969,-37,1969,-9.593750151502755,-14.067365434285112,-5.340444910354318,4.253305241148438,-10.443191751663381,-9.593750151502755
Hoek van Holland,broken_squared,1970,-18,1970,-7.0810786034703215,-25.179548343321116,-5.62305037638593,1.4580282270843923,-8.129771937001959,-7.0810786034703215
Hoek van Holland,broken_squared,1971,-53,1971,-4.547433188767256,-23.803338450733413,-6.049257361743777,-1.5018241729765212,-5.816352122340537,-4.547433188767256
Hoek van Holland,broken_squared,1972,-80,1972,-1.992813907393558,-31.347977455874997,-6.2849716135286116,-4.292157706135051,-3.5029323076791155,-1.992813907393558
Hoek van Holland,broken_squared,1973,4,1973,0.5827792406507726,0.4145824433505898,-6.0152333732466765,-6.598012613897449,-1.189512493017694,0.5827792406507726
Hoek van Holland,broken_squared,1974,8,1974,3.1793462553657363,-18.10823119973591,-4.979768556728413,-8.159114812094149,1.1239073216437276,3.1793462553657363
Hoek van Holland,broken_squared,1975,-18,1975,5.796887136751334,9.485539980325587,-3.002367271684868,-8.799254408436202,3.43732713630515,5.796887136751334
Hoek van Holland,broken_squared,1976,-44,1976,8.435401884807561,-5.823486479789722,-0.010773563668216468,-8.446175448475778,5.750746950966571,8.435401884807561
Hoek van Holland,broken_squared,1977,-3,1977,11.094890499534422,-12.273575532833412,3.9551586707758997,-7.1397318287585225,8.064166765627991,11.094890499534422
Hoek van Holland,broken_squared,1978,-13,1978,13.775352980931919,-6.4286328371553125,8.747964204977583,-5.027388775954333,10.377586580289414,13.775352980931919
Hoek van Holland,broken_squared,1979,14,1979,16.476789329000045,24.977259108216188,14.12921166510244,-2.347577663897605,12.691006394950836,16.476789329000045
Hoek van Holland,broken_squared,1980,24,1980,19.199199543738807,40.54142344332969,19.796416545039538,0.5972170013007283,15.004426209612259,19.199199543738807
Hoek van Holland,broken_squared,1981,72,1981,21.942583625148195,59.02251498986009,25.417184238358175,3.4746006132099807,17.317846024273678,21.942583625148195
Hoek van Holland,broken_squared,1982,53,1982,24.706941573228224,69.79518803780529,30.666729182066945,5.959787608838723,19.6312658389351,24.706941573228224
Hoek van Holland,broken_squared,1983,72,1983,27.492273387978884,55.669514700818986,35.264535127246646,7.772261739267759,21.944685653596522,27.492273387978884
Hoek van Holland,broken_squared,1984,25,1984,30.29857906940017,45.84882306573398,39.00601849719849,8.70743942779832,24.25810546825794,30.29857906940017
Hoek van Holland,broken_squared,1985,20,1985,33.1258586174921,39.50929388328478,41.78562082178689,8.659762204294793,26.571525282919364,33.1258586174921
Hoek van Holland,broken_squared,1986,28,1986,35.97411203225465,41.51067766794229,43.60872368232527,7.634611650070617,28.884945097580786,35.97411203225465
Hoek van Holland,broken_squared,1987,28,1987,38.84333931368784,64.849631281093,44.591041263924936,5.747701950237095,31.19836491224221,38.84333931368784
Hoek van Holland,broken_squared,1988,87,1988,41.73354046179166,73.57001685595259,44.94555908114779,3.2120186193561286,33.51178472690363,41.73354046179166
Hoek van Holland,broken_squared,1989,53,1989,44.64471547656613,61.04378972547649,44.958493172334904,0.31377769576878145,35.82520454156506,44.64471547656613
Hoek van Holland,broken_squared,1990,73,1990,47.57686435801121,43.12244663917518,44.95698337596876,-2.6198809820424467,38.13862435622647,47.57686435801121
Hoek van Holland,broken_squared,1991,-14,1991,50.529987106126924,20.392623865202587,45.27216732046779,-5.257819785659131,40.45204417088789,50.529987106126924
Hoek van Holland,broken_squared,1992,25,1992,53.50408372091328,35.95046935972309,46.20180316220837,-7.302280558704911,42.76546398554932,53.50408372091328
Hoek van Holland,broken_squared,1993,31,1993,56.49915420237026,50.78438293917519,47.976660041752496,-8.522494160617768,45.07888380021073,56.49915420237026
Hoek van Holland,broken_squared,1994,64,1994,59.515198550497885,53.91690013643539,50.73446994590475,-8.78072860459314,47.39230361487216,59.515198550497885
Hoek van Holland,broken_squared,1995,74,1995,62.55221676529613,79.42967018383268,54.504381167205295,-8.047835598090828,49.70572342953358,62.55221676529613
Hoek van Holland,broken_squared,1996,-22,1996,65.61020884676502,49.25183066819298,59.20366818141608,-6.406540665348937,52.01914324419501,65.61020884676502
Hoek van Holland,broken_squared,1997,24,1997,68.68917479490453,67.47267018575049,64.64706931659339,-4.042105478311141,54.33256305885642,68.68917479490453
Hoek van Holland,broken_squared,1998,90,1998,71.78911460971467,67.70526445561349,70.56769822146991,-1.2214163882447566,56.64598287351784,71.78911460971467
Hoek van Holland,broken_squared,1999,91,1999,74.91002829119546,74.2786783975313,76.64716874469997,1.737140453504509,58.95940268817927,74.91002829119546
Hoek van Holland,broken_squared,2000,83,2000,78.05191583934688,76.0029995509799,82.55153286992842,4.499617030581538,61.27282250284068,78.05191583934688
Hoek van Holland,broken_squared,2001,101,2001,81.21477725416892,99.73455137890119,87.96897520117429,6.754197947005373,63.58624231750211,81.21477725416892
Hoek van Holland,broken_squared,2002,86,2002,84.39861253566161,112.78086473177788,92.64500922186065,8.246396686199034,65.89966213216353,84.39861253566161
Hoek van Holland,broken_squared,2003,64,2003,87.6034216838249,104.76042832136693,96.41120253889314,8.807780855068229,68.21308194682494,87.6034216838249
Hoek van Holland,broken_squared,2004,87,2004,90.82920469865887,87.22792031983238,99.20418874099943,8.374984042340573,70.52650176148637,90.82920469865887
Hoek van Holland,broken_squared,2005,75,2005,94.07596158016344,88.39774264465458,101.07281990195267,6.996858321789225,72.83992157614779,94.07596158016344
Hoek van Holland,broken_squared,2006,72,2006,97.34369232833866,83.8242994569834,102.17265238767143,4.828960059332761,75.15334139080922,97.34369232833866
Hoek van Holland,broken_squared,2007,121,2007,100.63239694318449,107.68467278849019,102.74838838342075,2.115991440236236,77.46676120547063,100.63239694318449
Hoek van Holland,broken_squared,2008,92,2008,103.94207542470099,87.65073970944988,103.10625505914925,-0.835820365551742,79.78018102013206,103.94207542470099
Hoek van Holland,broken_squared,2009,71,2009,107.27272777288809,87.2054591046546,103.57943908319673,-3.693288689691365,82.09360083479348,107.27272777288809
Hoek van Holland,broken_squared,2010,80,2010,110.62435398774583,104.3570666021889,104.49047807430293,-6.133875913442921,84.4070206494549,110.62435398774583
Hoek van Holland,broken_squared,2011,86,2011,113.99695406927421,92.41406316657239,106.11485406837541,-7.882100000898801,86.72044046411632,113.99695406927421
Hoek van Holland,broken_squared,2012,86,2012,117.3905280174732,98.32262966026958,108.64989839868844,-8.74062961878476,89.03386027877774,117.3905280174732
Hoek van Holland,broken_squared,2013,70,2013,120.80507583234285,102.76249752903819,112.19251786075444,-8.612557971588421,91.34728009343917,120.80507583234285
Hoek van Holland,broken_squared,2014,101,2014,124.24059751388312,114.03356533643539,116.72825632788039,-7.5123411860027245,93.66069990810058,124.24059751388312
Hoek van Holland,broken_squared,2015,109,2015,127.69709306209403,110.12173085150388,122.132926490929,-5.564166571165044,95.97411972276201,127.69709306209403
Hoek van Holland,broken_squared,2016,111,2016,131.17456247697555,140.9578663843133,128.18662753915427,-2.9879349378212856,98.28753953742343,131.17456247697555
Hoek van Holland,broken_squared,2017,133,2017,134.67300575852775,128.14065712218888,134.59856653206387,-0.07443922646388312,100.60095935208486,134.67300575852775
Hoek van Holland,broken_squared,2018,75,2018,138.19242290675055,120.82372545424363,141.0398817422989,2.847458835548334,102.91437916674627,138.19242290675055
Hoek van Holland,broken_squared,2019,138,2019,141.73281392164398,142.1356947328738,147.1807630245779,5.447949102933929,105.22779898140769,141.73281392164398
Hoek van Holland,broken_squared,2020,136,2020,145.29417880320807,143.07943104824767,152.72767923760614,7.433500434398129,107.54121879606912,145.29417880320807
Hoek van Holland,broken_squared,2021,128,2021,148.87651755144276,151.90246597753128,157.4565106622163,8.57999311077352,109.85463861073053,148.87651755144276
Hoek van Holland,broken_squared,2022,135,2022,152.4798301663481,156.73351057579657,161.23784658381976,8.75801641747169,112.16805842539196,152.4798301663481
Hoek van Holland,broken_squared,2023,195,2023,156.10411664792406,181.12033425285898,164.05159256674526,7.947475918821199,114.48147824005338,156.10411664792406
Hoek van Holland,broken_squared,2024,207,2024,159.74937699617067,198.25511814921907,165.98923861986464,6.239861623693995,116.7948980547148,159.74937699617067
Hoek van Holland,broken_squared,2025,156,2025,163.41561121108788,188.77406170536338,167.24353223361322,3.8279210225253415,119.10831786937622,163.41561121108788
Den Helder,linear,1891,-157,1891,-183.00342485345112,-157,-168.24811796624283,14.755306887208292,-183.00342485345112,-183.00342485345112
Den Helder,linear,1892,-156,1892,-181.3897275418426,-156,-165.4353410502116,15.954386491631006,-181.3897275418426,-181.3897275418426
Den Helder,linear,1893,-136,1893,-179.77603023023403,-136,-164.42342043204087,15.352609798193154,-179.77603023023403,-179.77603023023403
Den Helder,linear,1894,-138,1894,-178.1623329186255,-138,-165.14443038178484,13.017902536840671,-178.1623329186255,-178.1623329186255
Den Helder,linear,1895,-162,1895,-176.54863560701693,-162,-167.33484009696014,9.213795510056801,-176.54863560701693,-176.54863560701693
Den Helder,linear,1896,-183,1896,-174.9349382954084,-183,-170.5652598231872,4.369678472221183,-174.9349382954084,-174.9349382954084
Den Helder,linear,1897,-173,1897,-173.32124098379984,-173,-174.28890835520093,-0.9676673714010997,-173.32124098379984,-173.32124098379984
Den Helder,linear,1898,-131,1898,-171.70754367219126,-131,-177.9033311341005,-6.1957874619092275,-171.70754367219126,-171.70754367219126
Den Helder,linear,1899,-132,1899,-170.09384636058275,-132,-180.81840249156892,-10.724556130986171,-170.09384636058275,-170.09384636058275
Den Helder,linear,1900,-175,1900,-168.48014904897417,-175,-182.5229362667632,-14.042787217789025,-168.48014904897417,-168.48014904897417
Den Helder,linear,1901,-223,1901,-166.86645173736562,-223,-182.64238610194286,-15.775934364577235,-166.86645173736562,-166.86645173736562
Den Helder,linear,1902,-260,1902,-165.25275442575708,-260,-180.98112247816337,-15.728368052406285,-165.25275442575708,-165.25275442575708
Den Helder,linear,1903,-165,1903,-163.63905711414853,-165,-177.54451445758724,-13.905457343438709,-163.63905711414853,-163.63905711414853
Den Helder,linear,1904,-133,1904,-162.02535980253998,-133,-172.53832364893597,-10.51296384639599,-162.02535980253998,-162.02535980253998
Den Helder,linear,1905,-171,1905,-160.4116624909314,-171,-166.34547880241905,-5.933816311487665,-160.4116624909314,-160.4116624909314
Den Helder,linear,1906,-129,1906,-158.7979651793229,-129,-159.4828526089043,-0.6848874295814085,-158.7979651793229,-158.7979651793229
Den Helder,linear,1907,-157,1907,-157.1842678677143,-157,-152.54291953545808,4.641348332256218,-157.1842678677143,-157.1842678677143
Den Helder,linear,1908,-176,1908,-155.57057055610576,-176,-146.1268800870718,9.443690469033935,-155.57057055610576,-155.57057055610576
Den Helder,linear,1909,-129,1909,-153.95687324449722,-129,-140.77680011416444,13.180073130332778,-153.95687324449722,-153.95687324449722
Den Helder,linear,1910,-112,1910,-152.34317593288867,-112,-136.9144249624655,15.428750970423176,-152.34317593288867,-152.34317593288867
Den Helder,linear,1911,-142,1911,-150.72947862128012,-142,-134.79357483698948,15.935903784290637,-150.72947862128012,-150.72947862128012
Den Helder,linear,1912,-90,1912,-149.11578130967155,-90,-134.47149476808025,14.64428654159131,-149.11578130967155,-149.11578130967155
Den Helder,linear,1913,-132,1913,-147.50208399806303,-132,-135.80239306094845,11.699690937114582,-147.50208399806303,-147.50208399806303
Den Helder,linear,1914,-96,1914,-145.88838668645445,-96,-138.45389757820365,7.434489108250815,-145.88838668645445,-145.88838668645445
Den Helder,linear,1915,-127,1915,-144.2746893748459,-127,-141.94457234741378,2.3301170274321255,-144.2746893748459,-144.2746893748459
Den Helder,linear,1916,-98,1916,-142.66099206323736,-98,-145.69825979503722,-3.0372677317998686,-142.66099206323736,-142.66099206323736
Den Helder,linear,1917,-152,1917,-141.0472947516288,-152,-149.10911471030536,-8.061819958676548,-141.0472947516288,-141.0472947516288
Den Helder,linear,1918,-135,1918,-139.43359744002026,-135,-151.60998921031802,-12.176391770297766,-139.43359744002026,-139.43359744002026
Den Helder,linear,1919,-137,1919,-137.8199001284117,-137,-152.7364497323153,-14.916549603903585,-137.8199001284117,-137.8199001284117
Den Helder,linear,1920,-147,1920,-136.20620281680317,-147,-152.17920011537177,-15.972997298568583,-136.20620281680317,-136.20620281680317
Den Helder,linear,1921,-135,1921,-134.5925055051946,-135,-149.81899349999233,-15.22648799479772,-134.5925055051946,-134.5925055051946
Den Helder,linear,1922,-148,1922,-132.97880819358605,-148,-145.74009235417057,-12.761284160584513,-132.97880819358605,-132.97880819358605
Den Helder,linear,1923,-125,1923,-131.3651108819775,-125,-140.22075732131518,-8.85564643933769,-131.3651108819775,-131.3651108819775
Den Helder,linear,1924,-144,1924,-129.75141357036895,-144,-133.70183846426994,-3.9504248939009785,-129.75141357036895,-129.75141357036895
Den Helder,linear,1925,-102,1925,-128.1377162587604,-102,-126.73701417844883,1.4007020803115777,-128.1377162587604,-128.1377162587604
Den Helder,linear,1926,-133,1926,-126.52401894715184,-133,-119.93029457211995,6.5937243750318935,-126.52401894715184,-126.52401894715184
Den Helder,linear,1927,-133,1927,-124.9103216355433,-133,-113.86784363907181,11.042477996471494,-124.9103216355433,-124.9103216355433
Den Helder,linear,1928,-118,1928,-123.29662432393474,-118,-109.051815816957,14.24480850697774,-123.29662432393474,-123.29662432393474
Den Helder,linear,1929,-152,1929,-121.68292701232619,-152,-105.84367515020632,15.839251862119871,-121.68292701232619,-121.68292701232619
Den Helder,linear,1930,-101,1930,-120.06922970071764,-101,-104.42339492448613,15.645834776231522,-120.06922970071764,-120.06922970071764
Den Helder,linear,1931,-96,1931,-118.4555323891091,-96,-104.76914312654924,13.686389262559867,-118.4555323891091,-118.4555323891091
Den Helder,linear,1932,-109,1932,-116.84183507750055,-109,-106.65974673946631,10.182088338034236,-116.84183507750055,-116.84183507750055
Den Helder,linear,1933,-166,1933,-115.22813776589199,-166,-109.69965671515327,5.528481050738722,-115.22813776589199,-115.22813776589199
Den Helder,linear,1934,-160,1934,-113.61444045428343,-160,-113.3635956952177,0.2508447590657301,-113.61444045428343,-113.61444045428343
Den Helder,linear,1935,-105,1935,-112.00074314267488,-105,-117.0558488548581,-5.0551057121832255,-112.00074314267488,-112.00074314267488
Den Helder,linear,1936,-93,1936,-110.38704583106633,-93,-120.17750539751727,-9.790459566450934,-110.38704583106633,-110.38704583106633
Den Helder,linear,1937,-108,1937,-108.77334851945778,-108,-122.19406079583342,-13.420712276375642,-108.77334851945778,-108.77334851945778
Den Helder,linear,1938,-23,1938,-107.15965120784924,-23,-122.69574915508394,-15.536097947234719,-107.15965120784924,-107.15965120784924
Den Helder,linear,1939,-137,1939,-105.54595389624068,-137,-121.44379566498276,-15.897841768742072,-105.54595389624068,-105.54595389624068
Den Helder,linear,1940,-118,1940,-103.93225658463213,-118,-118.39736838006357,-14.46511179543145,-103.93225658463213,-103.93225658463213
Den Helder,linear,1941,-157,1941,-102.31855927302357,-157,-113.71818713812299,-11.399627865099413,-102.31855927302357,-102.31855927302357
Den Helder,linear,1942,-143,1942,-100.70486196141502,-143,-107.75226938363144,-7.047407422216426,-100.70486196141502,-100.70486196141502
Den Helder,linear,1943,-92,1943,-99.09116464980647,-92,-100.99087334192751,-1.899708692121039,-99.09116464980647,-99.09116464980647
Den Helder,linear,1944,-88,1944,-97.47746733819793,-88,-94.01504709545819,3.4624202427397366,-97.47746733819793,-97.47746733819793
Den Helder,linear,1945,-82,1945,-95.86377002658938,-82,-87.43004260219436,8.433727424395016,-95.86377002658938,-95.86377002658938
Den Helder,linear,1946,-97,1946,-94.25007271498082,-97,-81.7969976941285,12.45307502085231,-94.25007271498082,-94.25007271498082
Den Helder,linear,1947,-183,1947,-92.63637540337227,-183,-77.56959747135316,15.066777932019107,-92.63637540337227,-92.63637540337227
Den Helder,linear,1948,-100,1948,-91.02267809176371,-100,-75.04286445640656,15.979813635357141,-91.02267809176371,-91.02267809176371
Den Helder,linear,1949,-63,1949,-89.40898078015516,-63,-74.319857836014,15.089122944141163,-89.40898078015516,-89.40898078015516
Den Helder,linear,1950,-70,1950,-87.79528346854661,-92.90391421706822,-75.30004062358788,12.495242844958746,-87.79528346854661,-87.79528346854661
Den Helder,linear,1951,-94,1951,-86.18158615693807,-100.5797379515545,-77.69062780260884,8.490958354329209,-86.18158615693807,-86.18158615693807
Den Helder,linear,1952,-78,1952,-84.5678888453295,-88.69980969916831,-81.03963452570234,3.528254319627171,-84.5678888453295,-84.5678888453295
Den Helder,linear,1953,-107,1953,-82.95419153372096,-78.53192969105072,-84.78689404374268,-1.8327025100217034,-82.95419153372096,-82.95419153372096
Den Helder,linear,1954,-65,1954,-81.34049422211241,-90.85326049753351,-88.32728670049637,-6.986792478383964,-81.34049422211241,-81.34049422211241
Den Helder,linear,1955,-58,1955,-79.72679691050385,-62.591350230053116,-91.07904300052508,-11.352246090021222,-79.72679691050385,-79.72679691050385
Den Helder,linear,1956,-136,1956,-78.1130995988953,-119.61045126070032,-92.54941102048413,-14.436311421588824,-78.1130995988953,-78.1130995988953
Den Helder,linear,1957,-115,1957,-76.49940228728676,-114.71740871344731,-92.3902759345054,-15.890873647218646,-76.49940228728676,-76.49940228728676
Den Helder,linear,1958,-78,1958,-74.88570497567821,-81.19978092448461,-90.43745358257563,-15.551748606897423,-74.88570497567821,-74.88570497567821
Den Helder,linear,1959,-117,1959,-73.27200766406965,-73.56108155740353,-86.72922280825577,-13.457215144186131,-73.27200766406965,-73.27200766406965
Den Helder,linear,1960,-85,1960,-71.6583103524611,-79.19784707523272,-81.50200472240351,-9.843694369942414,-71.6583103524611,-71.6583103524611
Den Helder,linear,1961,-33,1961,-70.04461304085255,-57.144262185865315,-75.16367659733888,-5.1190635564863305,-70.04461304085255,-70.04461304085255
Den Helder,linear,1962,-86,1962,-68.43091572924399,-93.60016636102272,-68.24753259388352,0.1833831353604678,-68.43091572924399,-68.43091572924399
Den Helder,linear,1963,-131,1963,-66.81721841763544,-101.61309099902861,-61.352088018413596,5.465130399221841,-66.81721841763544,-66.81721841763544
Den Helder,linear,1964,-89,1964,-65.2035211060269,-55.70179461525621,-55.07352172298477,10.129999383042136,-65.2035211060269,-65.2035211060269
Den Helder,linear,1965,-29,1965,-63.589823794418344,-56.39828871763021,-49.938382233459365,13.651441560958975,-63.589823794418344,-63.589823794418344
Den Helder,linear,1966,-3,1966,-61.97612648280979,-21.731088355294915,-46.344153422186885,15.631973060622903,-61.97612648280979,-61.97612648280979
Den Helder,linear,1967,19,1967,-60.36242917120124,-31.81155225706941,-44.514388393271446,15.848040777929793,-60.36242917120124,-60.36242917120124
Den Helder,linear,1968,-60,1968,-58.74873185959269,-49.675316474666715,-44.47347585697028,14.275256002622404,-58.74873185959269,-58.74873185959269
Den Helder,linear,1969,-90,1969,-57.13503454798414,-64.47004675018981,-46.043887246498514,11.09114730148563,-57.13503454798414,-57.13503454798414
Den Helder,linear,1970,-65,1970,-55.52133723637559,-79.22938466501671,-48.866215309780166,6.6551219265954185,-55.52133723637559,-55.52133723637559
Den Helder,linear,1971,-120,1971,-53.90763992476703,-96.83284830833651,-52.439742313919,1.4678976108480324,-53.90763992476703,-53.90763992476703
Den Helder,linear,1972,-132,1972,-52.293942613158485,-85.99955937826833,-56.178958713792156,-3.8850161006336723,-52.293942613158485,-52.293942613158485
Den Helder,linear,1973,-80,1973,-50.68024530154993,-95.80219957539592,-59.47965272261092,-8.799407421060994,-50.68024530154993,-50.68024530154993
Den Helder,linear,1974,-82,1974,-49.066547989941384,-119.70217869936911,-61.78711090377998,-12.7205629138386,-49.066547989941384,-49.066547989941384
Den Helder,linear,1975,-108,1975,-47.45285067833283,-88.58799868139201,-62.65873162120613,-15.205880942873296,-47.45285067833283,-47.45285067833283
Den Helder,linear,1976,-121,1976,-45.839153366724275,-85.23041265656002,-61.81398383553405,-15.974830468809774,-45.839153366724275,-45.839153366724275
Den Helder,linear,1977,-42,1977,-44.22545605511573,-61.696124784147315,-59.166072131769525,-14.940616076653797,-44.22545605511573,-44.22545605511573
Den Helder,linear,1978,-63,1978,-42.611758743507174,-62.31324076694271,-54.83173377852698,-12.219975035019804,-42.611758743507174,-42.611758743507174
Den Helder,linear,1979,-57,1979,-40.99806143189863,-55.053484655345414,-49.11806197281619,-8.120000540917566,-40.99806143189863,-40.99806143189863
Den Helder,linear,1980,-43,1980,-39.38436412029007,-31.933511776888913,-42.48784260067825,-3.103478480388181,-39.38436412029007,-39.38436412029007
Den Helder,linear,1981,-5,1981,-37.770666808681526,-28.53866194027691,-35.50731713750929,2.263349671172234,-37.770666808681526,-37.770666808681526
Den Helder,linear,1982,-29,1982,-36.15696949707297,-30.06280769644131,-28.78226796681505,7.37470153025792,-36.15696949707297,-36.15696949707297
Den Helder,linear,1983,13,1983,-34.54327218546442,-23.150650499181026,-22.889640506762802,11.653631678701613,-34.54327218546442,-34.54327218546442
Den Helder,linear,1984,-40,1984,-32.92957487385587,-26.528463764320612,-18.312420318093004,14.617154555762871,-32.92957487385587,-32.92957487385587
Den Helder,linear,1985,-38,1985,-31.315877562247316,-30.396520836167312,-15.385115959928775,15.93076160231854,-31.315877562247316,-31.315877562247316
Den Helder,linear,1986,-38,1986,-29.702180250638765,-38.11429637945501,-14.256001232954667,15.446179017684099,-29.702180250638765,-29.702180250638765
Den Helder,linear,1987,-57,1987,-28.088482939030214,-25.390069858085113,-14.870378728415382,13.218104210614829,-28.088482939030214,-28.088482939030214
Den Helder,linear,1988,30,1988,-26.474785627421664,0.5781102750236755,-16.976753815005615,9.49803181241605,-26.474785627421664,-26.474785627421664
Den Helder,linear,1989,-18,1989,-24.86108831581311,-26.324669381372814,-20.15522217297558,4.705866142837528,-24.86108831581311,-24.86108831581311
Den Helder,linear,1990,28,1990,-23.24739100420456,-29.417372170413913,-23.86486662378141,-0.61747561957685,-23.24739100420456,-23.24739100420456
Den Helder,linear,1991,-77,1991,-21.63369369259601,-55.115671316550916,-27.50481332350959,-5.8711196309135785,-21.63369369259601,-21.63369369259601
Den Helder,linear,1992,-29,1992,-20.019996380987457,-32.52040553098731,-30.482055583404247,-10.462059202416787,-20.019996380987457,-20.019996380987457
Den Helder,linear,1993,-41,1993,-18.406299069378903,-29.166652474523517,-32.27838968282875,-13.872090613449853,-18.406299069378903,-18.406299069378903
Den Helder,linear,1994,5,1994,-16.792601757770356,-20.844731517537213,-32.508907274120666,-15.716305516350314,-16.792601757770356,-16.792601757770356
Den Helder,linear,1995,0,1995,-15.178904446161802,-3.4137155457564106,-30.9654420310951,-15.786537584933303,-15.178904446161802,-15.178904446161802
Den Helder,linear,1996,-110,1996,-13.565207134553255,-31.89889825147911,-27.64006648734113,-14.074859352787875,-13.565207134553255,-13.565207134553255
Den Helder,linear,1997,-62,1997,-11.9515098229447,-28.640213447126214,-22.725986851438876,-10.774477028494172,-11.9515098229447,-11.9515098229447
Den Helder,linear,1998,18,1998,-10.337812511336146,-22.331441847126214,-16.59573479655356,-6.257922285217412,-10.337812511336146,-10.337812511336146
Den Helder,linear,1999,13,1999,-8.7241151997276,-20.765432597811213,-9.759117832884847,-1.0350026331572497,-8.7241151997276,-8.7241151997276
Den Helder,linear,2000,11,2000,-7.110417888119045,-15.186992643009106,-2.805674627655492,4.304743260463552,-7.110417888119045,-7.110417888119045
Den Helder,linear,2001,10,2001,-5.496720576510498,1.726584794517585,3.6618693538497062,9.158589930360204,-5.496720576510498,-5.496720576510498
Den Helder,linear,2002,-2,2002,-3.8830232649019436,16.559840165969685,9.095634671144744,12.978657936046687,-3.8830232649019436,-3.8830232649019436
Den Helder,linear,2003,-12,2003,-2.2693259532933894,20.755557540818984,13.06442996943165,15.33375592272504,-2.2693259532933894,-2.2693259532933894
Den Helder,linear,2004,20,2004,-0.6556286416848423,4.718863848794092,15.302422836814612,15.958051478499453,-0.6556286416848423,-0.6556286416848423
Den Helder,linear,2005,-7,2005,0.958068669923712,-2.6714999471262146,15.739145719813445,14.781077049889733,0.958068669923712,0.958068669923712
Den Helder,linear,2006,-5,2006,2.571765981532259,-7.9768143649344125,14.507449970204938,11.93568398867268,2.571765981532259,2.571765981532259
Den Helder,linear,2007,42,2007,4.185463293140813,15.780698246024485,11.928510207700683,7.743046914559868,4.185463293140813,4.185463293140813
Den Helder,linear,2008,17,2008,5.799160604749368,-6.1666655573534115,8.475571635650912,2.6764110309015443,5.799160604749368,5.799160604749368
Den Helder,linear,2009,-17,2009,7.412857916357915,-10.102866411509808,4.720532342699659,-2.6923255736582545,7.412857916357915,7.412857916357915
Den Helder,linear,2010,-30,2010,9.026555227966469,-2.000885580276911,1.2693901295738534,-7.757165098392617,9.026555227966469,9.026555227966469
Den Helder,linear,2011,17,2011,10.640252539575016,4.19870368944909,-1.3061596796502126,-11.946412219225229,10.640252539575016,10.640252539575016
Den Helder,linear,2012,2,2012,12.253949851183563,0.7794640140946854,-2.5332545236448105,-14.787204374828374,12.253949851183563,12.253949851183563
Den Helder,linear,2013,-27,2013,13.867647162792125,0.38388903122988793,-2.09123911133905,-15.958886274131174,13.867647162792125,13.867647162792125
Den Helder,linear,2014,6,2014,15.481344474400672,5.5055673016408875,0.15214051316531751,-15.329203961235354,15.481344474400672,15.481344474400672
Den Helder,linear,2015,36,2015,17.09504178600922,11.82268895287379,4.125808764516023,-12.969233021493196,17.09504178600922,17.09504178600922
Den Helder,linear,2016,17,2016,18.70873909761778,37.26621222802909,9.563383194736621,-9.14535590288116,18.70873909761778,18.70873909761778
Den Helder,linear,2017,56,2017,20.322436409226327,33.779022500271,16.033242494232447,-4.289193914993878,20.322436409226327,20.322436409226327
Den Helder,linear,2018,-11,2018,21.936133720834874,30.268070456983367,22.987245880284867,1.0511121594499935,21.936133720834874,21.936133720834874
Den Helder,linear,2019,71,2019,23.549831032443436,60.254351924380586,29.822604657025863,6.272773624582422,23.549831032443436,23.549831032443436
Den Helder,linear,2020,70,2020,25.163528344051983,57.403872325406184,35.949922175470356,10.786393831418373,25.163528344051983,25.163528344051983
Den Helder,linear,2021,42,2021,26.77722565566053,56.11688526520259,40.859722162124875,14.082496506464347,26.77722565566053,26.77722565566053
Den Helder,linear,2022,67,2022,28.390922967269077,73.73271222350428,44.1799560105535,15.789033043284423,28.390922967269077,28.390922967269077
Den Helder,linear,2023,123,2023,30.00462027887764,95.09366178960728,45.717997882622385,15.713377603744735,30.00462027887764,30.00462027887764
Den Helder,linear,2024,134,2024,31.618317590486186,113.0072397959499,45.48238740941251,13.864069818926321,31.618317590486186,31.618317590486186
Den Helder,linear,2025,85,2025,33.23201490209473,105.47326199201629,43.681865777726614,10.449850875631887,33.23201490209473,33.23201490209473
Den Helder,broken_linear,1891,-157,1891,-172.51572532562432,-157,-159.58232472206942,12.933400603554901,-172.51572532562432,-355.1142853930659
Den Helder,broken_linear,1892,-156,1892,-171.1622685527496,-156,-157.04761840525975,14.114650147489836,-171.1622685527496,-351.9706466587457
Den Helder,broken_linear,1893,-136,1893,-169.80881177987487,-136,-156.10610757882756,13.702704201047311,-169.80881177987487,-348.82700792442546
Den Helder,broken_linear,1894,-138,1894,-168.45535500700015,-138,-156.71129371696497,11.744061290035162,-168.45535500700015,-345.6833691901052
Den Helder,broken_linear,1895,-162,1895,-167.10189823412543,-162,-158.64209439676554,8.459803837359877,-167.10189823412543,-342.53973045578505
Den Helder,broken_linear,1896,-183,1896,-165.7484414612507,-183,-161.5277980449232,4.220643416327521,-165.7484414612507,-339.3960917214648
Den Helder,broken_linear,1897,-173,1897,-164.39498468837598,-173,-164.8899081209497,-0.4949234325737413,-164.39498468837598,-336.2524529871446
Den Helder,broken_linear,1898,-131,1898,-163.04152791550123,-131,-168.19615356181916,-5.154625646317926,-163.04152791550123,-333.1088142528243
Den Helder,broken_linear,1899,-132,1899,-161.6880711426265,-132,-170.92056904243572,-9.232497899809207,-161.6880711426265,-329.96517551850405
Den Helder,broken_linear,1900,-175,1900,-160.33461436975176,-175,-172.60286347398673,-12.268249104234945,-160.33461436975176,-326.8215367841838
Den Helder,broken_linear,1901,-223,1901,-158.98115759687704,-223,-172.90037550261218,-13.919217905735149,-158.98115759687704,-323.6778980498636
Den Helder,broken_linear,1902,-260,1902,-157.62770082400232,-260,-171.62675151544755,-13.999050691445257,-157.62770082400232,-320.53425931554335
Den Helder,broken_linear,1903,-165,1903,-156.2742440511276,-165,-168.77298036217394,-12.498736311046358,-156.2742440511276,-317.3906205812231
Den Helder,broken_linear,1904,-133,1904,-154.92078727825287,-133,-164.5084104913907,-9.587623213137828,-154.92078727825287,-314.24698184690294
Den Helder,broken_linear,1905,-171,1905,-153.56733050537815,-171,-159.16163469222843,-5.594304186850281,-153.56733050537815,-311.1033431125827
Den Helder,broken_linear,1906,-129,1906,-152.21387373250343,-129,-153.18340008189085,-0.9695263493874107,-152.21387373250343,-307.9597043782625
Den Helder,broken_linear,1907,-157,1907,-150.8604169596287,-157,-147.09572988572538,3.7646870739033407,-150.8604169596287,-304.81606564394224
Den Helder,broken_linear,1908,-176,1908,-149.50696018675396,-176,-141.4329999045953,8.073960282158641,-149.50696018675396,-301.67242690962195
Den Helder,broken_linear,1909,-129,1909,-148.15350341387924,-129,-136.68162068147967,11.471882732399578,-148.15350341387924,-298.52878817530177
Den Helder,broken_linear,1910,-112,1910,-146.80004664100449,-112,-133.22513376135515,13.574912879649336,-146.80004664100449,-295.3851494409815
Den Helder,broken_linear,1911,-142,1911,-145.44658986812976,-142,-131.30091932096835,14.145670547161417,-145.44658986812976,-292.24151070666124
Den Helder,broken_linear,1912,-90,1912,-144.09313309525504,-90,-130.97340180814305,13.11973128711199,-144.09313309525504,-289.097871972341
Den Helder,broken_linear,1913,-132,1913,-142.73967632238032,-132,-132.12677801235463,10.612898310025699,-142.73967632238032,-285.9542332380208
Den Helder,broken_linear,1914,-96,1914,-141.3862195495056,-96,-134.4780883878481,6.908131161657513,-141.3862195495056,-282.8105945037006
Den Helder,broken_linear,1915,-127,1915,-140.03276277663088,-127,-137.6091561996706,2.4236065769602906,-140.03276277663088,-279.66695576938037
Den Helder,broken_linear,1916,-98,1916,-138.67930600375615,-98,-141.01378935165494,-2.3344833478987814,-138.67930600375615,-276.52331703506013
Den Helder,broken_linear,1917,-152,1917,-137.32584923088143,-152,-144.15491697545616,-6.829067744574733,-137.32584923088143,-273.3796783007399
Den Helder,broken_linear,1918,-135,1918,-135.97239245800668,-135,-146.525211470526,-10.552819012519297,-135.97239245800668,-270.23603956641966
Den Helder,broken_linear,1919,-137,1919,-134.61893568513196,-137,-147.704353263557,-13.085417578425064,-134.61893568513196,-267.09240083209943
Den Helder,broken_linear,1920,-147,1920,-133.26547891225724,-147,-147.40647451000652,-14.140995597749264,-133.26547891225724,-263.9487620977792
Den Helder,broken_linear,1921,-135,1921,-131.9120221393825,-135,-145.51242651525178,-13.600404375869275,-131.9120221393825,-260.8051233634589
Den Helder,broken_linear,1922,-148,1922,-130.55856536650776,-148,-142.08322868025832,-11.524663313750558,-130.55856536650776,-257.66148462913867
Den Helder,broken_linear,1923,-125,1923,-129.20510859363304,-125,-137.35318091786863,-8.14807232423558,-129.20510859363304,-254.51784589481844
Den Helder,broken_linear,1924,-144,1924,-127.85165182075832,-144,-131.70341697784838,-3.851765157090058,-127.85165182075832,-251.37420716049823
Den Helder,broken_linear,1925,-102,1925,-126.4981950478836,-102,-125.61888385728561,0.8793111905979858,-126.4981950478836,-248.230568426178
Den Helder,broken_linear,1926,-133,1926,-125.14473827500886,-133,-119.63360325866705,5.511135016341829,-125.14473827500886,-245.08692969185776
Den Helder,broken_linear,1927,-133,1927,-123.79128150213414,-133,-114.27039372544144,9.520887776692701,-123.79128150213414,-241.94329095753753
Den Helder,broken_linear,1928,-118,1928,-122.4378247292594,-118,-109.98185733761531,12.455967391644093,-122.4378247292594,-238.7996522232173
Den Helder,broken_linear,1929,-152,1929,-121.08436795638468,-152,-107.09929211232524,13.98507584405944,-121.08436795638468,-235.65601348889706
Den Helder,broken_linear,1930,-101,1930,-119.73091118350996,-101,-105.79529663793365,13.935614545576305,-119.73091118350996,-232.51237475457683
Den Helder,broken_linear,1931,-96,1931,-118.37745441063522,-96,-106.0642879551133,12.313166455521927,-118.37745441063522,-229.3687360202566
Den Helder,broken_linear,1932,-109,1932,-117.0239976377605,-109,-107.72313173510396,9.300865902656554,-117.0239976377605,-226.22509728593636
Den Helder,broken_linear,1933,-166,1933,-115.67054086488577,-166,-110.431813623576,5.238727241309759,-115.67054086488577,-223.08145855161612
Den Helder,broken_linear,1934,-160,1934,-114.31708409201104,-160,-113.73181846578468,0.5852656262263549,-114.31708409201104,-219.9378198172959
Den Helder,broken_linear,1935,-105,1935,-112.96362731913632,-105,-117.09788534613338,-4.1342580269970615,-112.96362731913632,-216.79418108297568
Den Helder,broken_linear,1936,-93,1936,-111.6101705462616,-93,-119.99729657608754,-8.387126029825923,-111.6101705462616,-213.65054234865545
Den Helder,broken_linear,1937,-108,1937,-110.25671377338686,-108,-121.95000836763424,-11.693294594247371,-110.25671377338686,-210.50690361433522
Den Helder,broken_linear,1938,-23,1938,-108.90325700051213,-23,-122.58283592396855,-13.679578923456425,-108.90325700051213,-207.36326488001495
Den Helder,broken_linear,1939,-137,1939,-107.5498002276374,-137,-121.67157678857647,-14.121776560939077,-107.5498002276374,-204.21962614569472
Den Helder,broken_linear,1940,-118,1940,-106.19634345476268,-118,-119.16631776669007,-12.969974311927388,-106.19634345476268,-201.0759874113745
Den Helder,broken_linear,1941,-157,1941,-104.84288668188796,-157,-115.19706889254728,-10.354182210659328,-104.84288668188796,-197.93234867705428
Den Helder,broken_linear,1942,-143,1942,-103.48942990901323,-143,-110.05908850666364,-6.569658597650409,-103.48942990901323,-194.78870994273404
Den Helder,broken_linear,1943,-92,1943,-102.13597313613849,-92,-104.17955587954663,-2.0435827434081357,-102.13597313613849,-191.64507120841378
Den Helder,broken_linear,1944,-88,1944,-100.78251636326377,-88,-98.06935321973386,2.7131631435299193,-100.78251636326377,-188.50143247409358
Den Helder,broken_linear,1945,-82,1945,-99.42905959038904,-82,-92.26539968687506,7.16365990351398,-99.42905959038904,-185.35779373977334
Den Helder,broken_linear,1946,-97,1946,-98.07560281751432,-97,-87.2700464759241,10.805556341590218,-98.07560281751432,-182.2141550054531
Den Helder,broken_linear,1947,-183,1947,-96.72214604463959,-183,-83.4943737710112,13.227772273628378,-96.72214604463959,-179.07051627113287
Den Helder,broken_linear,1948,-100,1948,-95.36868927176485,-100,-81.21178994282351,14.156899328941346,-95.36868927176485,-175.9268775368126
Den Helder,broken_linear,1949,-63,1949,-94.01523249889013,-63,-80.5271704944053,13.488062004484828,-94.01523249889013,-172.7832388024924
Den Helder,broken_linear,1950,-70,1950,-92.6617757260154,-92.90391421706822,-81.365020206393325,11.296755519622069,-92.6617757260154,-169.63960006817217
Den Helder,broken_linear,1951,-94,1951,-91.30831895314068,-100.5797379515545,-83.47799468319596,7.830324269944699,-91.30831895314068,-166.49596133385194
Den Helder,broken_linear,1952,-78,1952,-89.95486218026595,-88.69980969916831,-86.47481942796206,3.480042752303894,-89.95486218026595,-163.3523225995317
Den Helder,broken_linear,1953,-107,1953,-88.60140540739123,-78.53192969105072,-89.86445507213801,-1.26304966474678,-88.60140540739123,-160.20868386521147
Den Helder,broken_linear,1954,-65,1954,-87.24794863451649,-90.85326049753351,-93.11152359570025,-5.863574961183769,-87.24794863451649,-157.06504513089124
Den Helder,broken_linear,1955,-58,1955,-85.89449186164177,-62.591350230053116,-95.69673928635262,-9.802247424710867,-85.89449186164177,-153.921406396571
Den Helder,broken_linear,1956,-136,1956,-84.54103508876705,-119.61045126070032,-97.17552327452384,-12.63448818575679,-84.54103508876705,-150.77776766225077
Den Helder,broken_linear,1957,-115,1957,-83.18757831589231,-114.71740871344731,-97.22818551044212,-14.04060719454981,-83.18757831589231,-147.63412892793053
Den Helder,broken_linear,1958,-78,1958,-81.83412154301759,-81.19978092448461,-95.69600987714152,-13.861888334123936,-81.83412154301759,-144.4904901936103
Den Helder,broken_linear,1959,-117,1959,-80.48066477014285,-73.56108155740353,-92.59916932113507,-12.118504550992224,-80.48066477014285,-141.34685145929006
Den Helder,broken_linear,1960,-85,1960,-79.12720799726813,-79.19784707523272,-88.13444882485305,-9.00724082758492,-79.12720799726813,-138.20321272496983
Den Helder,broken_linear,1961,-33,1961,-77.77375122439341,-57.144262185865315,-82.65303324103432,-4.879282016640915,-77.77375122439341,-135.0595739906496
Den Helder,broken_linear,1962,-86,1962,-76.42029445151867,-93.60016636102272,-76.62086719411788,-0.20057274259921254,-76.42029445151867,-131.91593525632936
Den Helder,broken_linear,1963,-131,1963,-75.06683767864395,-101.61309099902861,-70.5660614369952,4.500776241648741,-75.06683767864395,-128.77229652200913
Den Helder,broken_linear,1964,-89,1964,-73.71338090576921,-55.70179461525621,-65.01928218683258,8.694098718936615,-73.71338090576921,-125.6286577876889
Den Helder,broken_linear,1965,-29,1965,-72.35992413289449,-56.39828871763021,-60.453852012075146,11.906072120819351,-72.35992413289449,-122.48501905336866
Den Helder,broken_linear,1966,-3,1966,-71.00646736001977,-21.731088355294915,-57.232323401492934,13.774143958526832,-71.00646736001977,-119.34138031904843
Den Helder,broken_linear,1967,19,1967,-69.65301058714503,-31.81155225706941,-55.565555540148104,14.087455046996935,-69.65301058714503,-116.19774158472819
Den Helder,broken_linear,1968,-60,1968,-68.29955381427031,-49.675316474666715,-55.48891351382173,12.81064030044859,-68.29955381427031,-113.05410285040796
Den Helder,broken_linear,1969,-90,1969,-66.94609704139557,-64.47004675018981,-56.85827646404461,10.087820577350962,-66.94609704139557,-109.91046411608772
Den Helder,broken_linear,1970,-65,1970,-65.59264026852085,-79.22938466501671,-59.3663052744646,6.226334994056252,-65.59264026852085,-106.76682538176749
Den Helder,broken_linear,1971,-120,1971,-64.23918349564613,-96.83284830833651,-62.5771335684321,1.6620499272140261,-64.23918349564613,-103.62318664744726
Den Helder,broken_linear,1972,-132,1972,-62.885726722771395,-85.99955937826833,-65.97556626074811,-3.0898395379767125,-62.885726722771395,-100.47954791312702
Den Helder,broken_linear,1973,-80,1973,-61.53226994989667,-95.80219957539592,-69.02523236186597,-7.4929624119693035,-61.53226994989667,-97.33590917880679
Den Helder,broken_linear,1974,-82,1974,-60.178813177021944,-119.70217869936911,-71.2291280188301,-11.050314841808149,-60.178813177021944,-94.19227044448655
Den Helder,broken_linear,1975,-108,1975,-58.825356404147215,-88.58799868139201,-72.18571597852544,-13.360359574378228,-58.825356404147215,-91.04863171016632
Den Helder,broken_linear,1976,-121,1976,-57.471899631272485,-85.23041265656002,-71.63424922901456,-14.162349597742068,-57.471899631272485,-87.90499297584608
Den Helder,broken_linear,1977,-42,1977,-56.118442858397756,-61.696124784147315,-69.48420289896166,-13.365760040563899,-56.118442858397756,-84.76135424152585
Den Helder,broken_linear,1978,-63,1978,-54.764986085523034,-62.31324076694271,-65.82549228041553,-11.0605061948925,-54.764986085523034,-81.61771550720562
Den Helder,broken_linear,1979,-57,1979,-53.411529312648305,-55.053484655345414,-60.918323612476776,-7.506794299828473,-53.411529312648305,-78.47407677288538
Den Helder,broken_linear,1980,-43,1980,-52.058072539773576,-31.933511776888913,-55.16382322177443,-3.1057506820008545,-52.058072539773576,-75.33043803856515
Den Helder,broken_linear,1981,-5,1981,-50.704615766898854,-28.53866194027691,-49.05876026458296,1.6458555023158992,-50.704615766898854,-72.18679930424493
Den Helder,broken_linear,1982,-29,1982,-49.35115899402412,-30.06280769644131,-43.1394737550329,6.211685238991215,-49.35115899402412,-69.04316056992468
Den Helder,broken_linear,1983,13,1983,-47.997702221149396,-23.150650499181026,-37.921333133407344,10.076369087742055,-47.997702221149396,-65.89952183560445
Den Helder,broken_linear,1984,-40,1984,-46.64424544827467,-26.528463764320612,-33.84056578155598,12.80367966671869,-46.64424544827467,-62.75588310128422
Den Helder,broken_linear,1985,-38,1985,-45.29078867539994,-30.396520836167312,-31.20501772257397,14.085770952825971,-45.29078867539994,-59.612244366963985
Den Helder,broken_linear,1986,-38,1986,-43.937331902525216,-38.11429637945501,-30.15940540596125,13.777926496563964,-43.937331902525216,-56.46860563264376
Den Helder,broken_linear,1987,-57,1987,-42.58387512965048,-25.390069858085113,-30.668980793733922,11.914894335916557,-42.58387512965048,-53.32496689832352
Den Helder,broken_linear,1988,30,1988,-41.23041835677576,0.5781102750236755,-32.52345355593298,8.706964800842773,-41.23041835677576,-50.18132816400329
Den Helder,broken_linear,1989,-18,1989,-39.87696158390103,-26.324669381372814,-35.360727656502085,4.516233927398941,-39.87696158390103,-47.037689429683056
Den Helder,broken_linear,1990,28,1990,-38.5235048110263,-29.417372170413913,-38.707773055079684,-0.18426824405338493,-38.5235048110263,-43.894050695362814
Den Helder,broken_linear,1991,-77,1991,-37.17004803815158,-55.115671316550916,-42.03401911875504,-4.863971080603466,-37.17004803815158,-40.75041196104259
Den Helder,broken_linear,1992,-29,1992,-35.81659126527685,-32.52040553098731,-44.811242945961986,-8.994651680685138,-35.81659126527685,-37.60677322672235
Den Helder,broken_linear,1993,-41,1993,-34.46313449240212,-29.166652474523517,-46.573192689472876,-12.110058197070757,-34.46313449240212,-34.46313449240212
Den Helder,broken_linear,1994,5,1994,-31.319495758081885,-20.844731517537213,-45.17803391606759,-13.85853815798571,-33.10967771952739,-31.319495758081885
Den Helder,broken_linear,1995,0,1995,-28.17585702376165,-3.4137155457564106,-42.21858837212176,-14.042731348360107,-31.75622094665266,-28.17585702376165
Den Helder,broken_linear,1996,-110,1996,-25.03221828944142,-31.89889825147911,-37.6740651944403,-12.641846904998875,-30.40276417377794,-25.03221828944142
Den Helder,broken_linear,1997,-62,1997,-21.888579555121186,-28.640213447126214,-31.702589646801002,-9.814010091679814,-29.04930740090321,-21.888579555121186
Den Helder,broken_linear,1998,18,1998,-18.744940820800952,-22.331441847126214,-24.623354682017126,-5.878413861216173,-27.69585062802848,-18.744940820800952
Den Helder,broken_linear,1999,13,1999,-15.601302086480716,-20.765432597811213,-16.880591938903738,-1.2792898524230223,-26.34239385515375,-15.601302086480716
Den Helder,broken_linear,2000,11,2000,-12.457663352160488,-15.186992643009106,-8.99342895898193,3.4642343931785575,-24.98893708227903,-12.457663352160488
Den Helder,broken_linear,2001,10,2001,-9.314024617840253,1.726584794517585,-1.4972925050561603,7.816732112784093,-23.6354803094043,-9.314024617840253
Den Helder,broken_linear,2002,-2,2002,-6.170385883520019,16.559840165969685,5.116527899839465,11.286913783359484,-22.28202353652957,-6.170385883520019
Den Helder,broken_linear,2003,-12,2003,-3.0267471491997853,20.755557540818984,10.456334428937705,13.483081578137492,-20.928566763654842,-3.0267471491997853
Den Helder,broken_linear,2004,20,2004,0.11689158512045239,4.718863848794092,14.27423396479035,14.157342379669897,-19.575109990780113,0.11689158512045239
Den Helder,broken_linear,2005,-7,2005,3.2605303194406794,-2.6714999471262146,16.494119111385807,13.233588791945126,-18.22165321790539,3.2605303194406794
Den Helder,broken_linear,2006,-5,2006,6.4041690537609135,-7.9768143649344125,17.220258839956436,10.816089786195523,-16.868196445030662,6.4041690537609135
Den Helder,broken_linear,2007,42,2007,9.547807788081151,15.780698246024485,16.725529096679118,7.177721308597965,-15.514739672155933,9.547807788081151
Den Helder,broken_linear,2008,17,2008,12.691446522401385,-6.1666655573534115,15.420611846056609,2.729165323655224,-14.161282899281204,12.691446522401385
Den Helder,broken_linear,2009,-17,2009,15.835085256721612,-10.102866411509808,13.80763921746107,-2.0274460392605436,-12.807826126406482,15.835085256721612
Den Helder,broken_linear,2010,-30,2010,18.978723991041846,-2.000885580276911,12.423515186101767,-6.555208804940081,-11.454369353531753,18.978723991041846
Den Helder,broken_linear,2011,17,2011,22.12236272536208,4.19870368944909,11.779312371165297,-10.343050354196786,-10.100912580657024,22.12236272536208
Den Helder,broken_linear,2012,2,2012,25.266001459682315,0.7794640140946854,12.302584556236782,-12.963416903445532,-8.747455807782295,25.266001459682315
Den Helder,broken_linear,2013,-27,2013,28.40964019400255,0.38388903122988793,14.289106424059028,-14.120533769943522,-7.393999034907566,28.40964019400255
Den Helder,broken_linear,2014,6,2014,31.553278928322783,5.5055673016408875,17.869487897958518,-13.683791030364265,-6.040542262032844,31.553278928322783
Den Helder,broken_linear,2015,36,2015,34.69691766264302,11.82268895287379,22.994431506451278,-11.702486156191743,-4.687085489158115,34.69691766264302
Den Helder,broken_linear,2016,17,2016,37.84055639696325,37.26621222802909,29.44029685054686,-8.40025954641639,-3.3336287162833855,37.84055639696325
Den Helder,broken_linear,2017,56,2017,40.984195131283485,33.779022500271,36.834344082787304,-4.149851048496181,-1.9801719434086564,40.984195131283485
Den Helder,broken_linear,2018,-11,2018,44.12783386560372,30.268070456983367,44.69680703253511,0.5689731669313955,-0.6267151705339273,44.12783386560372
Den Helder,broken_linear,2019,71,2019,47.271472599923946,60.254351924380586,52.49504696051273,5.223574360588781,0.7267416023407947,47.271472599923946
Den Helder,broken_linear,2020,70,2020,50.41511133424419,57.403872325406184,59.70367432084046,9.288562986596283,2.080198375215531,50.41511133424419
Den Helder,broken_linear,2021,42,2021,53.55875006856442,56.11688526520259,65.86385226813307,12.30510219956865,3.433655148090253,53.55875006856442
Den Helder,broken_linear,2022,67,2022,56.70238880288465,73.73271222350428,70.63508800799357,13.932699205108921,4.787111920964975,56.70238880288465
Den Helder,broken_linear,2023,123,2023,59.84602753720489,95.09366178960728,73.83366602623758,13.987638489032701,6.140568693839711,59.84602753720489
Den Helder,broken_linear,2024,134,2024,62.98966627152512,113.0072397959499,75.45338503424108,12.463718762715967,7.494025466714433,62.98966627152512
Den Helder,broken_linear,2025,85,2025,66.13330500584534,105.47326199201629,75.66625794130712,9.53295293546178,8.847482239589155,66.13330500584534
Den Helder,broken_squared,1891,-157,1891,-168.4185183771482,-157,-155.2851084126887,13.133409964459489,-168.4185183771482,-88.76781968867705
Den Helder,broken_squared,1892,-156,1892,-167.1949639673844,-156,-152.9751042036665,14.219859763717942,-167.1949639673844,-89.83625135753552
Den Helder,broken_squared,1893,-136,1893,-165.97140955762066,-136,-152.2701710529152,13.701238504705476,-165.97140955762066,-90.87122337561122
Den Helder,broken_squared,1894,-138,1894,-164.7478551478569,-138,-153.1117694258067,11.6360857220502,-164.7478551478569,-91.87273574290411
Den Helder,broken_squared,1895,-162,1895,-163.52430073809313,-162,-155.2667945648099,8.257506173283218,-163.52430073809313,-92.84078845941417
Den Helder,broken_squared,1896,-183,1896,-162.30074632832938,-183,-158.35388826091997,3.9468580674093934,-162.30074632832938,-93.77538152514144
Den Helder,broken_squared,1897,-173,1897,-161.07719191856563,-173,-161.88648477916522,-0.8092928605995935,-161.07719191856563,-94.67651494008591
Den Helder,broken_squared,1898,-131,1898,-159.85363750880185,-131,-165.3277321160684,-5.474094607266532,-159.85363750880185,-95.54418870424755
Den Helder,broken_squared,1899,-132,1899,-158.6300830990381,-132,-168.15108933518164,-9.521006236143515,-158.6300830990381,-96.37840281762641
Den Helder,broken_squared,1900,-175,1900,-157.40652868927435,-175,-169.89976003774828,-12.493231348473925,-157.40652868927435,-97.17915728022246
Den Helder,broken_squared,1901,-223,1901,-156.18297427951057,-223,-170.23825339715415,-14.055279117643583,-156.18297427951057,-97.94645209203567
Den Helder,broken_squared,1902,-260,1902,-154.95941986974682,-260,-168.99025278949503,-14.030832919748217,-154.95941986974682,-98.6802872530661
Den Helder,broken_squared,1903,-165,1903,-153.73586545998307,-165,-166.15851758690104,-12.422652126917956,-153.73586545998307,-99.38066276331372
Den Helder,broken_squared,1904,-133,1904,-152.5123110502193,-133,-161.92457169255613,-9.412260642336818,-152.5123110502193,-100.04757862277853
Den Helder,broken_squared,1905,-171,1905,-151.28875664045555,-171,-156.62821397411832,-5.339457333662757,-151.28875664045555,-100.68103483146055
Den Helder,broken_squared,1906,-129,1906,-150.0652022306918,-129,-150.72916336168996,-0.6639611309981825,-150.0652022306918,-101.28103138935975
Den Helder,broken_squared,1907,-157,1907,-148.84164782092802,-157,-144.7551679317395,4.086479889188514,-148.84164782092802,-101.84756829647614
Den Helder,broken_squared,1908,-176,1908,-147.61809341116427,-176,-139.24243518013682,8.375658231027458,-147.61809341116427,-102.38064555280972
Den Helder,broken_squared,1909,-129,1909,-146.39453900140052,-129,-134.67510743561388,11.719431565786612,-146.39453900140052,-102.88026315836052
Den Helder,broken_squared,1910,-112,1910,-145.17098459163674,-112,-131.4306141450302,13.740370446606516,-145.17098459163674,-103.34642111312847
Den Helder,broken_squared,1911,-142,1911,-143.947430181873,-142,-129.73706940810533,14.210360773767642,-143.947430181873,-103.77911941711366
Den Helder,broken_squared,1912,-90,1912,-142.72387577210924,-90,-129.64752352802986,13.076352244079349,-142.72387577210924,-104.17835807031602
Den Helder,broken_squared,1913,-132,1913,-141.50032136234546,-132,-131.03397494212464,10.466346420220809,-141.50032136234546,-104.54413707273557
Den Helder,broken_squared,1914,-96,1914,-140.2767669525817,-96,-133.60181843772202,6.6749485148596985,-140.2767669525817,-104.87645642437232
Den Helder,broken_squared,1915,-127,1915,-139.05321254281796,-127,-136.9230988064442,2.130113736373775,-139.05321254281796,-105.17531612522626
Den Helder,broken_squared,1916,-98,1916,-137.82965813305418,-98,-140.48481642039175,-2.6551582873375716,-137.82965813305418,-105.44071617529738
Den Helder,broken_squared,1917,-152,1917,-136.60610372329043,-152,-143.746832223425,-7.140728500134566,-136.60610372329043,-105.67265657458572
Den Helder,broken_squared,1918,-135,1918,-135.38254931352668,-135,-146.20283609378222,-10.820286780255547,-135.38254931352668,-105.87113732309125
Den Helder,broken_squared,1919,-137,1919,-134.1589949037629,-137,-147.43749675529205,-13.278501851529132,-134.1589949037629,-106.03615842081395
Den Helder,broken_squared,1920,-147,1920,-132.93544049399915,-147,-147.17334242331884,-14.23790192931969,-132.93544049399915,-106.16771986775386
Den Helder,broken_squared,1921,-135,1921,-131.7118860842354,-135,-145.30208051806565,-13.590194433830256,-131.7118860842354,-106.26582166391097
Den Helder,broken_squared,1922,-148,1922,-130.48833167447162,-148,-141.89682122293158,-11.408489548459958,-130.48833167447162,-106.33046380928525
Den Helder,broken_squared,1923,-125,1923,-129.26477726470787,-125,-137.20382515000307,-7.9390478852951984,-129.26477726470787,-106.36164630387674
Den Helder,broken_squared,1924,-144,1924,-128.04122285494412,-144,-131.6147065974825,-3.573483742538365,-128.04122285494412,-106.35936914768544
Den Helder,broken_squared,1925,-102,1925,-126.81766844518035,-102,-125.62222996494872,1.1954384802316254,-126.81766844518035,-106.3236323407113
Den Helder,broken_squared,1926,-133,1926,-125.5941140354166,-133,-119.76468881971552,5.829425215701086,-125.5941140354166,-106.25443588295437
Den Helder,broken_squared,1927,-133,1927,-124.37055962565283,-133,-114.56514584433421,9.805413781318624,-124.37055962565283,-106.15177977441463
Den Helder,broken_squared,1928,-118,1928,-123.14700521588907,-118,-110.47239197491312,12.674613240975955,-123.14700521588907,-106.01566401509209
Den Helder,broken_squared,1929,-152,1929,-121.92345080612532,-152,-107.81028898573311,14.113161820392216,-121.92345080612532,-105.84608860498673
Den Helder,broken_squared,1930,-101,1930,-120.69989639636155,-101,-106.74121349155018,13.958682904811377,-120.69989639636155,-105.64305354409858
Den Helder,broken_squared,1931,-96,1931,-119.47634198659779,-96,-107.24772863710474,12.228613349493049,-119.47634198659779,-105.4065588324276
Den Helder,broken_squared,1932,-109,1932,-118.25278757683404,-109,-109.13455228753902,9.118235289295022,-118.25278757683404,-105.13660446997385
Den Helder,broken_squared,1933,-166,1933,-117.02923316707029,-166,-112.0505995596221,4.978633607448192,-117.02923316707029,-104.83319045673727
Den Helder,broken_squared,1934,-160,1934,-115.80567875730651,-160,-115.5286116362695,0.27706712103700504,-115.80567875730651,-104.49631679271788
Den Helder,broken_squared,1935,-105,1935,-114.58212434754276,-105,-119.03789774969115,-4.45577340214839,-114.58212434754276,-104.1259834779157
Den Helder,broken_squared,1936,-93,1936,-113.35856993777901,-93,-122.04423706554665,-8.685667127767637,-113.35856993777901,-103.72219051233071
Den Helder,broken_squared,1937,-108,1937,-112.13501552801523,-108,-124.0701790244517,-11.935163496436468,-112.13501552801523,-103.28493789596288
Den Helder,broken_squared,1938,-23,1938,-110.91146111825148,-23,-124.74893572118278,-13.837474602931302,-110.91146111825148,-102.81422562881228
Den Helder,broken_squared,1939,-137,1939,-109.68790670848773,-137,-123.8657832026491,-14.177876494161367,-109.68790670848773,-102.31005371087888
Den Helder,broken_squared,1940,-118,1940,-108.46435229872395,-118,-121.38229850034932,-12.917946201625371,-108.46435229872395,-101.77242214216263
Den Helder,broken_squared,1941,-157,1941,-107.2407978889602,-157,-117.44069663479647,-10.199898745836265,-107.2407978889602,-101.2013309226636
Den Helder,broken_squared,1942,-143,1942,-106.01724347919645,-143,-112.34777805119778,-6.33053457200132,-106.01724347919645,-100.59678005238177
Den Helder,broken_squared,1943,-92,1943,-104.79368906943267,-92,-106.54029842454092,-1.7466093551082564,-104.79368906943267,-99.95876953131712
Den Helder,broken_squared,1944,-88,1944,-103.57013465966892,-88,-100.53566972802182,3.0344649316471157,-103.57013465966892,-99.28729935946967
Den Helder,broken_squared,1945,-82,1945,-102.34658024990517,-82,-94.8735571969259,7.473023052979277,-102.34658024990517,-98.58236953683942
Den Helder,broken_squared,1946,-97,1946,-101.12302584014141,-97,-90.05496444868558,11.068061391455823,-101.12302584014141,-97.84398006342636
Den Helder,broken_squared,1947,-183,1947,-99.89947143037764,-183,-86.48568254498109,13.413788885396556,-99.89947143037764,-97.07213093923049
Den Helder,broken_squared,1948,-100,1948,-98.6759170206139,-100,-84.4304862004493,14.245430820164602,-98.6759170206139,-96.26682216425182
Den Helder,broken_squared,1949,-63,1949,-97.45236261085013,-63,-83.98324725507459,13.469115355775545,-97.45236261085013,-95.42805373849033
Den Helder,broken_squared,1950,-70,1950,-96.22880820108637,-92.90391421706822,-85.0563388612872,11.172469339799166,-96.22880820108637,-94.55582566194603
Den Helder,broken_squared,1951,-94,1951,-95.00525379132262,-100.5797379515545,-87.39052639141926,7.614727399903345,-95.00525379132262,-93.65013793461895
Den Helder,broken_squared,1952,-78,1952,-93.78169938155885,-88.69980969916831,-90.5842286262879,3.19747075527096,-93.78169938155885,-92.71099055650905
Den Helder,broken_squared,1953,-107,1953,-92.55814497179509,-78.53192969105072,-94.13884635921562,-1.5807013874205316,-92.55814497179509,-91.73838352761632
Den Helder,broken_squared,1954,-65,1954,-91.33459056203134,-90.85326049753351,-97.5150419353236,-6.180451373292254,-91.33459056203134,-90.73231684794082
Den Helder,broken_squared,1955,-58,1955,-90.11103615226757,-62.591350230053116,-100.19361715573484,-10.082581003467276,-90.11103615226757,-89.69279051748249
Den Helder,broken_squared,1956,-136,1956,-88.88748174250381,-119.61045126070032,-101.73411793446778,-12.846636191963965,-88.88748174250381,-88.61980453624136
Den Helder,broken_squared,1957,-115,1957,-87.66392733274006,-114.71740871344731,-101.82455068929035,-14.160623356550289,-87.66392733274006,-87.51335890421743
Den Helder,broken_squared,1958,-78,1958,-86.4403729229763,-81.19978092448461,-100.31659871357803,-13.876225790601744,-86.4403729229763,-86.37345362141068
Den Helder,broken_squared,1959,-117,1959,-85.21681851321253,-73.56108155740353,-97.24236347033624,-12.025544957123703,-85.21681851321253,-85.20008868782112
Den Helder,broken_squared,1960,-85,1960,-83.99326410344878,-79.19784707523272,-92.81074112965881,-8.817477026210032,-83.99326410344878,-83.99326410344878
Den Helder,broken_squared,1961,-33,1961,-82.75297986829361,-57.144262185865315,-87.3671135236838,-4.614133655390184,-82.76970969368502,-82.75297986829361
Den Helder,broken_squared,1962,-86,1962,-81.47923598235563,-93.60016636102272,-81.36920450691417,0.11003147544145797,-81.54615528392125,-81.47923598235563
Den Helder,broken_squared,1963,-131,1963,-80.17203244563487,-101.61309099902861,-75.35025567610168,4.821776769533188,-80.3226008741575,-80.17203244563487
Den Helder,broken_squared,1964,-89,1964,-78.83136925813129,-55.70179461525621,-69.84210673509395,8.989262523037343,-79.09904646439374,-78.83136925813129
Den Helder,broken_squared,1965,-29,1965,-77.45724641984489,-56.39828871763021,-65.3151639241672,12.142082495677704,-77.87549205462997,-77.45724641984489
Den Helder,broken_squared,1966,-3,1966,-76.04966393077571,-21.731088355294915,-62.12530277051444,13.924361160261274,-76.65193764486622,-76.04966393077571
Den Helder,broken_squared,1967,19,1967,-74.60862179092369,-31.81155225706941,-60.47369852831051,14.134923262613192,-75.42838323510246,-74.60862179092369
Den Helder,broken_squared,1968,-60,1968,-73.13412000028889,-49.675316474666715,-60.38411845982591,12.750001540462977,-74.2048288253387,-73.13412000028889
Den Helder,broken_squared,1969,-90,1969,-71.62615855887128,-64.47004675018981,-61.70023909836473,9.925919460506538,-72.98127441557494,-71.62615855887128
Den Helder,broken_squared,1970,-65,1970,-70.08473746667084,-79.22938466501671,-64.10329130780052,5.981446158870321,-71.75772000581118,-70.08473746667084
Den Helder,broken_squared,1971,-120,1971,-68.50985672368762,-96.83284830833651,-67.14804144717063,1.361815276516988,-70.53416559604742,-68.50985672368762
Den Helder,broken_squared,1972,-132,1972,-66.90151632992159,-85.99955937826833,-70.31304725527366,-3.4115309253520625,-69.31061118628367,-66.90151632992159
Den Helder,broken_squared,1973,-80,1973,-65.25971628537275,-95.80219957539592,-73.05951580679003,-7.799799521417282,-68.0870567765199,-65.25971628537275
Den Helder,broken_squared,1974,-82,1974,-63.584456590041086,-119.70217869936911,-74.89211992996839,-11.307663339927302,-66.86350236675614,-63.584456590041086
Den Helder,broken_squared,1975,-108,1975,-61.87573724392664,-88.58799868139201,-75.41490841396687,-13.539171170040229,-65.63994795699239,-61.87573724392664
Den Helder,broken_squared,1976,-121,1976,-60.13355824702938,-85.23041265656002,-74.37599912394484,-14.242440876915463,-64.41639354722862,-60.13355824702938
Den Helder,broken_squared,1977,-42,1977,-58.35791959934931,-61.696124784147315,-71.69601027474968,-13.338090675400366,-63.192839137464865,-58.35791959934931
Den Helder,broken_squared,1978,-63,1978,-56.54882130088644,-62.31324076694271,-67.47702067440851,-10.92819937352207,-61.96928472770111,-56.54882130088644
Den Helder,broken_squared,1979,-57,1979,-54.70626335164075,-55.053484655345414,-61.99104754717645,-7.284784195535705,-60.745730317937344,-54.70626335164075
Den Helder,broken_squared,1980,-43,1980,-52.83024575161227,-31.933511776888913,-55.649342505419774,-2.8190967538075076,-59.52217590817359,-52.83024575161227
Den Helder,broken_squared,1981,-5,1981,-50.920768500800975,-28.53866194027691,-48.9559713969811,1.964797103819877,-58.29862149840983,-50.920768500800975
Den Helder,broken_squared,1982,-29,1982,-48.977831599206866,-30.06280769644131,-42.45091771707807,6.526913882128795,-57.075067088646065,-48.977831599206866
Den Helder,broken_squared,1983,13,1983,-47.00143504682996,-23.150650499181026,-36.649131804672535,10.352303242157426,-55.85151267888231,-47.00143504682996
Den Helder,broken_squared,1984,-40,1984,-44.99157884367025,-26.528463764320612,-31.98240566407565,13.009173179594603,-54.62795826911855,-44.99157884367025
Den Helder,broken_squared,1985,-38,1985,-42.94826298972772,-30.396520836167312,-28.75063430923479,14.19762868049293,-53.40440385935479,-42.94826298972772
Den Helder,broken_squared,1986,-38,1986,-40.87148748500239,-38.11429637945501,-27.087965021503777,13.783522463498617,-52.18084944959103,-40.87148748500239
Den Helder,broken_squared,1987,-57,1987,-38.76125232949426,-25.390069858085113,-26.947655433869706,11.81359689562456,-50.95729503982727,-38.76125232949426
Den Helder,broken_squared,1988,30,1988,-36.61755752320332,0.5781102750236755,-28.107349590051594,8.51020793315172,-49.73374063006351,-36.61755752320332
Den Helder,broken_squared,1989,-18,1989,-34.44040306612957,-26.324669381372814,-30.194176441672113,4.246226624457456,-48.51018622029975,-34.44040306612957
Den Helder,broken_squared,1990,28,1990,-32.22978895827302,-29.417372170413913,-32.726837782889874,-0.49704882461685784,-47.286631810535994,-32.22978895827302
Den Helder,broken_squared,1991,-77,1991,-29.985715199633653,-55.115671316550916,-35.16993493388516,-5.184219734251501,-46.06307740077223,-29.985715199633653
Den Helder,broken_squared,1992,-29,1992,-27.708181790211487,-32.52040553098731,-36.99440203203815,-9.286220241826664,-44.83952299100847,-27.708181790211487
Den Helder,broken_squared,1993,-41,1993,-25.397188730006516,-29.166652474523517,-37.73722450441194,-12.340035774405422,-43.615968581244715,-25.397188730006516
Den Helder,broken_squared,1994,5,1994,-23.052736019018727,-20.844731517537213,-37.05370198053257,-14.00096596151384,-42.39241417148095,-23.052736019018727
Den Helder,broken_squared,1995,0,1995,-20.674823657248144,-3.4137155457564106,-34.75635645306148,-14.081532795813336,-41.168859761717194,-20.674823657248144
Den Helder,broken_squared,1996,-110,1996,-18.263451644694754,-31.89889825147911,-30.83609391571875,-12.572642271023994,-39.94530535195344,-18.263451644694754
Den Helder,broken_squared,1997,-62,1997,-15.818619981358552,-28.640213447126214,-25.463230852047914,-9.644610870689359,-38.72175094218968,-15.818619981358552
Den Helder,broken_squared,1998,18,1998,-13.34032866723954,-22.331441847126214,-18.968269709785964,-5.627941042546422,-37.498196532425915,-13.34032866723954
Den Helder,broken_squared,1999,13,1999,-10.828577702337732,-20.765432597811213,-11.80459333510074,-0.9760156327630121,-36.27464212266216,-10.828577702337732
Den Helder,broken_squared,2000,11,2000,-8.2833670866531115,-15.186992643009106,-4.497289243941609,3.786077842711501,-35.0510877128984,-8.2833670866531115
Den Helder,broken_squared,2001,10,2001,-5.704696820185678,1.726584794517585,2.416119793335648,8.120816613521324,-33.827533303134636,-5.704696820185678
Den Helder,broken_squared,2002,-2,2002,-3.0925669029354452,16.559840165969685,8.446348800521633,11.538915703457082,-32.60397889337088,-3.0925669029354452
Den Helder,broken_squared,2003,-12,2003,-0.44697733490240665,20.755557540818984,13.207578788208544,13.654556123110956,-31.380424483607122,-0.44697733490240665
Den Helder,broken_squared,2004,20,2004,2.2320718839134415,4.718863848794092,16.461006191261482,14.228934307348037,-30.156870073843358,2.2320718839134415
Den Helder,broken_squared,2005,-7,2005,4.944580753512092,-2.6714999471262146,18.141797894914163,13.197217141402072,-28.9333156640796,4.944580753512092
Den Helder,broken_squared,2006,-5,2006,7.690549273893552,-7.9768143649344125,18.3664092926021,10.675860018708548,-27.709761254315843,7.690549273893552
Den Helder,broken_squared,2007,42,2007,10.469977445057822,15.780698246024485,17.419439347496926,6.949461902439104,-26.48620684455208,10.469977445057822
Den Helder,broken_squared,2008,17,2008,13.282865267004894,-6.1666655573534115,15.721506396727442,2.4386411297225488,-25.262652434788322,13.282865267004894
Den Helder,broken_squared,2009,-17,2009,16.12921273973477,-10.102866411509808,13.781770726797161,-2.3474420129376137,-24.039098025024565,16.12921273973477
Den Helder,broken_squared,2010,-30,2010,19.00901986324746,-2.000885580276911,12.140462949147302,-6.868556914100159,-22.815543615260808,19.00901986324746
Den Helder,broken_squared,2011,17,2011,21.922286637542953,4.19870368944909,11.30790530320596,-10.614381334336995,-21.591989205497043,21.922286637542953
Den Helder,broken_squared,2012,2,2012,24.869013062621256,0.7794640140946854,11.706908876156044,-13.162104186465214,-20.368434795733286,24.869013062621256
Den Helder,broken_squared,2013,-27,2013,27.849199138482355,0.38388903122988793,13.625048671014138,-14.224150467468217,-19.14488038596953,27.849199138482355
Den Helder,broken_squared,2014,6,2014,30.862844865126277,5.5055673016408875,17.18220348943563,-13.680641375690644,-17.921325976205765,30.862844865126277
Den Helder,broken_squared,2015,36,2015,33.909950242552995,11.82268895287379,22.3170245749901,-11.592925667562895,-16.697771566442007,33.909950242552995
Den Helder,broken_squared,2016,17,2016,36.990515270762515,37.26621222802909,28.79386037297207,-8.196654897790443,-15.47421715667825,36.990515270762515
Den Helder,broken_squared,2017,56,2017,40.10453994975486,33.779022500271,36.22935577234723,-3.875184177407621,-14.250662746914486,40.10453994975486
Den Helder,broken_squared,2018,-11,2018,43.25202427952999,30.268070456983367,44.13572343219184,0.8836991526618485,-13.027108337150729,43.25202427952999
Den Helder,broken_squared,2019,71,2019,46.43296826008793,60.254351924380586,51.97580292830318,5.542834668215235,-11.803553927386972,46.43296826008793
Den Helder,broken_squared,2020,70,2020,49.64737189142869,57.403872325406184,59.223692901818495,9.576321010389801,-10.579999517623207,49.64737189142869
Den Helder,broken_squared,2021,42,2021,52.89523517355225,56.11688526520259,65.42411233736,12.52887716380775,-9.35644510785945,52.89523517355225
Den Helder,broken_squared,2022,67,2022,56.176558106458614,73.73271222350428,70.24379054811948,14.06723244166087,-8.132890698095693,56.176558106458614
Den Helder,broken_squared,2023,123,2023,59.491340690147794,95.09366178960728,73.50908520746017,14.017744517312378,-6.909336288331929,59.491340690147794
Den Helder,broken_squared,2024,134,2024,62.83958292461976,113.0072397959499,75.22558228011205,12.385999355492295,-5.685781878568179,62.83958292461976
Den Helder,broken_squared,2025,85,2025,66.22128480987455,105.47326199201629,75.57746550467947,9.356180694804927,-4.462227468804414,66.22128480987455
Delfzijl,linear,1891,-127,1891,-129.21649673791958,-127,-114.01365408457734,15.202842653342262,-129.21649673791958,-129.21649673791958
Delfzijl,linear,1892,-127,1892,-127.27051700447453,-127,-111.91207242070881,15.358444583765726,-127.27051700447453,-127.27051700447453
Delfzijl,linear,1893,-83,1893,-125.32453727102947,-83,-111.5440799279767,13.780457343052761,-125.32453727102947,-125.32453727102947
Delfzijl,linear,1894,-116,1894,-123.37855753758441,-116,-112.7315608097083,10.646996727876108,-123.37855753758441,-123.37855753758441
Delfzijl,linear,1895,-128,1895,-121.43257780413936,-128,-115.12082473215752,6.311753071981843,-121.43257780413936,-121.43257780413936
Delfzijl,linear,1896,-122,1896,-119.4865980706943,-122,-118.22252973005526,1.264068340639045,-119.4865980706943,-119.4865980706943
Delfzijl,linear,1897,-122,1897,-117.54061833724924,-122,-121.4669168319224,-3.926298494673149,-117.54061833724924,-117.54061833724924
Delfzijl,linear,1898,-65,1898,-115.59463860380419,-65,-124.26812177977048,-8.673483175966297,-115.59463860380419,-115.59463860380419
Delfzijl,linear,1899,-91,1899,-113.64865887035913,-91,-126.090304637987,-12.441645767627868,-113.64865887035913,-113.64865887035913
Delfzijl,linear,1900,-112,1900,-111.70267913691407,-112,-126.50813289139714,-14.805453754483063,-111.70267913691407,-111.70267913691407
Delfzijl,linear,1901,-130,1901,-109.75669940346901,-130,-125.2547909841477,-15.498091580678686,-109.75669940346901,-109.75669940346901
Delfzijl,linear,1902,-161,1902,-107.81071967002396,-161,-122.25209720789816,-14.441377537874207,-107.81071967002396,-107.81071967002396
Delfzijl,linear,1903,-36,1903,-105.8647399365789,-36,-117.61932848627198,-11.754588549693093,-105.8647399365789,-105.8647399365789
Delfzijl,linear,1904,-134,1904,-103.91876020313384,-134,-111.65975695530071,-7.740996752166854,-103.91876020313384,-103.91876020313384
Delfzijl,linear,1905,-196,1905,-101.97278046968879,-196,-104.82641802749654,-2.853637557807759,-101.97278046968879,-101.97278046968879
Delfzijl,linear,1906,-115,1906,-100.02680073624373,-115,-97.67097387988434,2.3558268563593927,-100.02680073624373,-100.02680073624373
Delfzijl,linear,1907,-130,1907,-98.08082100279867,-130,-90.78144441555808,7.299376587240586,-98.08082100279867,-98.08082100279867
Delfzijl,linear,1908,-123,1908,-96.13484126935361,-123,-84.71583433568969,11.419006933663919,-96.13484126935361,-96.13484126935361
Delfzijl,linear,1909,-76,1909,-94.18886153590856,-76,-79.93914818671578,14.249713349192781,-94.18886153590856,-94.18886153590856
Delfzijl,linear,1910,-66,1910,-92.2428818024635,-66,-76.77090282868436,15.471978973779146,-92.2428818024635,-92.2428818024635
Delfzijl,linear,1911,-54,1911,-90.29690206901844,-54,-75.34906187109237,14.94784019792606,-90.29690206901844,-90.29690206901844
Delfzijl,linear,1912,14,1912,-88.35092233557339,14,-75.61446298789598,12.736459347677403,-88.35092233557339,-88.35092233557339
Delfzijl,linear,1913,-45,1913,-86.40494260212833,-45,-77.31749588331682,9.087446718811506,-86.40494260212833,-86.40494260212833
Delfzijl,linear,1914,-40,1914,-84.45896286868327,-40,-80.0462771309935,4.412685737689769,-84.45896286868327,-84.45896286868327
Delfzijl,linear,1915,-80,1915,-82.51298313523822,-80,-83.27314164281611,-0.7601585075778909,-82.51298313523822,-82.51298313523822
Delfzijl,linear,1916,-9,1916,-80.56700340179316,-9,-86.41420302855421,-5.847199626761048,-80.56700340179316,-80.56700340179316
Delfzijl,linear,1917,-73,1917,-78.6210236683481,-73,-88.89525995230782,-10.274236283959729,-78.6210236683481,-78.6210236683481
Delfzijl,linear,1918,-87,1918,-76.67504393490304,-87,-90.2166092854636,-13.541565350560564,-76.67504393490304,-76.67504393490304
Delfzijl,linear,1919,-112,1919,-74.72906420145799,-112,-90.00945025151677,-15.28038605005878,-74.72906420145799,-74.72906420145799
Delfzijl,linear,1920,-85,1920,-72.78308446801293,-85,-88.07751292751009,-15.294428459497155,-72.78308446801293,-72.78308446801293
Delfzijl,linear,1921,-17,1921,-70.83710473456787,-17,-84.41921227214553,-13.582107537577663,-70.83710473456787,-70.83710473456787
Delfzijl,linear,1922,-76,1922,-68.89112500112282,-76,-79.22782703780979,-10.336702036686974,-68.89112500112282,-68.89112500112282
Delfzijl,linear,1923,-52,1923,-66.94514526767774,-52,-72.86968337176371,-5.9245381040859675,-66.94514526767774,-66.94514526767774
Delfzijl,linear,1924,-87,1924,-64.99916553423269,-87,-65.84280563924288,-0.8436401050101976,-64.99916553423269,-64.99916553423269
Delfzijl,linear,1925,-5,1925,-63.05318580078763,-5,-58.72070176956963,4.3324840312180015,-63.05318580078763,-63.05318580078763
Delfzijl,linear,1926,-17,1926,-61.107206067342574,-17,-52.08762837167861,9.0195776956639655,-61.107206067342574,-61.107206067342574
Delfzijl,linear,1927,-43,1927,-59.16122633389752,-43,-46.472642589115225,12.688583744782292,-59.16122633389752,-59.16122633389752
Delfzijl,linear,1928,-30,1928,-57.21524660045246,-30,-42.28988461172054,14.925361988731925,-57.21524660045246,-57.21524660045246
Delfzijl,linear,1929,-69,1929,-55.2692668670074,-69,-39.79183147392313,15.47743539308427,-55.2692668670074,-55.2692668670074
Delfzijl,linear,1930,-47,1930,-53.323287133562346,-47,-39.04079863157779,14.282488501984552,-53.323287133562346,-53.323287133562346
Delfzijl,linear,1931,-17,1931,-51.37730740011729,-17,-39.901906085658894,11.475401314458395,-51.37730740011729,-51.37730740011729
Delfzijl,linear,1932,-34,1932,-49.43132766667223,-34,-42.05830300376668,7.3730246629055465,-49.43132766667223,-49.43132766667223
Delfzijl,linear,1933,-79,1933,-47.485347933227175,-79,-45.046932355596674,2.438415577630504,-47.485347933227175,-47.485347933227175
Delfzijl,linear,1934,-57,1934,-45.53936819978212,-57,-48.31079861810831,-2.771430418326191,-45.53936819978212,-45.53936819978212
Delfzijl,linear,1935,-14,1935,-43.59338846633706,-14,-51.261838817045295,-7.668450350708237,-43.59338846633706,-43.59338846633706
Delfzijl,linear,1936,-15,1936,-41.647408732892,-15,-53.34730031659777,-11.699891583705769,-41.647408732892,-41.647408732892
Delfzijl,linear,1937,-52,1937,-39.70142899944695,-52,-54.11213294371731,-14.410703944270365,-39.70142899944695,-39.70142899944695
Delfzijl,linear,1938,-5,1938,-37.75544926600189,-5,-53.2503529168024,-15.494903650800504,-37.75544926600189,-37.75544926600189
Delfzijl,linear,1939,-68,1939,-35.80946953255683,-68,-50.639580859455975,-14.830111326899146,-35.80946953255683,-35.80946953255683
Delfzijl,linear,1940,-47,1940,-33.863489799111775,-47,-46.3548554103556,-12.491365611243825,-33.863489799111775,-33.863489799111775
Delfzijl,linear,1941,-99,1941,-31.917510065666715,-99,-40.66016321375997,-8.742653148093257,-31.917510065666715,-31.917510065666715
Delfzijl,linear,1942,-78,1942,-29.971530332221658,-78,-33.978641345586986,-4.007111013365328,-29.971530332221658,-29.971530332221658
Delfzijl,linear,1943,-10,1943,-28.0255505987766,-10,-26.844815585413496,1.180735013363102,-28.0255505987766,-28.0255505987766
Delfzijl,linear,1944,21,1944,-26.079570865331544,21,-19.84426565418115,6.235305211150395,-26.079570865331544,-26.079570865331544
Delfzijl,linear,1945,22,1945,-24.133591131886487,22,-13.547527722518492,10.586063409367995,-24.133591131886487,-24.133591131886487
Delfzijl,linear,1946,-5,1946,-22.18761139844143,-5,-8.445694964446307,13.741916433995122,-22.18761139844143,-22.18761139844143
Delfzijl,linear,1947,-106,1947,-20.241631664996365,-106,-4.894985263836384,15.346646401159981,-20.241631664996365,-20.241631664996365
Delfzijl,linear,1948,-10,1948,-18.29565193155131,-10,-3.076533010861027,15.219118920690281,-18.29565193155131,-18.29565193155131
Delfzijl,linear,1949,13,1949,-16.34967219810625,13,-2.9759435018144593,13.373728696291792,-16.34967219810625,-16.34967219810625
Delfzijl,linear,1950,-21,1950,-14.403692464661194,-48.998951157283514,-4.3849177457350805,10.018774718926112,-14.403692464661194,-14.403692464661194
Delfzijl,linear,1951,-47,1951,-12.457712731216137,-54.746509182646115,-6.924764277279453,5.532948453936684,-12.457712731216137,-12.457712731216137
Delfzijl,linear,1952,2,1952,-10.51173299777108,-18.705917064921508,-10.089144072715634,0.4225889250554462,-10.51173299777108,-10.51173299777108
Delfzijl,linear,1953,-27,1953,-8.565753264326023,-14.052679326700712,-13.301223723454381,-4.735470459128358,-8.565753264326023,-8.565753264326023
Delfzijl,linear,1954,-19,1954,-6.619773530880966,-53.44216572177841,-15.978785685021748,-9.35901215414078,-6.619773530880966,-6.619773530880966
Delfzijl,linear,1955,4,1955,-4.673793797435909,-17.820695293923407,-17.59994626203077,-12.926152464594862,-4.673793797435909,-4.673793797435909
Delfzijl,linear,1956,-40,1956,-2.727814063990852,-40.45655204946611,-17.76206339132201,-15.034249327331157,-2.727814063990852,-2.727814063990852
Delfzijl,linear,1957,-20,1957,-0.7818343305457951,-31.94994240714371,-16.22718498907512,-15.445350658529323,-0.7818343305457951,-0.7818343305457951
Delfzijl,linear,1958,-30,1958,1.164145402899262,-36.169359226261015,-12.948907865688582,-14.113053268587844,1.164145402899262,1.164145402899262
Delfzijl,linear,1959,-63,1959,3.1101251363443225,-28.96759634311531,-8.07761550012335,-11.187740636467675,3.1101251363443225,3.1101251363443225
Delfzijl,linear,1960,-15,1960,5.05610486978938,-0.1893493790677141,-1.9435034583153872,-6.999608328104767,5.05610486978938,5.05610486978938
Delfzijl,linear,1961,86,1961,7.002084603234437,53.17888896395999,4.980691533209075,-2.021393070025364,7.002084603234437,7.002084603234437
Delfzijl,linear,1962,16,1962,8.948064336679494,-10.304086540873215,12.133051891199756,3.1849875545202617,8.948064336679494,8.948064336679494
Delfzijl,linear,1963,-29,1963,10.89404407012455,-6.81571104480491,18.92590579626767,8.03186172614312,10.89404407012455,10.89404407012455
Delfzijl,linear,1964,-14,1964,12.840023803569608,2.987686332578189,24.812160830820737,11.972137027251128,12.840023803569608,12.840023803569608
Delfzijl,linear,1965,0,1965,14.786003537014667,-32.487938298502215,29.347057204501183,14.561053667486519,14.786003537014667,14.786003537014667
Delfzijl,linear,1966,30,1966,16.731983270459722,14.078034317060691,32.23837015274977,15.506386882290053,16.731983270459722,16.731983270459722
Delfzijl,linear,1967,103,1967,18.67796300390478,37.12839814275209,33.37939489726942,14.701431893364639,18.67796300390478,18.67796300390478
Delfzijl,linear,1968,37,1968,20.62394273734984,42.18191536645819,32.86099098079846,12.237048243448628,20.62394273734984,20.62394273734984
Delfzijl,linear,1969,12,1969,22.569922470794896,36.42439447071959,30.961326468190045,8.391403997395145,22.569922470794896,22.569922470794896
Delfzijl,linear,1970,62,1970,24.515902204239953,40.152754404560085,28.114479640264875,3.598577436024918,24.515902204239953,24.515902204239953
Delfzijl,linear,1971,26,1971,26.46188193768501,32.763221912178786,24.861442273931736,-1.6004396637532734,26.46188193768501,26.46188193768501
Delfzijl,linear,1972,-57,1972,28.407861671130068,-15.567231576530055,21.78905502844955,-6.618806642680516,28.407861671130068,28.407861671130068
Delfzijl,linear,1973,35,1973,30.353841404575128,-6.50748643905132,19.46376762494782,-10.890073779627311,30.353841404575128,30.353841404575128
Delfzijl,linear,1974,35,1974,32.299821138020185,-4.8359369787237085,18.367700659379885,-13.932120478640302,32.299821138020185,32.299821138020185
Delfzijl,linear,1975,7,1975,34.24580087146524,11.761475979660183,18.844226091499717,-15.401574779965522,34.24580087146524,34.24580087146524
Delfzijl,linear,1976,-22,1976,36.1917806049103,-0.9206677901936153,21.059209028959565,-15.132571575950733,36.1917806049103,36.1917806049103
Delfzijl,linear,1977,15,1977,38.137760338355356,-9.577925367723807,24.98228565210713,-13.155474686248223,38.137760338355356,38.137760338355356
Delfzijl,linear,1978,15,1978,40.08374007180041,8.545699463305986,30.39029053949742,-9.693449532302985,40.08374007180041,40.08374007180041
Delfzijl,linear,1979,1,1979,42.02971980524547,6.742786914517588,36.8924465336945,-5.13727327155097,42.02971980524547,42.02971980524547
Delfzijl,linear,1980,45,1980,43.97569953869053,45.19999383513289,43.97447383348871,-0.001225705201820304,43.97569953869053,43.97569953869053
Delfzijl,linear,1981,107,1981,45.921679272135584,66.76144473369568,51.05663948513573,5.134960213000154,45.921679272135584,45.921679272135584
Delfzijl,linear,1982,79,1982,47.86765900558065,66.87786387232579,57.55919491838326,9.691535912802621,47.86765900558065,47.86765900558065
Delfzijl,linear,1983,128,1983,49.813638739025706,70.00194579123009,62.96781524521553,13.154176506189836,49.813638739025706,49.813638739025706
Delfzijl,linear,1984,31,1984,51.75961847247076,34.68032768212748,66.89165384027972,15.132035367808957,51.75961847247076,51.75961847247076
Delfzijl,linear,1985,47,1985,53.70559820591582,39.849718534791585,69.10745927431563,15.401861068399805,53.70559820591582,53.70559820591582
Delfzijl,linear,1986,19,1986,55.65157793936088,5.272367363832686,69.58477488811617,13.93319694875529,55.65157793936088,55.65157793936088
Delfzijl,linear,1987,23,1987,57.597557672805934,45.649007599449085,68.48937659733258,10.891818924526639,57.597557672805934,57.597557672805934
Delfzijl,linear,1988,111,1988,59.54353740625099,70.39589262475039,66.16456088484621,6.621023478595225,59.54353740625099,59.54353740625099
Delfzijl,linear,1989,75,1989,61.48951713969605,47.75925749807929,63.09239510434155,1.6028779646454934,61.48951713969605,61.48951713969605
Delfzijl,linear,1990,124,1990,63.435496873141105,44.46232250355908,59.8393039790204,-3.5961928941207186,63.435496873141105,63.435496873141105
Delfzijl,linear,1991,9,1991,65.38147660658616,7.741635432325786,56.99213423620403,-8.389342370382138,65.38147660658616,65.38147660658616
Delfzijl,linear,1992,57,1992,67.32745634003122,39.404493512182086,55.09191410191923,-12.235542238111986,67.32745634003122,67.32745634003122
Delfzijl,linear,1993,54,1993,69.27343607347628,49.91811979342169,54.572784572954845,-14.700651500521433,69.27343607347628,69.27343607347628
Delfzijl,linear,1994,93,1994,71.21941580692133,56.21997350355869,55.7129956178981,-15.506420189023231,71.21941580692133,71.21941580692133
Delfzijl,linear,1995,106,1995,73.16539554036639,85.19955051643538,58.60349862607809,-14.561896914288297,73.16539554036639,73.16539554036639
Delfzijl,linear,1996,-37,1996,75.11137527381145,32.633936348794094,63.13768024143288,-11.97369503237857,75.11137527381145,75.11137527381145
Delfzijl,linear,1997,39,1997,77.0573550072565,54.57092459670939,69.02339637796973,-8.033958629286765,77.0573550072565,77.0573550072565
Delfzijl,linear,1998,131,1998,79.00333474070156,83.08394309807929,75.81594807361077,-3.1873866670907964,79.00333474070156,79.00333474070156
Delfzijl,linear,1999,123,1999,80.94931447414662,79.98025496794229,82.96827702274622,2.0189625485996023,80.94931447414662,80.94931447414662
Delfzijl,linear,2000,117,2000,82.89529420759168,84.97763714934058,89.89271495127127,6.997420743679601,82.89529420759168,82.89529420759168
Delfzijl,linear,2001,126,2001,84.84127394103673,111.23093586566829,96.0273168543468,11.186042913310072,84.84127394103673,84.84127394103673
Delfzijl,linear,2002,106,2002,86.78725367448179,118.07027834081899,100.89929071220483,14.112037037723043,86.78725367448179,86.78725367448179
Delfzijl,linear,2003,86,2003,88.73323340792685,100.45011136657239,104.17836403525658,15.445130627329734,88.73323340792685,88.73323340792685
Delfzijl,linear,2004,116,2004,90.6792131413719,88.42444271491438,105.71406347325824,15.03485033188632,90.6792131413719,90.6792131413719
Delfzijl,linear,2005,81,2005,92.62519287481696,70.86936191999709,105.55269954114713,12.927506666330181,92.62519287481696,92.62519287481696
Delfzijl,linear,2006,80,2006,94.57117260826202,65.27314715561349,103.93213930537958,9.360966697117565,94.57117260826202,94.57117260826202
Delfzijl,linear,2007,155,2007,96.51715234170707,106.87230027342169,101.25495706541209,4.7378047237050165,96.51715234170707,96.51715234170707
Delfzijl,linear,2008,117,2008,98.46313207515213,81.67171040343888,98.04299365543892,-0.42013841971321275,98.46313207515213,98.46313207515213
Delfzijl,linear,2009,81,2009,100.40911180859719,81.50908549807929,94.87845349922173,-5.530658309375454,100.40911180859719,100.40911180859719
Delfzijl,linear,2010,67,2010,102.35509154204225,89.33937478027099,92.33818810612237,-10.016903435919868,102.35509154204225,102.35509154204225
Delfzijl,linear,2011,122,2011,104.3010712754873,92.91459048164089,90.92858377900009,-13.372487496487217,104.3010712754873,104.3010712754873
Delfzijl,linear,2012,106,2012,106.24705100893236,92.41022580726408,91.02840310403406,-15.218647904898294,106.24705100893236,106.24705100893236
Delfzijl,linear,2013,82,2013,108.19303074237742,98.63707836383269,92.846032006944,-15.346998735433417,108.19303074237742,108.19303074237742
Delfzijl,linear,2014,126,2014,110.13901047582247,121.92080186218888,96.39595812732827,-13.743052348494182,110.13901047582247,110.13901047582247
Delfzijl,linear,2015,179,2015,112.08499020926753,130.90466043232578,101.49713552187444,-10.587854687393072,112.08499020926753,112.08499020926753
Delfzijl,linear,2016,144,2016,114.03096994271259,156.34598137283788,107.79342028107081,-6.237549661641773,114.03096994271259,114.03096994271259
Delfzijl,linear,2017,202,2017,115.97694967615764,160.57738945698338,114.79377038287862,-1.1831792932790082,115.97694967615764,115.97694967615764
Delfzijl,linear,2018,105,2018,117.92292940960272,135.7633048761615,121.92767221247726,4.004742802874542,117.92292940960272,117.92292940960272
Delfzijl,linear,2019,195,2019,119.86890914304777,173.8765853912299,128.60953746256519,8.740628319517409,119.86890914304777,119.86890914304777
Delfzijl,linear,2020,205,2020,121.81488887649283,181.5545480345865,134.30480159422603,12.48991271773319,121.81488887649283,121.81488887649283
Delfzijl,linear,2021,182,2021,123.76086860993789,185.17943928438058,138.5902629741949,14.82939436425702,123.76086860993789,123.76086860993789
Delfzijl,linear,2022,165,2022,125.70684834338294,153.46530367433098,141.20185188978928,15.495003546406327,125.70684834338294,125.70684834338294
Delfzijl,linear,2023,223,2023,127.652828076828,186.8997109242406,142.06443749920481,14.411609422376797,127.652828076828,127.652828076828
Delfzijl,linear,2024,218,2024,129.59880781027306,193.2032225253858,141.30030824846523,11.70150043819219,129.59880781027306,129.59880781027306
Delfzijl,linear,2025,183,2025,131.54478754371812,189.69008527028888,139.21536852534615,7.67058098162803,131.54478754371812,131.54478754371812
Delfzijl,broken_linear,1891,-127,1891,-115.93141722471691,-127,-103.03643720413967,12.894980020577238,-115.93141722471691,-347.2344196663727
Delfzijl,broken_linear,1892,-127,1892,-114.315091886925,-127,-101.28709580145915,13.027996085465858,-114.315091886925,-343.3504178340548
Delfzijl,broken_linear,1893,-83,1893,-112.69876654913308,-83,-101.00829347662537,11.69047307250772,-112.69876654913308,-339.46641600173683
Delfzijl,broken_linear,1894,-116,1894,-111.08244121134118,-116,-102.04905690686704,9.03338430447413,-111.08244121134118,-335.5824141694188
Delfzijl,broken_linear,1895,-128,1895,-109.46611587354927,-128,-104.10946637766568,5.356649495883589,-109.46611587354927,-331.69841233710093
Delfzijl,broken_linear,1896,-122,1896,-107.84979053575735,-122,-106.77450931307003,1.0752812226873347,-107.84979053575735,-327.814410504783
Delfzijl,broken_linear,1897,-122,1897,-106.23346519796544,-122,-109.56092494825596,-3.3274597502905237,-106.23346519796544,-323.930408672465
Delfzijl,broken_linear,1898,-65,1898,-104.61713986017354,-65,-111.9717525374627,-7.354612677289165,-104.61713986017354,-320.0464068401471
Delfzijl,broken_linear,1899,-91,1899,-103.00081452238163,-91,-113.55242595150459,-10.551611429122953,-103.00081452238163,-316.16240500782914
Delfzijl,broken_linear,1900,-112,1900,-101.38448918458973,-112,-113.9420829698561,-12.55759378526638,-101.38448918458973,-312.2784031755112
Delfzijl,broken_linear,1901,-130,1901,-99.7681638467978,-130,-112.9142977151353,-13.14613386833751,-99.7681638467978,-308.39440134319324
Delfzijl,broken_linear,1902,-161,1902,-98.1518385090059,-161,-110.40263854387553,-12.250800034869638,-98.1518385090059,-304.5103995108753
Delfzijl,broken_linear,1903,-36,1903,-96.53551317121399,-36,-106.5081665387786,-9.972653367564602,-96.53551317121399,-300.62639767855734
Delfzijl,broken_linear,1904,-134,1904,-94.91918783342207,-134,-101.48802820782328,-6.568840374401201,-94.91918783342207,-296.7423958462394
Delfzijl,broken_linear,1905,-196,1905,-93.30286249563017,-196,-95.7264299928363,-2.42356749720614,-93.30286249563017,-292.85839401392144
Delfzijl,broken_linear,1906,-115,1906,-91.68653715783826,-115,-89.69127084882689,1.9952663090113711,-91.68653715783826,-288.9743921816035
Delfzijl,broken_linear,1907,-130,1907,-90.07021182004635,-130,-83.881328005073,6.188883814973343,-90.07021182004635,-285.0903903492856
Delfzijl,broken_linear,1908,-123,1908,-88.45388648225445,-123,-78.76995733147233,9.683929150782124,-88.45388648225445,-281.2063885169676
Delfzijl,broken_linear,1909,-76,1909,-86.83756114446253,-76,-74.75166314867683,12.085897995785698,-86.83756114446253,-277.32238668464964
Delfzijl,broken_linear,1910,-66,1910,-85.22123580667062,-66,-72.09756843117748,13.123667375493147,-85.22123580667062,-273.43838485233175
Delfzijl,broken_linear,1911,-54,1911,-83.60491046887871,-54,-70.92481171790543,12.680098750973286,-83.60491046887871,-269.55438302001374
Delfzijl,broken_linear,1912,14,1912,-81.9885851310868,14,-71.18332506350791,10.805260067578885,-81.9885851310868,-265.6703811876958
Delfzijl,broken_linear,1913,-45,1913,-80.37225979329489,-45,-72.66148547312808,7.710774320166803,-80.37225979329489,-261.7863793553779
Delfzijl,broken_linear,1914,-40,1914,-78.75593445550298,-40,-75.01000191324415,3.745932542258825,-78.75593445550298,-257.9023775230599
Delfzijl,broken_linear,1915,-80,1915,-77.13960911771107,-80,-77.78134164484972,-0.64173252713864,-77.13960911771107,-254.01837569074198
Delfzijl,broken_linear,1916,-9,1916,-75.52328377991917,-9,-80.48024561945238,-4.956961839533202,-75.52328377991917,-250.13437385842406
Delfzijl,broken_linear,1917,-73,1917,-73.90695844212725,-73,-82.61963099698072,-8.712672554853466,-73.90695844212725,-246.2503720261061
Delfzijl,broken_linear,1918,-87,1918,-72.29063310433534,-87,-83.77557077164398,-11.484937667308648,-72.29063310433534,-242.36637019378813
Delfzijl,broken_linear,1919,-112,1919,-70.67430776654344,-112,-83.63514466351023,-12.960836896966788,-70.67430776654344,-238.4823683614702
Delfzijl,broken_linear,1920,-85,1920,-69.05798242875152,-85,-82.03176009165301,-12.973777662901497,-69.05798242875152,-234.59836652915226
Delfzijl,broken_linear,1921,-17,1921,-67.44165709095961,-17,-78.96395636312474,-11.522299272165135,-67.44165709095961,-230.71436469683428
Delfzijl,broken_linear,1922,-76,1922,-65.8253317531677,-76,-74.59556954912358,-8.770237795955875,-65.8253317531677,-226.83036286451636
Delfzijl,broken_linear,1923,-52,1923,-64.2090064153758,-52,-69.23723943790652,-5.028233022530735,-64.2090064153758,-222.9463610321984
Delfzijl,broken_linear,1924,-87,1924,-62.59268107758389,-87,-63.31134597284412,-0.7186648952602344,-62.59268107758389,-219.06235919988046
Delfzijl,broken_linear,1925,-5,1925,-60.97635573979197,-5,-57.30433298599005,3.6720227538019206,-60.97635573979197,-215.1783573675625
Delfzijl,broken_linear,1926,-17,1926,-59.36003040200006,-17,-51.71180070044905,7.648229701551018,-59.36003040200006,-211.29435553524456
Delfzijl,broken_linear,1927,-43,1927,-57.74370506420816,-43,-46.98256470228005,10.761140361928108,-57.74370506420816,-207.4103537029266
Delfzijl,broken_linear,1928,-30,1928,-56.12737972641624,-30,-43.46799574274049,12.659383983675742,-56.12737972641624,-203.52635187060866
Delfzijl,broken_linear,1929,-69,1929,-54.51105438862433,-69,-41.38235865632538,13.128695732298945,-54.51105438862433,-199.64235003829072
Delfzijl,broken_linear,1930,-47,1930,-52.894729050832424,-47,-40.77862715146351,12.116101899368914,-52.894729050832424,-195.75834820597277
Delfzijl,broken_linear,1931,-17,1931,-51.27840371304052,-17,-41.54250438683395,9.735899326206573,-51.27840371304052,-191.87434637365482
Delfzijl,broken_linear,1932,-34,1932,-49.6620783752486,-34,-43.4053242625956,6.256754112652997,-49.6620783752486,-187.99034454133687
Delfzijl,broken_linear,1933,-79,1933,-48.04575303745669,-79,-45.974377189302004,2.07137584815469,-48.04575303745669,-184.10634270901892
Delfzijl,broken_linear,1934,-57,1934,-46.429427699664785,-57,-48.777237303977856,-2.3478096043130656,-46.429427699664785,-180.222340876701
Delfzijl,broken_linear,1935,-14,1935,-44.81310236187288,-14,-51.31508768516612,-6.501985323293237,-44.81310236187288,-176.33833904438302
Delfzijl,broken_linear,1936,-15,1936,-43.19677702408096,-15,-53.119024466844195,-9.922247442763233,-43.19677702408096,-172.45433721206507
Delfzijl,broken_linear,1937,-52,1937,-41.58045168628905,-52,-53.80298450697827,-12.222532820689212,-41.58045168628905,-168.57033537974712
Delfzijl,broken_linear,1938,-5,1938,-39.964126348497146,-5,-53.10732238379747,-13.143196035300319,-39.964126348497146,-164.6863335474292
Delfzijl,broken_linear,1939,-68,1939,-38.34780101070524,-68,-50.92811795288818,-12.580316942182938,-38.34780101070524,-160.80233171511125
Delfzijl,broken_linear,1940,-47,1940,-36.73147567291332,-47,-47.32890636555855,-10.597430692645226,-36.73147567291332,-156.91832988279327
Delfzijl,broken_linear,1941,-99,1941,-35.11515033512141,-99,-42.53350651903127,-7.418356183909854,-35.11515033512141,-153.03432805047535
Delfzijl,broken_linear,1942,-78,1942,-33.49882499732951,-78,-36.900757429361676,-3.4019324320321696,-33.49882499732951,-149.1503262181574
Delfzijl,broken_linear,1943,-10,1943,-31.882499659537597,-10,-30.884014166783302,0.9984854927542952,-31.882499659537597,-145.26632438583945
Delfzijl,broken_linear,1944,21,1944,-30.266174321745684,21,-24.97997526227549,5.286199059470194,-30.266174321745684,-141.3823225535215
Delfzijl,broken_linear,1945,22,1945,-28.64984898395377,22,-19.672617707626205,8.977231276327563,-28.64984898395377,-137.49832072120356
Delfzijl,broken_linear,1946,-5,1946,-27.033523646161864,-5,-15.378567903156226,11.654955743005639,-27.033523646161864,-133.6143188888856
Delfzijl,broken_linear,1947,-106,1947,-25.417198308369958,-106,-12.400074824235512,13.017123484134446,-25.417198308369958,-129.73031705656766
Delfzijl,broken_linear,1948,-10,1948,-23.800872970578045,-10,-10.890893574931603,12.909979395646442,-23.800872970578045,-125.84631522424972
Delfzijl,broken_linear,1949,13,1949,-22.18454763278613,13,-10.838930233197829,11.345617399588303,-22.18454763278613,-121.96231339193177
Delfzijl,broken_linear,1950,-21,1950,-20.568222294994225,-48.998951157283514,-12.067606956055862,8.500615338938363,-20.568222294994225,-118.07831155961384
Delfzijl,broken_linear,1951,-47,1951,-18.951896957202315,-54.746509182646115,-14.25579325810375,4.696103699098565,-18.951896957202315,-114.19430972729589
Delfzijl,broken_linear,1952,2,1952,-17.335571619410405,-18.705917064921508,-16.97405371413832,0.36151790527208316,-17.335571619410405,-110.31030789497792
Delfzijl,broken_linear,1953,-27,1953,-15.719246281618496,-14.052679326700712,-19.733120615274366,-4.013874333655871,-15.719246281618496,-106.42630606265999
Delfzijl,broken_linear,1954,-19,1954,-14.102920943826586,-53.44216572177841,-22.03912021254532,-7.936199268718737,-14.102920943826586,-102.54230423034204
Delfzijl,broken_linear,1955,4,1955,-12.486595606034676,-17.820695293923407,-23.449318868699216,-10.96272326266454,-12.486595606034676,-98.65830239802409
Delfzijl,broken_linear,1956,-40,1956,-10.870270268242766,-40.45655204946611,-23.62209675410596,-12.751826485863196,-10.870270268242766,-94.77430056570614
Delfzijl,broken_linear,1957,-20,1957,-9.253944930450857,-31.94994240714371,-22.35550829043136,-13.101563359980505,-9.253944930450857,-90.89029873338819
Delfzijl,broken_linear,1958,-30,1958,-7.637619592658947,-36.169359226261015,-19.61007682010048,-11.972457227441533,-7.637619592658947,-87.00629690107026
Delfzijl,broken_linear,1959,-63,1959,-6.021294254867037,-28.96759634311531,-15.513250546201682,-9.491956291334647,-6.021294254867037,-83.1222950687523
Delfzijl,broken_linear,1960,-15,1960,-4.404968917075127,-0.1893493790677141,-10.345016777239788,-5.940047860164663,-4.404968917075127,-79.23829323643436
Delfzijl,broken_linear,1961,86,1961,-2.7886435792832174,53.17888896395999,-4.506298273300338,-1.7176546940171196,-2.7886435792832174,-75.35429140411641
Delfzijl,broken_linear,1962,16,1962,-1.1723182414913076,-10.304086540873215,1.5263010341969938,2.698619275688302,-1.1723182414913076,-71.47028957179846
Delfzijl,broken_linear,1963,-29,1963,0.4440070963006022,-6.81571104480491,7.254292858310347,6.8102857620097454,0.4440070963006022,-67.58628773948053
Delfzijl,broken_linear,1964,-14,1964,2.060332434092512,2.987686332578189,12.21357157576938,10.153239141676869,2.060332434092512,-63.70228590716256
Delfzijl,broken_linear,1965,0,1965,3.6766577718844218,-32.487938298502215,16.02680029239859,12.35014252051417,3.6766577718844218,-59.81828407484462
Delfzijl,broken_linear,1966,30,1966,5.292983109676332,14.078034317060691,18.44600286147209,13.153019751795757,5.292983109676332,-55.93428224252668
Delfzijl,broken_linear,1967,103,1967,6.909308447468241,37.12839814275209,19.380554267786636,12.471245820318392,6.909308447468241,-52.05028041020873
Delfzijl,broken_linear,1968,37,1968,8.525633785260151,42.18191536645819,18.90740995421446,10.38177616895431,8.525633785260151,-48.16627857789078
Delfzijl,broken_linear,1969,12,1969,10.141959123052061,36.42439447071959,17.262419452344975,7.120460329292914,10.141959123052061,-44.28227674557283
Delfzijl,broken_linear,1970,62,1970,11.75828446084397,40.152754404560085,14.813704793836827,3.0554203329928575,11.75828446084397,-40.39827491325488
Delfzijl,broken_linear,1971,26,1971,13.37460979863588,32.763221912178786,12.020108622512899,-1.3545011761229806,13.37460979863588,-36.51427308093694
Delfzijl,broken_linear,1972,-57,1972,14.99093513642779,-15.567231576530055,9.379402189365997,-5.611532947061789,14.99093513642779,-32.630271248618996
Delfzijl,broken_linear,1973,35,1973,16.6072604742197,-6.50748643905132,7.372099269019117,-9.235161205200582,16.6072604742197,-28.746269416301047
Delfzijl,broken_linear,1974,35,1974,18.22358581201161,-4.8359369787237085,6.407218019155579,-11.816367792856031,18.22358581201161,-24.8622675839831
Delfzijl,broken_linear,1975,7,1975,19.83991114980352,11.761475979660183,6.776112929770774,-13.063798220032746,19.83991114980352,-20.97826575166515
Delfzijl,broken_linear,1976,-22,1976,21.45623648759543,-0.9206677901936153,8.619588095218468,-12.83664839237696,21.45623648759543,-17.094263919347203
Delfzijl,broken_linear,1977,15,1977,23.07256182538734,-9.577925367723807,11.912003908616477,-11.160557916770863,23.07256182538734,-13.210262087029257
Delfzijl,broken_linear,1978,15,1978,24.68888716317925,8.545699463305986,16.46417114038442,-8.224716022794828,24.68888716317925,-9.326260254711311
Delfzijl,broken_linear,1979,1,1979,26.30521250097116,6.742786914517588,21.944705730905653,-4.360506770065507,26.30521250097116,-5.442258422393362
Delfzijl,broken_linear,1980,45,1980,27.92153783876307,45.19999383513289,27.91743386850281,-0.0041039702602598815,27.92153783876307,-1.5582565900754162
Delfzijl,broken_linear,1981,107,1981,29.53786317655498,66.76144473369568,33.890625243009325,4.352762066454355,29.53786317655498,2.325745242242533
Delfzijl,broken_linear,1982,79,1982,31.154188514346888,66.87786387232579,39.37249725624964,8.218308741902748,31.154188514346888,6.209747074560479
Delfzijl,broken_linear,1983,128,1983,32.7705138521388,70.00194579123009,43.926725134544256,11.15621128240546,32.7705138521388,10.093748906878425
Delfzijl,broken_linear,1984,31,1984,34.38683918993071,34.68032768212748,47.221692222164066,12.834853032233356,34.38683918993071,13.977750739196377
Delfzijl,broken_linear,1985,47,1985,36.00316452772262,39.849718534791585,49.06792131366372,13.064756785941096,36.00316452772262,17.86175257151432
Delfzijl,broken_linear,1986,19,1986,37.619489865514524,5.272367363832686,49.4394619519082,11.81997208639367,37.619489865514524,21.745754403832265
Delfzijl,broken_linear,1987,23,1987,39.23581520330644,45.649007599449085,48.47681959392881,9.241004390622368,39.23581520330644,25.629756236150214
Delfzijl,broken_linear,1988,111,1988,40.85214054109835,70.39589262475039,46.471096014108724,5.618955473010372,40.85214054109835,29.513758068468164
Delfzijl,broken_linear,1989,75,1989,42.46846587889026,47.75925749807929,43.83113110158199,1.3626652226917328,42.46846587889026,33.397759900786106
Delfzijl,broken_linear,1990,124,1990,44.08479121668216,44.46232250355908,41.03735493160282,-3.0474362850793453,44.08479121668216,37.28176173310405
Delfzijl,broken_linear,1991,9,1991,45.70111655447407,7.741635432325786,38.58755907256777,-7.113557481906302,45.70111655447407,41.165763565422
Delfzijl,broken_linear,1992,57,1992,47.31744189226599,39.404493512182086,36.94070820914281,-10.376733683123174,47.31744189226599,45.049765397739954
Delfzijl,broken_linear,1993,54,1993,48.933767230057896,49.91811979342169,36.46513436187112,-12.468632868186768,48.933767230057896,48.933767230057896
Delfzijl,broken_linear,1994,93,1994,52.81776906237584,56.21997350355869,39.66463779123414,-13.153131271141698,50.5500925678498,52.81776906237584
Delfzijl,broken_linear,1995,106,1995,56.70177089469378,85.19955051643538,44.34880497113667,-12.352965923557102,52.16641790564171,56.70177089469378
Delfzijl,broken_linear,1996,-37,1996,60.585772727011744,32.633936348794094,50.42731699108458,-10.158455735927166,53.78274324343363,60.585772727011744
Delfzijl,broken_linear,1997,39,1997,64.46977455932968,54.57092459670939,57.652467836547814,-6.817306722781872,55.399068581225535,64.46977455932968
Delfzijl,broken_linear,1998,131,1998,68.35377639164763,83.08394309807929,65.64712428177877,-2.706652109868843,57.01539391901744,68.35377639164763
Delfzijl,broken_linear,1999,123,1999,72.23777822396556,79.98025496794229,73.94729491903036,1.7095166950647975,58.63171925680935,72.23777822396556
Delfzijl,broken_linear,2000,117,2000,76.12178005628353,84.97763714934058,82.05450333186673,5.9327232755832,60.24804459460127,76.12178005628353
Delfzijl,broken_linear,2001,126,2001,80.00578188860148,111.23093586566829,89.49205377447012,9.486271885868637,61.864369932393174,80.00578188860148
Delfzijl,broken_linear,2002,106,2002,83.88978372091941,118.07027834081899,95.85883835103125,11.96905463011184,63.48069527018508,83.88978372091941
Delfzijl,broken_linear,2003,86,2003,87.77378555323736,100.45011136657239,100.87461219324793,13.100826640010562,65.09702060797699,87.77378555323736
Delfzijl,broken_linear,2004,116,2004,91.65778738555531,88.42444271491438,104.41162618630223,12.75383880074692,66.713345945768907,91.65778738555531
Delfzijl,broken_linear,2005,81,2005,95.54178921787326,70.86936191999709,106.50904668961181,10.967257471738545,68.32967128356081,95.54178921787326
Delfzijl,broken_linear,2006,80,2006,99.42579105019121,65.27314715561349,107.36853462192602,7.942743571734807,69.94599662135272,99.42579105019121
Delfzijl,broken_linear,2007,155,2007,103.30979288250914,106.87230027342169,107.331482922901,4.021690040391845,71.56232195914463,103.30979288250914
Delfzijl,broken_linear,2008,117,2008,107.1937947148271,81.67171040343888,106.84048171970161,-0.3533129951255005,73.17864729693655,107.1937947148271
Delfzijl,broken_linear,2009,81,2009,111.07779654714506,81.50908549807929,106.38936082983932,-4.688435717305728,74.79497263472845,111.07779654714506
Delfzijl,broken_linear,2010,67,2010,114.96179837946299,89.33937478027099,106.46744856815293,-8.494349811310062,76.41129797252036,114.96179837946299
Delfzijl,broken_linear,2011,122,2011,118.84580021178093,92.91459048164089,107.50433866229216,-11.341461549488754,78.02762331031226,118.84580021178093
Delfzijl,broken_linear,2012,106,2012,122.72980204409888,92.41022580726408,109.82139972816097,-12.908402315937902,79.64394864810417,122.72980204409888
Delfzijl,broken_linear,2013,82,2013,126.61380387641684,98.63707836383269,113.59550068824124,-13.018303188175603,81.26027398589609,126.61380387641684
Delfzijl,broken_linear,2014,126,2014,130.49780570873477,121.92080186218888,118.83904663739591,-11.658759071338878,82.876599323688,130.49780570873477
Delfzijl,broken_linear,2015,179,2015,134.38180754105272,130.90466043232578,125.39857861395899,-8.983228927093737,84.4929246614799,134.38180754105272
Delfzijl,broken_linear,2016,144,2016,138.26580937337067,156.34598137283788,132.97209532738208,-5.293714045988583,86.10924999927182,138.26580937337067
Delfzijl,broken_linear,2017,202,2017,142.14981120568862,160.57738945698338,141.14314164708574,-1.0066695586028955,87.72557533706373,142.14981120568862
Delfzijl,broken_linear,2018,105,2018,146.03381303800657,135.7633048761615,149.4278161038177,3.394003065811135,89.34190067485564,146.03381303800657
Delfzijl,broken_linear,2019,195,2019,149.91781487032452,173.8765853912299,157.32939141729963,7.411576546975117,90.95822601264754,149.91781487032452
Delfzijl,broken_linear,2020,205,2020,153.80181670264244,181.5545480345865,164.39438274125007,10.592566038607629,92.57455135043945,153.80181670264244
Delfzijl,broken_linear,2021,182,2021,157.68581853496042,185.17943928438058,170.26373490532833,12.577916370367928,94.19087668823137,157.68581853496042
Delfzijl,broken_linear,2022,165,2022,161.56982036727834,153.46530367433098,174.71335087827055,13.143530510992198,95.80720202602328,161.56982036727834
Delfzijl,broken_linear,2023,223,2023,165.4538221995963,186.8997109242406,177.6793867894374,12.225564589841053,97.42352736381518,165.4538221995963
Delfzijl,broken_linear,2024,218,2024,169.33782403191424,193.2032225253858,179.26545832541086,9.9276342934966,99.0398527016071,169.33782403191424
Delfzijl,broken_linear,2025,183,2025,173.2218258642322,189.69008527028888,179.73094507740166,6.50911921316948,100.65617803939901,173.2218258642322
Delfzijl,broken_squared,1891,-127,1891,-112.24570085495726,-127,-98.930075076395525,13.31562577856174,-112.24570085495726,-19.56524715622227
Delfzijl,broken_squared,1892,-127,1892,-110.75368601756088,-127,-97.41351279541013,13.340173222150748,-110.75368601756088,-20.740155687178486
Delfzijl,broken_squared,1893,-83,1893,-109.2616711801645,-83,-97.40272668289494,11.858944497269555,-109.2616711801645,-21.87613103027553
Delfzijl,broken_squared,1894,-116,1894,-107.76965634276813,-116,-98.73052258950592,9.039133753262202,-107.76965634276813,-22.97317318551343
Delfzijl,broken_squared,1895,-128,1895,-106.27764150537175,-128,-101.07861350747976,5.199027997891994,-106.27764150537175,-24.031282152892146
Delfzijl,broken_squared,1896,-122,1896,-104.78562666797536,-122,-104.01354631484045,0.7720803531349141,-104.78562666797536,-25.050457932411717
Delfzijl,broken_squared,1897,-122,1897,-103.29361183057898,-122,-107.03562793028145,-3.7420160997024685,-103.29361183057898,-26.030700524072117
Delfzijl,broken_squared,1898,-65,1898,-101.8015969931826,-65,-109.63532832389481,-7.83373133071221,-101.8015969931826,-26.97200992787336
Delfzijl,broken_squared,1899,-91,1899,-100.30958215578623,-91,-111.3507938765094,-11.041211720723165,-100.30958215578623,-27.874386143815443
Delfzijl,broken_squared,1900,-112,1900,-98.81756731838985,-112,-111.81997924945638,-13.002411931066534,-98.81756731838985,-28.737829171898355
Delfzijl,broken_squared,1901,-130,1901,-97.32555248099347,-130,-110.82151336387827,-13.495960882884795,-97.32555248099347,-29.56233901212211
Delfzijl,broken_squared,1902,-161,1902,-95.83353764359708,-161,-108.29968672955737,-12.466149085960279,-95.83353764359708,-30.347915664486706
Delfzijl,broken_squared,1903,-36,1903,-94.3415228062007,-36,-104.37073967081295,-10.02921686461225,-94.3415228062007,-31.09455912899213
Delfzijl,broken_squared,1904,-134,1904,-92.84950796880433,-134,-99.30974166402865,-6.460233695224322,-92.84950796880433,-31.802269405638413
Delfzijl,broken_squared,1905,-196,1905,-91.35749313140795,-196,-93.51954278563463,-2.1620496542266783,-91.35749313140795,-32.471046494425515
Delfzijl,broken_squared,1906,-115,1906,-89.86547829401157,-115,-87.48530188543401,2.3801764085775536,-89.86547829401157,-33.10089039535346
Delfzijl,broken_squared,1907,-130,1907,-88.37346345661518,-130,-81.71972413173887,6.653739324876314,-88.37346345661518,-33.69180110842225
Delfzijl,broken_squared,1908,-123,1908,-86.8814486192188,-123,-76.70518925730522,10.17625936191357,-86.8814486192188,-34.24377863363186
Delfzijl,broken_squared,1909,-76,1909,-85.38943378182243,-76,-72.83930279816342,12.550130983659013,-85.38943378182243,-34.756822970982334
Delfzijl,broken_squared,1910,-66,1910,-83.89741894442605,-66,-70.39001624605987,13.507402698366192,-83.89741894442605,-35.23093412047363
Delfzijl,broken_squared,1911,-54,1911,-82.40540410702967,-54,-69.46538194115183,12.940022165877835,-82.40540410702967,-35.66611208210576
Delfzijl,broken_squared,1912,14,1912,-80.91338926963329,14,-70.0013566307733,10.91203263885998,-80.91338926963329,-36.06235685587873
Delfzijl,broken_squared,1913,-45,1913,-79.4213744322369,-45,-71.76903037133977,7.652344060897139,-79.4213744322369,-36.419668441792545
Delfzijl,broken_squared,1914,-40,1914,-77.92935959484053,-40,-74.40046480885881,3.5288947859817257,-77.92935959484053,-36.73804683984721
Delfzijl,broken_squared,1915,-80,1915,-76.43734475744415,-80,-77.43022433416202,-0.9928795767178693,-76.43734475744415,-37.01749205004269
Delfzijl,broken_squared,1916,-9,1916,-74.94532992004777,-9,-80.34791227089704,-5.402582350849268,-74.94532992004777,-37.25800407237901
Delfzijl,broken_squared,1917,-73,1917,-73.45331508265139,-73,-82.65578205784976,-9.202466975198382,-73.45331508265139,-37.45958290685618
Delfzijl,broken_squared,1918,-87,1918,-71.961300245255,-87,-83.92492054561824,-11.963620300363235,-71.961300245255,-37.62222855347417
Delfzijl,broken_squared,1919,-112,1919,-70.46928540785864,-112,-83.84366170068937,-13.37437629283073,-70.46928540785864,-37.745941012233025
Delfzijl,broken_squared,1920,-85,1920,-68.97727057046225,-85,-82.25276600513413,-13.27549543467188,-68.97727057046225,-37.830720283132706
Delfzijl,broken_squared,1921,-17,1921,-67.48525573306587,-17,-79.16339466632627,-11.678138933260405,-67.48525573306587,-37.876566366173215
Delfzijl,broken_squared,1922,-76,1922,-65.99324089566949,-76,-74.75584979221613,-8.762608896546634,-65.99324089566949,-37.883479261354566
Delfzijl,broken_squared,1923,-52,1923,-64.5012260582731,-52,-69.35922273526475,-4.857996676991644,-64.5012260582731,-37.85145896867676
Delfzijl,broken_squared,1924,-87,1924,-63.009211220876736,-87,-63.41424780449603,-0.40503658361928707,-63.009211220876736,-37.7805054881398
Delfzijl,broken_squared,1925,-5,1925,-61.51719638348035,-5,-57.42355424437999,4.093642139100362,-61.51719638348035,-37.670618819743666
Delfzijl,broken_squared,1926,-17,1926,-60.02518154608397,-17,-51.89493180378037,8.130249742303594,-60.02518154608397,-37.52179896348837
Delfzijl,broken_squared,1927,-43,1927,-58.53316670868759,-43,-47.28401381137673,11.249152897310855,-58.53316670868759,-37.334045919373914
Delfzijl,broken_squared,1928,-30,1928,-57.04115187129121,-30,-43.942847423106834,13.098304448184379,-57.04115187129121,-37.107359687400304
Delfzijl,broken_squared,1929,-69,1929,-55.54913703389483,-69,-42.0801561908187,13.468980843076126,-55.54913703389483,-36.841740267567516
Delfzijl,broken_squared,1930,-47,1930,-54.057122196498455,-47,-41.737780326955445,12.319341869543004,-54.057122196498455,-36.537187659875585
Delfzijl,broken_squared,1931,-17,1931,-52.56510735910207,-17,-42.78595397766622,9.779153381435858,-52.56510735910207,-36.19370186432448
Delfzijl,broken_squared,1932,-34,1932,-51.073092521705696,-34,-44.93795258359797,6.135139938107725,-51.073092521705696,-35.81128288091422
Delfzijl,broken_squared,1933,-79,1933,-49.581077684309314,-79,-47.78245700299943,1.7986206813098875,-49.581077684309314,-35.38993070964479
Delfzijl,broken_squared,1934,-57,1934,-48.08906284691293,-57,-50.82998128675597,-2.7409184398430355,-48.08906284691293,-34.929645350516196
Delfzijl,broken_squared,1935,-14,1935,-46.597048009516556,-14,-53.56812355592342,-6.971075546406864,-46.597048009516556,-34.43042680352845
Delfzijl,broken_squared,1936,-15,1936,-45.10503317212017,-15,-55.51940352191214,-10.41437034979196,-45.10503317212017,-33.892275068681535
Delfzijl,broken_squared,1937,-52,1937,-43.6130183347238,-52,-56.29515822138479,-12.682139886660993,-43.6130183347238,-33.315190145975464
Delfzijl,broken_squared,1938,-5,1938,-42.121003497327415,-5,-55.639412468162355,-13.51840897083494,-42.121003497327415,-32.69917203541023
Delfzijl,broken_squared,1939,-68,1939,-40.62898865993103,-68,-53.45777213134356,-12.828783471412528,-40.62898865993103,-32.04422073698582
Delfzijl,broken_squared,1940,-47,1940,-39.13697382253466,-47,-49.82807890195499,-10.691105079420332,-39.13697382253466,-31.35033625070227
Delfzijl,broken_squared,1941,-99,1941,-37.644958985138274,-99,-44.99162388805891,-7.34666490292064,-37.644958985138274,-30.617518576559544
Delfzijl,broken_squared,1942,-78,1942,-36.1529441477419,-78,-39.325911806482054,-3.17296765874015,-36.1529441477419,-29.845767714557667
Delfzijl,broken_squared,1943,-10,1943,-34.660929310345516,-10,-33.30205002142726,1.358879288918255,-34.660929310345516,-29.035083664696614
Delfzijl,broken_squared,1944,21,1944,-33.16891447294913,21,-27.431572155382103,5.737342317567028,-33.16891447294913,-28.185466426976404
Delfzijl,broken_squared,1945,22,1945,-31.67689963555276,22,-22.208698573650366,9.468201061902398,-31.67689963555276,-27.296916001397044
Delfzijl,broken_squared,1946,-5,1946,-30.18488479815638,-5,-18.054551108130056,12.130333690026323,-30.18488479815638,-26.369432387958508
Delfzijl,broken_squared,1947,-106,1947,-28.692869960760003,-106,-15.269618800603629,13.423251160156374,-28.692869960760003,-25.40301558666082
Delfzijl,broken_squared,1948,-10,1948,-27.20085512336362,-10,-13.99984010943292,13.2010150139307,-27.20085512336362,-24.39766559750396
Delfzijl,broken_squared,1949,13,1949,-25.70884028596724,13,-14.220130061043244,11.488710224923997,-25.70884028596724,-23.353382420487943
Delfzijl,broken_squared,1950,-21,1950,-24.216825448570862,-48.998951157283514,-15.737211724055465,8.4796137245154,-24.216825448570862,-22.270166055612766
Delfzijl,broken_squared,1951,-47,1951,-22.724810611174483,-54.746509182646115,-18.21143240254964,4.513378208624845,-22.724810611174483,-21.148016502878423
Delfzijl,broken_squared,1952,2,1952,-21.2327957737781,-18.705917064921508,-21.195102038914563,0.03769373486353622,-21.2327957737781,-19.98693376228492
Delfzijl,broken_squared,1953,-27,1953,-19.74078093638172,-14.052679326700712,-24.18302636723235,-4.44224543085063,-19.74078093638172,-18.786917833832256
Delfzijl,broken_squared,1954,-19,1954,-18.248766098985342,-53.44216572177841,-26.669530871918198,-8.420764772932854,-18.248766098985342,-17.547968717520426
Delfzijl,broken_squared,1955,4,1955,-16.756751261588963,-17.820695293923407,-28.20553895468941,-11.448787693100444,-16.756751261588963,-16.27008641334944
Delfzijl,broken_squared,1956,-40,1956,-15.264736424192584,-40.45655204946611,-28.44926159415614,-13.184525169963557,-15.264736424192584,-14.95327092131929
Delfzijl,broken_squared,1957,-20,1957,-13.772721586796202,-31.94994240714371,-27.204776887067453,-13.432055300271248,-13.772721586796202,-13.597522241429973
Delfzijl,broken_squared,1958,-30,1958,-12.280706749399823,-36.169359226261015,-24.44414479359112,-12.163438044191299,-12.280706749399823,-12.202840373681498
Delfzijl,broken_squared,1959,-63,1959,-10.788691912003443,-28.96759634311531,-20.310560877930406,-9.521868965926966,-10.788691912003443,-10.769225318073863
Delfzijl,broken_squared,1960,-15,1960,-9.296677074607064,-0.1893493790677141,-15.10219306483264,-5.805515990225578,-9.296677074607064,-9.296677074607064
Delfzijl,broken_squared,1961,86,1961,-7.785195643281102,53.17888896395999,-9.219059249156004,-1.4338636058748988,-7.804662237210683,-7.785195643281102
Delfzijl,broken_squared,1962,16,1962,-6.234781024095979,-10.304086540873215,-3.1351444486981883,3.09963657539779,-6.312647399814304,-6.234781024095979
Delfzijl,broken_squared,1963,-29,1963,-4.645433217051695,-6.81571104480491,2.6378311047989307,7.283264321850627,-4.8206325624179245,-4.645433217051695
Delfzijl,broken_squared,1964,-14,1964,-3.017152222148248,2.987686332578189,7.627639138624527,10.644791360772777,-3.3286177250215436,-3.017152222148248
Delfzijl,broken_squared,1965,0,1965,-1.3499380393856404,-32.487938298502215,11.454846251083914,12.804784290469554,-1.8366028876251645,-1.3499380393856404
Delfzijl,broken_squared,1966,30,1966,0.3562093312361303,14.078034317060691,13.875642573786397,13.519433242550265,-0.3445880502287846,0.3562093312361303
Delfzijl,broken_squared,1967,103,1967,2.101289889717063,37.12839814275209,14.809361885765782,12.70807199604872,1.1474267871675954,2.101289889717063
Delfzijl,broken_squared,1968,37,1968,3.8853036360571567,42.18191536645819,14.34758683806094,10.462283202003782,2.639441624563975,3.8853036360571567
Delfzijl,broken_squared,1969,12,1969,5.708250570256412,36.42439447071959,12.743811533722585,7.035560963466174,4.131456461960354,5.708250570256412
Delfzijl,broken_squared,1970,62,1970,7.570130692314831,40.152754404560085,10.384828302717551,2.814697610402721,5.623471299356734,7.570130692314831
Delfzijl,broken_squared,1971,26,1971,9.470944002232411,32.763221912178786,7.747068398341622,-1.7238756038907885,7.115486136753114,9.470944002232411
Delfzijl,broken_squared,1972,-57,1972,11.410690500009153,-15.567231576530055,5.34282467250415,-6.067865827505005,8.607500974149493,11.410690500009153
Delfzijl,broken_squared,1973,35,1973,13.389370185645058,-6.50748643905132,3.6624263620042967,-9.726943823640763,10.099515811545874,13.389370185645058
Delfzijl,broken_squared,1974,35,1974,15.406983059140124,-4.8359369787237085,3.1188930246395756,-12.28809003450055,11.591530648942253,15.406983059140124
Delfzijl,broken_squared,1975,7,1975,17.46352912049435,11.761475979660183,4.00131482918507,-13.462214291309282,13.083545486338632,17.46352912049435
Delfzijl,broken_squared,1976,-22,1976,19.55900836970774,-0.9206677901936153,6.442221413396142,-13.116786956311598,14.575560323735012,19.55900836970774
Delfzijl,broken_squared,1977,15,1977,21.693420806780296,-9.577925367723807,10.402622560255665,-11.290798246524627,16.067575161131394,21.693420806780296
Delfzijl,broken_squared,1978,15,1978,23.86676643171201,8.545699463305986,15.676409230750014,-8.190357200961994,17.559589998527773,23.86676643171201
Delfzijl,broken_squared,1979,1,1979,26.079045244502883,6.742786914517588,21.913618185241244,-4.165427059261637,19.051604835924152,26.079045244502883
Delfzijl,broken_squared,1980,45,1980,28.330257245152918,45.19999383513289,28.65993419212006,0.329676946967139,20.54361967332053,28.330257245152918
Delfzijl,broken_squared,1981,107,1981,30.620402433662118,66.76144473369568,35.40797099974952,4.787568566087403,22.03563451071691,30.620402433662118
Delfzijl,broken_squared,1982,79,1982,32.94948081003048,66.87786387232579,41.654542716169246,8.70506190613877,23.52764934811329,32.94948081003048
Delfzijl,broken_squared,1983,128,1983,35.317492374258,70.00194579123009,46.95746107190493,11.639968697646928,25.01966418550967,35.317492374258
Delfzijl,broken_squared,1984,31,1984,37.72443712634469,34.68032768212748,50.9854475573195,13.261010430974821,26.51167902290605,37.72443712634469
Delfzijl,broken_squared,1985,47,1985,40.170315066290534,39.849718534791585,53.55552658660218,13.38521152031164,28.00369386030243,40.170315066290534
Delfzijl,broken_squared,1986,19,1986,42.655126194095544,5.272367363832686,54.65367892347264,11.998552729377087,29.49570869769881,42.655126194095544
Delfzijl,broken_squared,1987,23,1987,45.17887050975972,45.649007599449085,54.43642410680178,9.257553597042058,30.98772353509519,45.17887050975972
Delfzijl,broken_squared,1988,111,1988,47.74154801328305,70.39589262475039,53.213153259368625,5.4716052460855655,32.47973837249157,47.74154801328305
Delfzijl,broken_squared,1989,75,1989,50.34315870466554,47.75925749807929,51.41120646941603,1.0680477647504811,33.97175320988795,50.34315870466554
Delfzijl,broken_squared,1990,124,1990,52.9837025839072,44.46232250355908,49.5276366463375,-3.4560659375697043,35.46376804728433,52.9837025839072
Delfzijl,broken_squared,1991,9,1991,55.66317965100802,7.741635432325786,48.07310452016701,-7.590075130841014,36.95578288468071,55.66317965100802
Delfzijl,broken_squared,1992,57,1992,58.381589905968,39.404493512182086,47.51423765411556,-10.867352251852445,38.44779772207709,58.381589905968
Delfzijl,broken_squared,1993,54,1993,61.13893334878715,49.91811979342169,48.220959714398894,-12.917973634388252,39.939812559473474,61.13893334878715
Delfzijl,broken_squared,1994,93,1994,63.93520997946545,56.21997350355869,50.4247352222761,-13.510474757189357,41.43182739686985,63.93520997946545
Delfzijl,broken_squared,1995,106,1995,66.77041979800292,85.19955051643538,54.192442924795515,-12.577976873207398,42.92384223426623,66.77041979800292
Delfzijl,broken_squared,1996,-37,1996,69.64456280439954,32.633936348794094,59.41882683558681,-10.225735968812721,44.41585707166261,69.64456280439954
Delfzijl,broken_squared,1997,39,1997,72.55763899865534,54.57092459670939,65.83837703679846,-6.719261961856869,45.90787190905899,72.55763899865534
Delfzijl,broken_squared,1998,131,1998,75.50964838077029,83.08394309807929,73.05529919299656,-2.454349187773738,47.39988674645537,75.50964838077029
Delfzijl,broken_squared,1999,123,1999,78.5005909507444,79.98025496794229,80.58818995889656,2.087599008152166,48.89190158385175,78.5005909507444
Delfzijl,broken_squared,2000,117,2000,81.53046670857768,84.97763714934058,87.92437553049604,6.3939088219183615,50.38391642124813,81.53046670857768
Delfzijl,broken_squared,2001,126,2001,84.59927565427012,111.23093586566829,94.57777985888346,9.97850420461334,51.875931258644506,84.59927565427012
Delfzijl,broken_squared,2002,106,2002,87.70701778782171,118.07027834081899,100.14379063423453,12.436772846412833,53.36794609604089,87.70701778782171
Delfzijl,broken_squared,2003,86,2003,90.85369310923248,100.45011136657239,104.34493002512407,13.491236915891589,54.85996093343727,90.85369310923248
Delfzijl,broken_squared,2004,116,2004,94.0393016185024,88.42444271491438,107.06217507436189,13.022873455859466,56.35197577083365,94.0393016185024
Delfzijl,broken_squared,2005,81,2005,97.26384331563149,70.86936191999709,108.34839245200946,11.084549136377968,57.84399060823003,97.26384331563149
Delfzijl,broken_squared,2006,80,2006,100.52731820061973,65.27314715561349,108.42237111368512,7.895052913065383,59.336005445626405,100.52731820061973
Delfzijl,broken_squared,2007,155,2007,103.82972627346714,106.87230027342169,107.64412642969266,3.8144001562255134,60.82802028302279,103.82972627346714
Delfzijl,broken_squared,2008,117,2008,107.17106753417372,81.67171040343888,106.47426333901814,-0.6968041951555768,62.32003512041917,107.17106753417372
Delfzijl,broken_squared,2009,81,2009,110.55134198273944,81.50908549807929,105.42198542472516,-5.129356558014275,63.812049957815546,110.55134198273944
Delfzijl,broken_squared,2010,67,2010,113.97054961916436,89.33937478027099,104.98761840240539,-8.982931216758969,65.30406479521193,113.97054961916436
Delfzijl,broken_squared,2011,122,2011,117.4286904434484,92.91459048164089,105.60613570065888,-11.822554742789498,66.7960796326083,117.4286904434484
Delfzijl,broken_squared,2012,106,2012,120.92576445559162,92.41022580726408,107.598060701133,-13.327703754458621,68.28809447000468,120.92576445559162
Delfzijl,broken_squared,2013,82,2013,124.46177165559399,98.63707836383269,111.13328756292336,-13.328484092670655,69.78010930740106,124.46177165559399
Delfzijl,broken_squared,2014,126,2014,128.03671204345557,121.92080186218888,116.21190436694638,-11.824807676509174,71.27212414479744,128.03671204345557
Delfzijl,broken_squared,2015,179,2015,131.65058561917627,130.90466043232578,122.66418317377872,-8.986402445397507,72.76413898219383,131.65058561917627
Delfzijl,broken_squared,2016,144,2016,135.30339238275613,156.34598137283788,130.16973811718802,-5.133654265568122,74.25615381959021,135.30339238275613
Delfzijl,broken_squared,2017,202,2017,138.99513233419515,160.57738945698338,138.2936890576366,-0.7014432765585212,75.74816865698658,138.99513233419515
Delfzijl,broken_squared,2018,105,2018,142.72580547349332,135.7633048761615,146.5357488122115,3.809943338718164,77.24018349438296,142.72580547349332
Delfzijl,broken_squared,2019,195,2019,146.4954118006507,173.8765853912299,154.38669322475556,7.8912814241048705,78.73219833177934,146.4954118006507
Delfzijl,broken_squared,2020,205,2020,150.30395131566723,181.5545480345865,161.38583999961162,11.0818886839444,80.22421316917573,150.30395131566723
Delfzijl,broken_squared,2021,182,2021,154.1514240185429,185.17943928438058,167.17304835788508,13.021624339342152,81.71622800657211,154.1514240185429
Delfzijl,broken_squared,2022,165,2022,158.03782990927772,153.46530367433098,171.52937003898052,13.49154012970282,83.20824284396848,158.03782990927772
Delfzijl,broken_squared,2023,223,2023,161.9631689878717,186.8997109242406,174.40176315307184,12.438594165200106,84.70025768136486,161.9631689878717
Delfzijl,broken_squared,2024,218,2024,165.9274412543249,193.2032225253858,175.9090793007815,9.981638046456602,86.19227251876124,165.9274412543249
Delfzijl,broken_squared,2025,183,2025,169.93064670863723,189.69008527028888,176.3286481620898,6.398001453452579,87.68428735615763,169.93064670863723
Harlingen,linear,1891,-100,1891,-93.51568685572904,-100,-80.90066209530843,12.615024760420612,-93.51568685572904,-93.51568685572904
Harlingen,linear,1892,-91,1892,-92.24734662283825,-91,-79.46892329151352,12.778423331324733,-92.24734662283825,-92.24734662283825
Harlingen,linear,1893,-74,1893,-90.97900638994744,-74,-79.47955296393769,11.499453426009753,-90.97900638994744,-90.97900638994744
Harlingen,linear,1894,-70,1894,-89.71066615705664,-70,-80.78818698990105,8.922479167155593,-89.71066615705664,-89.71066615705664
Harlingen,linear,1895,-104,1895,-88.44232592416583,-104,-83.10394860482748,5.338377319338344,-88.44232592416583,-88.44232592416583
Harlingen,linear,1896,-101,1896,-87.17398569127502,-101,-86.02228120679435,1.1517044844806796,-87.17398569127502,-87.17398569127502
Harlingen,linear,1897,-82,1897,-85.90564545838421,-82,-89.07061280779762,-3.1649673494133905,-85.90564545838421,-85.90564545838421
Harlingen,linear,1898,-42,1898,-84.63730522549342,-42,-91.7616977427066,-7.1243925172131775,-84.63730522549342,-84.63730522549342
Harlingen,linear,1899,-79,1899,-83.36896499260261,-79,-93.64861467405217,-10.279649681449559,-83.36896499260261,-83.36896499260261
Harlingen,linear,1900,-114,1900,-82.1006247597118,-114,-94.37521297588796,-12.274588216176163,-82.1006247597118,-82.1006247597118
Harlingen,linear,1901,-126,1901,-80.832284526821,-126,-93.71631334558198,-12.884028818760976,-80.832284526821,-80.832284526821
Harlingen,linear,1902,-136,1902,-79.56394429393019,-136,-91.60312498707867,-12.039180693148477,-79.56394429393019,-79.56394429393019
Harlingen,linear,1903,-15,1903,-78.29560406103938,-15,-88.13101039322869,-9.835406332189299,-78.29560406103938,-78.29560406103938
Harlingen,linear,1904,-84,1904,-77.02726382814859,-84,-83.54872127498497,-6.521457446836386,-77.02726382814859,-77.02726382814859
Harlingen,linear,1905,-78,1905,-75.75892359525778,-78,-78.23032063527815,-2.471397040020371,-75.75892359525778,-75.75892359525778
Harlingen,linear,1906,-50,1906,-74.49058336236698,-50,-72.63296029214625,1.8576230702207304,-74.49058336236698,-74.49058336236698
Harlingen,linear,1907,-78,1907,-73.22224312947617,-78,-67.24527972622249,5.9769634032536745,-73.22224312947617,-73.22224312947617
Harlingen,linear,1908,-105,1908,-71.95390289658536,-105,-62.53225074859247,9.421652147992887,-71.95390289658536,-71.95390289658536
Harlingen,linear,1909,-59,1909,-70.68556266369457,-59,-58.88269366415404,11.802868999540523,-70.68556266369457,-70.68556266369457
Harlingen,linear,1910,-47,1910,-69.41722243080376,-47,-56.565389059733874,12.851833371069882,-69.41722243080376,-69.41722243080376
Harlingen,linear,1911,-77,1911,-68.14888219791295,-77,-55.698739112419204,12.450143085493742,-68.14888219791295,-68.14888219791295
Harlingen,linear,1912,-1,1912,-66.88054196502215,-1,-56.237402907286814,10.643139057735327,-66.88054196502215,-66.88054196502215
Harlingen,linear,1913,-25,1913,-65.61220173213134,-25,-57.97741430716467,7.634787424966664,-65.61220173213134,-65.61220173213134
Harlingen,linear,1914,-10,1914,-64.34386149924053,-10,-60.57920469329748,3.7646568059430585,-64.34386149924053,-64.34386149924053
Harlingen,linear,1915,-74,1915,-63.07552126634974,-74,-63.60593187796037,-0.5304106116106375,-63.07552126634974,-63.07552126634974
Harlingen,linear,1916,-4,1916,-61.80718103345893,-4,-66.57278880118321,-4.765607767724273,-61.80718103345893,-61.80718103345893
Harlingen,linear,1917,-53,1917,-60.538840800568124,-53,-69.00172627722817,-8.462885476660047,-60.538840800568124,-60.538840800568124
Harlingen,linear,1918,-34,1918,-59.27050056767732,-34,-70.47541294392924,-11.204912376251926,-59.27050056767732,-59.27050056767732
Harlingen,linear,1919,-60,1919,-58.00216033478651,-60,-70.68434166896121,-12.682181334174693,-58.00216033478651,-58.00216033478651
Harlingen,linear,1920,-53,1920,-56.73382010189571,-53,-69.46176526289719,-12.727945161001474,-56.73382010189571,-56.73382010189571
Harlingen,linear,1921,-35,1921,-55.4654798690049,-35,-66.802518119664,-11.337038250659099,-55.4654798690049,-55.4654798690049
Harlingen,linear,1922,-52,1922,-54.1971396361141,-52,-62.86359928592145,-8.66645964980735,-54.1971396361141,-54.1971396361141
Harlingen,linear,1923,-8,1923,-52.928799403223294,-8,-57.946451145229574,-5.0176517420062785,-52.928799403223294,-52.928799403223294
Harlingen,linear,1924,-39,1924,-51.66045917033249,-39,-52.46293401599631,-0.8024748456638262,-51.66045917033249,-51.66045917033249
Harlingen,linear,1925,18,1925,-50.39211893744169,18,-46.88883729096061,3.5032816464810774,-50.39211893744169,-50.39211893744169
Harlingen,linear,1926,6,1926,-49.12377870455088,6,-41.7101745626852,7.413604141865685,-49.12377870455088,-49.12377870455088
Harlingen,linear,1927,-10,1927,-47.85543847166007,-10,-37.36832468934018,10.487113782319893,-47.85543847166007,-47.85543847166007
Harlingen,linear,1928,8,1928,-46.58709823876927,8,-34.21021101990231,12.376887218866965,-46.58709823876927,-46.58709823876927
Harlingen,linear,1929,-68,1929,-45.318758005878465,-68,-32.44914231409861,12.869615691779858,-45.318758005878465,-45.318758005878465
Harlingen,linear,1930,-36,1930,-44.05041777298766,-36,-32.14073545033716,11.909682322650495,-44.05041777298766,-44.05041777298766
Harlingen,linear,1931,-15,1931,-42.78207754009686,-15,-33.17663765339658,9.605439886700275,-42.78207754009686,-42.78207754009686
Harlingen,linear,1932,-29,1932,-41.51373730720605,-29,-35.296756847360584,6.216980459845468,-41.51373730720605,-41.51373730720605
Harlingen,linear,1933,-85,1933,-40.24539707431524,-85,-38.11861962893678,2.126777445378469,-40.24539707431524,-40.24539707431524
Harlingen,linear,1934,-55,1934,-38.97705684142444,-55,-41.18054307086284,-2.2034862294383974,-38.97705684142444,-38.97705684142444
Harlingen,linear,1935,-3,1935,-37.708716608533635,-3,-43.9937473247703,-6.2850307162366565,-37.708716608533635,-37.708716608533635
Harlingen,linear,1936,-13,1936,-36.44037637564283,-13,-46.097526797378954,-9.657150421736123,-36.44037637564283,-36.44037637564283
Harlingen,linear,1937,-46,1937,-35.17203614275203,-46,-47.11125243648592,-11.939216293733898,-35.17203614275203,-35.17203614275203
Harlingen,linear,1938,-13,1938,-33.90369590986122,-13,-46.77733535267349,-12.87363944281227,-33.90369590986122,-33.90369590986122
Harlingen,linear,1939,-63,1939,-32.63535567697041,-63,-44.99030224467951,-12.354946567709101,-32.63535567697041,-32.63535567697041
Harlingen,linear,1940,-57,1940,-31.367015444079613,-57,-41.80870073082045,-10.441685286740835,-31.367015444079613,-31.367015444079613
Harlingen,linear,1941,-95,1941,-30.098675211188805,-95,-37.44849076850936,-7.349815557320557,-30.098675211188805,-30.098675211188805
Harlingen,linear,1942,-59,1942,-28.830334978297998,-59,-32.258668107429976,-3.4283331291319783,-28.830334978297998,-28.830334978297998
Harlingen,linear,1943,-13,1943,-27.561994745407198,-13,-26.68187128661092,0.8801234587962776,-27.561994745407198,-27.561994745407198
Harlingen,linear,1944,-11,1944,-26.29365451251639,-11,-21.204418672759605,5.089235839756784,-26.29365451251639,-26.29365451251639
Harlingen,linear,1945,-9,1945,-25.025314279625583,-9,-16.30141512457001,8.723899155055573,-25.025314279625583,-25.025314279625583
Harlingen,linear,1946,-32,1946,-23.756974046734783,-32,-12.383124385207228,11.373849661527554,-23.756974046734783,-23.756974046734783
Harlingen,linear,1947,-103,1947,-22.488633813843975,-103,-9.748660435713498,12.739973378130477,-22.488633813843975,-22.488633813843975
Harlingen,linear,1948,-10,1948,-21.220293580953168,-10,-8.552224912108592,12.668068668844574,-21.220293580953168,-21.220293580953168
Harlingen,linear,1949,8,1949,-19.951953348062368,8,-8.785701548146156,11.16625179991621,-19.951953348062368,-19.951953348062368
Harlingen,linear,1950,2,1950,-18.68361311517156,-42.2913966873013,-10.279572301370493,8.404040813801071,-18.68361311517156,-18.68361311517156
Harlingen,linear,1951,-19,1951,-17.415272882280753,-42.320884833657416,-12.722051754462392,4.693221127818361,-17.415272882280753,-17.415272882280753
Harlingen,linear,1952,3,1952,-16.146932649389953,-22.79238541184742,-15.694279990418337,0.45265265897161644,-16.146932649389953,-16.146932649389953
Harlingen,linear,1953,-42,1953,-14.878592416499144,-31.209293575775312,-18.71760153491859,-3.8390091184194453,-14.878592416499144,-14.878592416499144
Harlingen,linear,1954,-16,1954,-13.61025218360834,-66.04632786715891,-21.307593740677046,-7.697341557068705,-13.61025218360834,-13.61025218360834
Harlingen,linear,1955,-19,1955,-12.341911950717536,-35.99926877619781,-23.02874614321886,-10.686834192501324,-12.341911950717536,-12.341911950717536
Harlingen,linear,1956,-61,1956,-11.073571717826729,-60.03939179724622,-23.543618838931902,-12.470047121105173,-11.073571717826729,-11.073571717826729
Harlingen,linear,1957,-15,1957,-9.805231484935925,-31.88442621452461,-22.65093111830177,-12.845699633365845,-9.805231484935925,-9.805231484935925
Harlingen,linear,1958,-9,1958,-8.536891252045121,-23.63092627101672,-20.308281088102007,-11.771389836056885,-8.536891252045121,-8.536891252045121
Harlingen,linear,1959,-59,1959,-7.268551019154316,-25.35605934824541,-16.636931798174842,-9.36838077902053,-7.268551019154316,-7.268551019154316
Harlingen,linear,1960,-24,1960,-6.00021078626351,-25.031338128873607,-11.908123637265431,-5.907912851001921,-6.00021078626351,-6.00021078626351
Harlingen,linear,1961,58,1961,-4.731870553372707,14.72714009757619,-6.512457990452738,-1.7805874370800354,-4.731870553372707,-4.731870553372707
Harlingen,linear,1962,4,1962,-3.463530320481901,-24.937486633871817,-0.9158079872914762,2.5477223331904266,-3.463530320481901,-3.463530320481901
Harlingen,linear,1963,-73,1963,-2.1951900875910955,-54.97156477868461,4.39326707142849,6.588457159019584,-2.1951900875910955,-2.1951900875910955
Harlingen,linear,1964,-60,1964,-0.9268498547002917,-40.96912671155661,8.958667995500356,9.885517850200648,-0.9268498547002917,-0.9268498547002917
Harlingen,linear,1965,11,1965,0.34149037819051387,-33.47257883970161,12.408238042121368,12.066747663930856,0.34149037819051387,0.34149037819051387
Harlingen,linear,1966,27,1966,1.6098306110813185,-4.206517856118012,14.495770223063069,12.88593961198175,1.6098306110813185,1.6098306110813185
Harlingen,linear,1967,89,1967,2.878170843972123,8.790525834488093,15.128797994433086,12.250627150460966,2.878170843972123,2.878170843972123
Harlingen,linear,1968,-2,1968,4.146511076862929,-1.9007250630654156,14.379032446346942,10.232521369484013,4.146511076862929,4.146511076862929
Harlingen,linear,1969,-3,1969,5.414851309753733,17.61314316878879,12.474267891505246,7.059416581751513,5.414851309753733,5.414851309753733
Harlingen,linear,1970,63,1970,6.683191542644538,32.53007568571148,9.772669511863256,3.0894779692187213,6.683191542644538,6.683191542644538
Harlingen,linear,1971,-15,1971,7.951531775535343,-4.5497775171810115,6.722345353208245,-1.2291864223270985,7.951531775535343,7.951531775535343
Harlingen,linear,1972,-13,1972,9.219872008426147,24.240966105063585,3.8107659912305323,-5.409106017195617,9.219872008426147,9.219872008426147
Harlingen,linear,1973,48,1973,10.488212241316953,10.5247611133927,1.509741139886735,-8.978471101430218,10.488212241316953,10.488212241316953
Harlingen,linear,1974,43,1974,11.756552474207759,-13.734238463628913,0.22216398436321327,-11.534388489844547,11.756552474207759,11.756552474207759
Harlingen,linear,1975,-8,1975,13.024892707098562,-2.390298963980115,0.2365344884882017,-12.78835821861036,13.024892707098562,13.024892707098562
Harlingen,linear,1976,-42,1976,14.293232939989368,-15.335123217401616,1.6943948722999949,-12.598838067689373,14.293232939989368,14.293232939989368
Harlingen,linear,1977,21,1977,15.561573172880172,-15.898293614805013,4.574352990288226,-10.987220182591944,15.561573172880172,15.561573172880172
Harlingen,linear,1978,-7,1978,16.829913405770977,-18.476078091836413,8.69449697641877,-8.135416429352206,16.829913405770977,16.829913405770977
Harlingen,linear,1979,15,1979,18.09825363866178,5.331863853421687,13.732928602139978,-4.365325036521803,18.09825363866178,18.09825363866178
Harlingen,linear,1980,52,1980,19.36659387155259,48.240892485406185,19.264097638250014,-0.10249623330257407,19.36659387155259,19.36659387155259
Harlingen,linear,1981,76,1981,20.634934104443392,33.42145565424369,24.80683596831858,4.171901863875189,20.634934104443392,20.634934104443392
Harlingen,linear,1982,51,1982,21.903274337334196,27.540743870681993,29.878669588290236,7.975395250956042,21.903274337334196,21.903274337334196
Harlingen,linear,1983,100,1983,23.171614570225003,36.44230663232608,34.050278008556134,10.878663438331133,23.171614570225003,23.171614570225003
Harlingen,linear,1984,16,1984,24.439954803115803,13.100887575570084,36.9939539366826,12.5539991335668,24.439954803115803,24.439954803115803
Harlingen,linear,1985,16,1985,25.70829503600661,5.4098924569833855,38.52059333915648,12.812298303149865,25.70829503600661,25.70829503600661
Harlingen,linear,1986,18,1986,26.976635268897418,-3.2642709841125104,38.601040617514585,11.624405348617175,26.976635268897418,26.976635268897418
Harlingen,linear,1987,-11,1987,28.24497550178822,9.75181273150389,37.36937955551615,9.124404053727924,28.24497550178822,28.24497550178822
Harlingen,linear,1988,87,1988,29.513315734679026,33.87132187884909,35.1077985706802,5.594482836001178,29.513315734679026,29.513315734679026
Harlingen,linear,1989,35,1989,30.781655967569833,5.828393004928586,32.2147386095909,1.4330826420210698,30.781655967569833,30.781655967569833
Harlingen,linear,1990,95,1990,32.04999620046063,3.980547728216081,29.159919003115547,-2.890077197345092,32.04999620046063,32.04999620046063
Harlingen,linear,1991,-42,1991,33.31833643335144,-40.485066096441315,26.431317752004226,-6.887018681347217,33.31833643335144,33.31833643335144
Harlingen,linear,1992,9,1992,34.58667666624225,-15.836161962681317,24.480090859492876,-10.106585806749374,34.58667666624225,34.58667666624225
Harlingen,linear,1993,3,1993,35.85501689913305,-2.3262149813728143,23.669647958236816,-12.185368940896238,35.85501689913305,35.85501689913305
Harlingen,linear,1994,55,1994,37.123357132023855,6.339517689038189,24.23463233589733,-12.888724796126521,37.123357132023855,37.123357132023855
Harlingen,linear,1995,53,1995,38.39169736491466,32.170186632325795,26.254435501649226,-12.13726186326544,38.39169736491466,38.39169736491466
Harlingen,linear,1996,-95,1996,39.66003759780546,-18.181329001752317,29.644235845086996,-10.015801752718463,39.66003759780546,39.66003759780546
Harlingen,linear,1997,-9,1997,40.92837783069627,8.784114432325786,34.16457290167054,-6.7638049290257305,40.92837783069627,40.92837783069627
Harlingen,linear,1998,89,1998,42.19671806358707,24.035959744655088,39.44837652654397,-2.7483415370431024,42.19671806358707,42.19671806358707
Harlingen,linear,1999,80,1999,43.46505829647788,23.687962905202085,45.0424000503933,1.5773417539154213,43.46505829647788,43.46505829647788
Harlingen,linear,2000,77,2000,44.733398529368685,28.21998334606188,50.45838063709131,5.7249821077226235,44.733398529368685,44.733398529368685
Harlingen,linear,2001,67,2001,46.001738762259485,44.71366274739428,55.22815210197574,9.226413339716254,46.001738762259485,46.001738762259485
Harlingen,linear,2002,53,2002,47.27007899515029,56.58352984492859,58.956489314392485,11.686410319242189,47.27007899515029,47.27007899515029
Harlingen,linear,2003,39,2003,48.5384192280411,57.76845753369569,61.36571935626214,12.827300128221038,48.5384192280411,48.5384192280411
Harlingen,linear,2004,88,2004,49.8067594609319,50.87180014606189,62.32706393838241,12.520304477450516,49.8067594609319,49.8067594609319
Harlingen,linear,2005,58,2005,51.07509969382271,46.31301873232579,61.875175289555486,10.800075595732777,51.07509969382271,51.07509969382271
Harlingen,linear,2006,65,2006,52.343439926713515,42.280308388490184,60.20422477557017,7.860784848856655,52.343439926713515,52.343439926713515
Harlingen,linear,2007,122,2007,53.611780159604315,73.29680705972308,57.6459857463783,4.03420558677399,53.611780159604315,53.611780159604315
Harlingen,linear,2008,98,2008,54.88012039249512,52.39718189250998,54.632384516852596,-0.24773587564253008,54.88012039249512,54.88012039249512
Harlingen,linear,2009,52,2009,56.14846062538593,44.603754326846385,51.64674655072726,-4.501714074658676,56.14846062538593,56.14846062538593
Harlingen,linear,2010,30,2010,57.41680085827673,54.839425281640885,49.16924094975232,-8.24755990852441,57.41680085827673,57.41680085827673
Harlingen,linear,2011,96,2011,58.68514109116754,58.43795828986009,47.62268121818076,-11.062459872986784,58.68514109116754,58.68514109116754
Harlingen,linear,2012,83,2012,59.953481324058345,62.56523038704549,47.32480005801949,-12.628681266038846,59.953481324058345,59.953481324058345
Harlingen,linear,2013,40,2013,61.221821556949145,56.64139827890119,48.452385192256294,-12.769436364692849,61.221821556949145,61.221821556949145
Harlingen,linear,2014,93,2014,62.49016178983995,76.5376861533395,51.02132439608074,-11.468837393759214,62.49016178983995,62.49016178983995
Harlingen,linear,2015,140,2015,63.75850202273076,84.60142761040808,54.88481215935775,-8.873689863373013,63.75850202273076,63.75850202273076
Harlingen,linear,2016,103,2016,65.02684225562156,108.32552203212748,59.749920403879756,-5.276921851741808,65.02684225562156,65.02684225562156
Harlingen,linear,2017,149,2017,66.29518248851237,103.87207369533948,65.21066283057557,-1.0845196579367926,66.29518248851237,66.29518248851237
Harlingen,linear,2018,47,2018,67.56352272140317,79.37907898849019,70.79382074828217,3.230298026879,67.56352272140317,67.56352272140317
Harlingen,linear,2019,140,2019,68.83186295429398,110.7050772597231,76.01235777951827,7.180494825224287,68.83186295429398,68.83186295429398
Harlingen,linear,2020,153,2020,70.10020318718479,116.36368019852088,80.42039424186422,10.320191054679425,70.10020318718479,70.10020318718479
Harlingen,linear,2021,117,2021,71.36854342007558,116.40147844602448,83.66353595468829,12.294992534612703,71.36854342007558,71.36854342007558
Harlingen,linear,2022,142,2022,72.63688365296639,129.90867636928508,85.51887659163143,12.88199293866505,72.63688365296639,72.63688365296639
Harlingen,linear,2023,204,2023,73.9052238858572,156.2088519787859,85.92015830097124,12.014934415114054,73.9052238858572,73.9052238858572
Harlingen,linear,2024,203,2024,75.173564118748,165.96780641577828,84.96525058107858,9.791686462330569,75.173564118748,75.173564118748
Harlingen,linear,2025,151,2025,76.44190435163881,155.90189353298177,82.90510323059186,6.463198878953067,76.44190435163881,76.44190435163881
Harlingen,broken_linear,1891,-100,1891,-76.8961091909228,-100,-67.16821071580779,9.72789847511501,-76.8961091909228,-366.2551762075443
Harlingen,broken_linear,1892,-91,1892,-76.04016519741148,-91,-66.17712297260063,9.863042224810856,-76.04016519741148,-362.56237861583077
Harlingen,broken_linear,1893,-74,1893,-75.18422120390017,-74,-66.29932916369374,8.884892040206417,-75.18422120390017,-358.8695810241173
Harlingen,broken_linear,1894,-70,1894,-74.32827721038885,-70,-67.42442028519832,6.903856925190526,-74.32827721038885,-355.1767834324038
Harlingen,broken_linear,1895,-104,1895,-73.47233321687753,-104,-69.32878638727199,4.143546829605547,-73.47233321687753,-351.4839858406903
Harlingen,broken_linear,1896,-101,1896,-72.61638922336621,-101,-71.70085661620062,0.9155326071655812,-72.61638922336621,-347.7911882489768
Harlingen,broken_linear,1897,-82,1897,-71.7604452298549,-82,-74.17626787064451,-2.4158226407896066,-71.7604452298549,-344.09839065726334
Harlingen,broken_linear,1898,-42,1898,-70.90450123634358,-42,-76.37899239912352,-5.47449116277995,-70.90450123634358,-340.40559306554985
Harlingen,broken_linear,1899,-79,1899,-70.04855724283226,-79,-77.96378204848666,-7.915224805654403,-70.04855724283226,-336.71279547383637
Harlingen,broken_linear,1900,-114,1900,-69.19261324932094,-114,-78.65513825572265,-9.46252500640171,-69.19261324932094,-333.0199978821229
Harlingen,broken_linear,1901,-126,1901,-68.33666925580962,-126,-78.27840903326317,-9.941739777453542,-68.33666925580962,-329.3272002904094
Harlingen,broken_linear,1902,-136,1902,-67.48072526229831,-136,-76.77950286596726,-9.298777603668954,-67.48072526229831,-325.6344026986959
Harlingen,broken_linear,1903,-15,1903,-66.62478126878699,-15,-74.23099430758246,-7.606213038795476,-66.62478126878699,-321.9416051069824
Harlingen,broken_linear,1904,-84,1904,-65.76883727527567,-84,-70.82393210559822,-5.055094830322551,-65.76883727527567,-318.24880751526894
Harlingen,broken_linear,1905,-78,1905,-64.91289328176435,-78,-66.84627451492612,-1.933381233161758,-64.91289328176435,-314.55600992355545
Harlingen,broken_linear,1906,-50,1906,-64.05694928825304,-50,-62.65038592102921,1.406563367223829,-64.05694928825304,-310.86321233184196
Harlingen,broken_linear,1907,-78,1907,-63.20100529474171,-78,-58.613263601193275,4.587741693548443,-63.20100529474171,-307.1704147401284
Harlingen,broken_linear,1908,-105,1908,-62.345061301230395,-105,-55.09398404053316,7.251077260697231,-62.345061301230395,-303.47761714841494
Harlingen,broken_linear,1909,-59,1909,-61.48911730771908,-59,-52.39317206294498,9.095945244774102,-61.48911730771908,-299.78481955670145
Harlingen,broken_linear,1910,-47,1910,-60.63317331420776,-47,-50.71906771135285,9.914105602854908,-60.63317331420776,-296.09202196498796
Harlingen,broken_linear,1911,-77,1911,-59.77722932069644,-77,-50.164021088612984,9.613208232083455,-59.77722932069644,-292.3992243732745
Harlingen,broken_linear,1912,-1,1912,-58.921285327185124,-1,-50.69406831115971,8.227217016025412,-58.921285327185124,-288.706426781561
Harlingen,broken_linear,1913,-25,1913,-58.06534133367381,-25,-52.152765192842324,5.912576140831486,-58.06534133367381,-285.0136291898475
Harlingen,broken_linear,1914,-10,1914,-57.20939734016249,-10,-54.27884593070651,2.930551409455977,-57.20939734016249,-281.320831598134
Harlingen,broken_linear,1915,-74,1915,-56.353453346651165,-74,-56.73571356311476,-0.3822602164635929,-56.353453346651165,-277.62803400642053
Harlingen,broken_linear,1916,-4,1916,-55.49750935313985,-4,-59.149433455645955,-3.651924102506104,-55.49750935313985,-273.93523641470705
Harlingen,broken_linear,1917,-53,1917,-54.64156535962853,-53,-61.15094128833033,-6.509375928701802,-54.64156535962853,-270.24243882299356
Harlingen,broken_linear,1918,-34,1918,-53.78562136611721,-34,-62.41770130463872,-8.63207993852151,-53.78562136611721,-266.5496412312801
Harlingen,broken_linear,1919,-60,1919,-52.929677372605894,-60,-62.71011263451681,-9.780435261910917,-52.929677372605894,-262.8568436395666
Harlingen,broken_linear,1920,-53,1920,-52.07373337909458,-53,-61.89855431651975,-9.824820937425175,-52.07373337909458,-259.1640460478531
Harlingen,broken_linear,1921,-35,1921,-51.21778938558326,-35,-59.978016303828994,-8.760226918245731,-51.21778938558326,-255.47124845613962
Harlingen,broken_linear,1922,-52,1922,-50.36184539207194,-52,-57.068664974832664,-6.706819582760726,-50.36184539207194,-251.77845086442613
Harlingen,broken_linear,1923,-8,1923,-49.505901398560624,-8,-53.40227931608855,-3.896377917527931,-49.505901398560624,-248.08565327271265
Harlingen,broken_linear,1924,-39,1924,-48.64995740504931,-39,-49.296088797702495,-0.6461313926531855,-48.64995740504931,-244.39285568099916
Harlingen,broken_linear,1925,18,1925,-47.79401341153799,18,-45.116965999011256,2.6770474125267287,-47.79401341153799,-240.70005808928562
Harlingen,broken_linear,1926,6,1926,-46.93806941802667,6,-41.24001575299376,5.698053665032905,-46.93806941802667,-237.00726049757213
Harlingen,broken_linear,1927,-10,1927,-46.082125424515354,-10,-38.00623507251271,8.07589035200265,-46.082125424515354,-233.31446290585865
Harlingen,broken_linear,1928,8,1928,-45.226181431004036,8,-35.68402300727509,9.542158423728942,-45.226181431004036,-229.62166531414516
Harlingen,broken_linear,1929,-68,1929,-44.37023743749272,-68,-34.438885018284125,9.931352419208597,-44.37023743749272,-225.92886772243168
Harlingen,broken_linear,1930,-36,1930,-43.514293443981394,-36,-34.31475149786272,9.199541946118671,-43.514293443981394,-222.2360701307182
Harlingen,broken_linear,1931,-15,1931,-42.65834945047008,-15,-35.22901911306573,7.4293303374043465,-42.65834945047008,-218.5432725390047
Harlingen,broken_linear,1932,-29,1932,-41.80240545695876,-29,-36.98187468237271,4.820530774586048,-41.80240545695876,-214.85047494729122
Harlingen,broken_linear,1933,-85,1933,-40.94646146344745,-85,-39.278849150203165,1.6676123132442877,-40.94646146344745,-211.15767735557773
Harlingen,broken_linear,1934,-55,1934,-40.090517469936124,-55,-41.76405587242152,-1.673538402485403,-40.090517469936124,-207.46487976386422
Harlingen,broken_linear,1935,-3,1935,-39.234573476424806,-3,-44.060361431100425,-4.825787954675618,-39.234573476424806,-203.77208217215073
Harlingen,broken_linear,1936,-13,1936,-38.37862948291349,-13,-45.81195468543118,-7.433325202517693,-38.37862948291349,-200.07928458043725
Harlingen,broken_linear,1937,-46,1937,-37.52268548940217,-46,-46.72450906402571,-9.201823574623539,-37.52268548940217,-196.38648698872376
Harlingen,broken_linear,1938,-13,1938,-36.666741495890854,-13,-46.598404767474364,-9.931663271583513,-36.666741495890854,-192.69368939701027
Harlingen,broken_linear,1939,-63,1939,-35.810797502379536,-63,-45.351260914795716,-9.540463412416184,-35.810797502379536,-189.0008918052968
Harlingen,broken_linear,1940,-57,1940,-34.95485350886822,-57,-43.02723431079534,-8.072380801927125,-34.95485350886822,-185.3080942135833
Harlingen,broken_linear,1941,-95,1941,-34.0989095153569,-95,-39.79203523309912,-5.69312571774222,-34.0989095153569,-181.61529662186982
Harlingen,broken_linear,1942,-59,1942,-33.24296552184558,-59,-35.91422283343742,-2.671257311591835,-33.24296552184558,-177.92249903015633
Harlingen,broken_linear,1943,-13,1943,-32.387021528334266,-13,-31.734891440531484,0.6521300878027816,-32.387021528334266,-174.22970143844282
Harlingen,broken_linear,1944,-11,1944,-31.53107753482295,-11,-27.629169432496607,3.9019081023263458,-31.53107753482295,-170.53690384672933
Harlingen,broken_linear,1945,-9,1945,-30.67513354131163,-9,-23.963876505419066,6.711257035892568,-30.67513354131163,-166.84410625501584
Harlingen,broken_linear,1946,-32,1946,-29.819189547800313,-32,-21.056118786980733,8.76307076081958,-29.819189547800313,-163.15130866330236
Harlingen,broken_linear,1947,-103,1947,-28.963245554288996,-103,-19.13749538445593,9.82575016983306,-28.963245554288996,-159.45851107158887
Harlingen,broken_linear,1948,-10,1948,-28.107301560777678,-10,-18.327956564019594,9.779344996758086,-28.107301560777678,-155.7657134798754
Harlingen,broken_linear,1949,8,1949,-27.25135756726636,8,-18.622264327442863,8.6290932398235,-27.25135756726636,-152.0729158881619
Harlingen,broken_linear,1950,2,1950,-26.395413573755036,-42.2913966873013,-19.890583652759375,6.504829920995661,-26.395413573755036,-148.38011829644842
Harlingen,broken_linear,1951,-19,1951,-25.53946958024372,-42.320884833657416,-21.89313766242942,3.6463319178142997,-25.53946958024372,-144.68732070473493
Harlingen,broken_linear,1952,3,1952,-24.6835255867324,-22.79238541184742,-24.30727251237373,0.37625307435867517,-24.6835255867324,-140.99452311302144
Harlingen,broken_linear,1953,-42,1953,-23.827581593221083,-31.209293575775312,-26.76387704417659,-2.9362954509555097,-23.827581593221083,-137.30172552130796
Harlingen,broken_linear,1954,-16,1954,-22.971637599709766,-66.04632786715891,-28.889046320978828,-5.9174087212690605,-22.971637599709766,-133.60892792959447
Harlingen,broken_linear,1955,-19,1955,-22.115693606198448,-35.99926877619781,-30.3462862625915,-8.230592656393055,-22.115693606198448,-129.91613033788096
Harlingen,broken_linear,1956,-61,1956,-21.25974961268713,-60.03939179724622,-30.874495518620293,-9.61474590593316,-21.25974961268713,-126.22333274616747
Harlingen,broken_linear,1957,-15,1957,-20.403805619175813,-31.88442621452461,-30.31743736395226,-9.913631744776447,-20.403805619175813,-122.53053515445399
Harlingen,broken_linear,1958,-9,1958,-19.547861625664495,-23.63092627101672,-28.641374967308778,-9.093513341644282,-19.547861625664495,-118.8377375627405
Harlingen,broken_linear,1959,-59,1959,-18.691917632153178,-25.35605934824541,-25.938879446485345,-7.246961814332171,-18.691917632153178,-115.144939971027
Harlingen,broken_linear,1960,-24,1960,-17.83597363864186,-25.031338128873607,-22.418380874868287,-4.5824072362264285,-17.83597363864186,-111.45214237931351
Harlingen,broken_linear,1961,58,1961,-16.980029645130543,14.72714009757619,-18.3806416725915,-1.400612027460959,-16.980029645130543,-107.75934478760003
Harlingen,broken_linear,1962,4,1962,-16.124085651619225,-24.937486633871817,-14.184807955565724,1.9392776960534999,-16.124085651619225,-104.06654719588654
Harlingen,broken_linear,1963,-73,1963,-15.268141658107906,-54.97156477868461,-10.207870806832958,5.060270851274949,-15.268141658107906,-100.37374960417306
Harlingen,broken_linear,1964,-60,1964,-14.412197664596587,-40.96912671155661,-6.802113291750089,7.610084372846496,-14.412197664596587,-96.68095201245956
Harlingen,broken_linear,1965,11,1965,-13.556253671085269,-33.47257883970161,-4.255346398292168,9.3009072727931,-13.556253671085269,-92.98815442074607
Harlingen,broken_linear,1966,27,1966,-12.700309677573951,-4.206517856118012,-2.7584222829826004,9.94188739459135,-12.700309677573951,-89.29535682903258
Harlingen,broken_linear,1967,89,1967,-11.844365684062634,8.790525834488093,-2.383691774839434,9.460673909223196,-11.844365684062634,-85.6025592373191
Harlingen,broken_linear,1968,-2,1968,-10.988421690551316,-1.9007250630654156,-3.076837753226581,7.9115839373247345,-10.988421690551316,-81.9097616456056
Harlingen,broken_linear,1969,-3,1969,-10.132477697039997,17.61314316878879,-4.663006209604799,5.469471487435198,-10.132477697039997,-78.21696405389211
Harlingen,broken_linear,1970,63,1970,-9.27653370352868,32.53007568571148,-6.8665429476955815,2.409990755833097,-9.27653370352868,-74.52416646217863
Harlingen,broken_linear,1971,-15,1971,-8.420589710017362,-4.5497775171810115,-9.342108135937321,-0.9215184259199618,-8.420589710017362,-70.83136887046514
Harlingen,broken_linear,1972,-13,1972,-7.5646457165060434,24.240966105063585,-11.713656647525092,-4.149010931019046,-7.5646457165060434,-67.13857127875164
Harlingen,broken_linear,1973,48,1973,-6.708701722994725,10.5247611133927,-13.61688427012491,-6.908182547130184,-6.708701722994725,-63.445773687038155
Harlingen,broken_linear,1974,43,1974,-5.8527577294834074,-13.734238463628913,-14.740348656244556,-8.88759092676115,-5.8527577294834074,-59.75297609532466
Harlingen,broken_linear,1975,-8,1975,-4.99681373597209,-2.390298963980115,-14.860623474300162,-9.863809738328072,-4.99681373597209,-56.060178503611176
Harlingen,broken_linear,1976,-42,1976,-4.140869742460771,-15.335123217401616,-13.867517724730419,-9.726647982269643,-4.140869742460771,-52.36738091189768
Harlingen,broken_linear,1977,21,1977,-3.284925748949453,-15.898293614805013,-11.776513583070745,-8.491587834121292,-3.284925748949453,-48.6745833201842
Harlingen,broken_linear,1978,-7,1978,-2.4289817554381354,-18.476078091836413,-8.72701884461282,-6.298037089174684,-2.4289817554381354,-44.98178572847071
Harlingen,broken_linear,1979,15,1979,-1.5730377619268179,5.331863853421687,-4.966631226497693,-3.3935934645708756,-1.5730377619268179,-41.28898813675722
Harlingen,broken_linear,1980,52,1980,-0.7170937684155003,48.240892485406185,-0.823190698998888,-0.10609693058338765,-0.7170937684155003,-37.59619054504373
Harlingen,broken_linear,1981,76,1981,0.138850225095819,33.42145565424369,3.3322255522749984,3.1933753271791803,0.138850225095819,-33.90339295333024
Harlingen,broken_linear,1982,51,1982,0.9947942186071366,27.540743870681993,7.127188578199256,6.132394359592119,0.9947942186071366,-30.21059536161675
Harlingen,broken_linear,1983,100,1983,1.8507382121184541,36.44230663232608,10.22995569867588,8.37921748655742,1.8507382121184541,-26.51779776990326
Harlingen,broken_linear,1984,16,1984,2.7066822056297735,13.100887575570084,12.386916060006623,9.68023385437685,2.7066822056297735,-22.825000178189768
Harlingen,broken_linear,1985,16,1985,3.562626199141091,5.4098924569833855,13.451217038254107,9.888590839113016,3.562626199141091,-19.132202586476282
Harlingen,broken_linear,1986,18,1986,4.418570192652409,-3.2642709841125104,13.399340274479098,8.980770081826691,4.418570192652409,-15.439404994762791
Harlingen,broken_linear,1987,-11,1987,5.274514186163726,9.75181273150389,12.33375631676223,7.059242130598503,5.274514186163726,-11.746607403049302
Harlingen,broken_linear,1988,87,1988,6.130458179675044,33.87132187884909,10.471358225472798,4.340900045797753,6.130458179675044,-8.053809811335814
Harlingen,broken_linear,1989,35,1989,6.986402173186361,5.828393004928586,8.118979702158683,1.1325775289723174,6.986402173186361,-4.361012219622324
Harlingen,broken_linear,1990,95,1990,7.842346166697679,3.980547728216081,5.638761140812704,-2.20358502588498,7.842346166697679,-0.668214627908835
Harlingen,broken_linear,1991,-42,1991,8.698290160209,-40.485066096441315,3.407272919164699,-5.291017241044302,8.698290160209,3.024582963804657
Harlingen,broken_linear,1992,9,1992,9.554234153720317,-15.836161962681317,1.7730099011070521,-7.781224252613266,9.554234153720317,6.717380555518146
Harlingen,broken_linear,1993,3,1993,10.410178147231635,-2.3262149813728143,1.0170549714070578,-9.393123175824577,10.410178147231635,10.410178147231635
Harlingen,broken_linear,1994,55,1994,14.102975738945124,6.339517689038189,4.158205316564867,-9.944770422380255,11.266122140742953,14.102975738945124
Harlingen,broken_linear,1995,53,1995,17.795773330658612,32.170186632325795,8.421874691540285,-9.373898639118329,12.12206613425427,17.795773330658612
Harlingen,broken_linear,1996,-95,1996,21.4885709223721,-18.181329001752317,13.743625767659012,-7.744945154713088,12.978010127765588,21.4885709223721
Harlingen,broken_linear,1997,-9,1997,25.18136851408559,8.784114432325786,19.93958991776625,-5.241778596319339,13.833954121276905,25.18136851408559
Harlingen,broken_linear,1998,89,1998,28.874166105799084,24.035959744655088,26.727221444248258,-2.1469446615508265,14.689898114788226,28.874166105799084
Harlingen,broken_linear,1999,80,1999,32.56696369751257,23.687962905202085,33.75719001182803,1.1902263143154608,15.545842108299544,32.56696369751257
Harlingen,broken_linear,2000,77,2000,36.25976128922606,28.21998334606188,40.65281141694318,4.393050127717119,16.401786101810863,36.25976128922606
Harlingen,broken_linear,2001,67,2001,39.95255888093955,44.71366274739428,47.052565933446445,7.100007052506901,17.25773009532218,39.95255888093955
Harlingen,broken_linear,2002,53,2002,43.64535647265304,56.58352984492859,52.650904963239014,9.005548490585973,18.1136740888335,43.64535647265304
Harlingen,broken_linear,2003,39,2003,47.338154064366535,57.76845753369569,57.232739928555795,9.89458586418926,18.969618082344816,47.338154064366535
Harlingen,broken_linear,2004,88,2004,51.03095165608002,50.87180014606189,60.697720461544876,9.666768805464852,19.825562075856134,51.03095165608002
Harlingen,broken_linear,2005,58,2005,54.723749247793506,46.31301873232579,63.071561483001176,8.347812235207675,20.68150606936745,54.723749247793506
Harlingen,broken_linear,2006,65,2006,58.416546839507,42.280308388490184,64.50314062274761,6.086593783240608,21.53745006287877,58.416546839507
Harlingen,broken_linear,2007,122,2007,62.109344431220485,73.29680705972308,65.24769361123352,3.13834918001303,22.393394056390086,62.109344431220485
Harlingen,broken_linear,2008,98,2008,65.80214202293398,52.39718189250998,65.63800446770914,-0.16413755522484985,23.249338049901404,65.80214202293398
Harlingen,broken_linear,2009,52,2009,69.49493961464746,44.603754326846385,66.04684240137428,-3.4480972132731953,24.10528204341272,69.49493961464746
Harlingen,broken_linear,2010,30,2010,73.18773720636095,54.839425281640885,66.84488537187461,-6.3428518344863445,24.96122603692404,73.18773720636095
Harlingen,broken_linear,2011,96,2011,76.88053479807445,58.43795828986009,68.35887970023651,-8.521655097837936,25.817170030435364,76.88053479807445
Harlingen,broken_linear,2012,83,2012,80.57333238978794,62.56523038704549,70.83475847706572,-9.738573912722217,26.67311402394668,80.57333238978794
Harlingen,broken_linear,2013,40,2013,84.26612998150142,56.64139827890119,74.40988178906436,-9.856248192437066,27.529058017458,84.26612998150142
Harlingen,broken_linear,2014,93,2014,87.95892757321491,76.5376861533395,79.09753215686281,-8.86139541635209,28.385002010969316,87.95892757321491
Harlingen,broken_linear,2015,140,2015,91.65172516492841,84.60142761040808,84.7854152664055,-6.866309898522916,29.240946004480634,91.65172516492841
Harlingen,broken_linear,2016,103,2016,95.3445227566419,108.32552203212748,91.24833522429722,-4.096187532344656,30.09688999799195,95.3445227566419
Harlingen,broken_linear,2017,149,2017,99.03732034835538,103.87207369533948,98.17361361375328,-0.863706734602105,30.95283399150327,99.03732034835538
Harlingen,broken_linear,2018,47,2018,102.73011794006887,79.37907898849019,105.19638316736837,2.4662652272994943,31.808777985014586,102.73011794006887
Harlingen,broken_linear,2019,140,2019,106.42291553178237,110.7050772597231,111.94077227250263,5.517856740720261,32.664721978525904,106.42291553178237
Harlingen,broken_linear,2020,153,2020,110.11571312349585,116.36368019852088,118.06233159553082,7.946618472034973,33.52066597203722,110.11571312349585
Harlingen,broken_linear,2021,117,2021,113.80851071520934,116.40147844602448,123.28691390665287,9.47840319144353,34.37660996554854,113.80851071520934
Harlingen,broken_linear,2022,142,2022,117.50130830692282,129.90867636928508,127.44161853304374,9.940310226120904,35.23255395905986,117.50130830692282
Harlingen,broken_linear,2023,204,2023,121.19410589863632,156.2088519787859,130.47430757564592,9.280201677009602,36.088497952571174,121.19410589863632
Harlingen,broken_linear,2024,203,2024,124.88690349034981,165.96780641577828,132.45949099061238,7.572587500262582,36.94444194608249,124.88690349034981
Harlingen,broken_linear,2025,151,2025,128.5797010820633,155.90189353298177,133.58991625501622,5.010215172952904,37.80038593959381,128.5797010820633
Harlingen,broken_squared,1891,-100,1891,-73.4761285707586,-100,-63.0895787044655,10.386549866293105,-73.4761285707586,35.9633677605772
Harlingen,broken_squared,1892,-91,1892,-72.7438419240659,-91,-62.34864604211346,10.395195881952445,-72.7438419240659,33.54648175501343
Harlingen,broken_squared,1893,-74,1893,-72.01155527737322,-74,-62.78107432230398,9.230480955069243,-72.01155527737322,31.175569072840275
Harlingen,broken_squared,1894,-70,1894,-71.27926863068052,-70,-64.2553959883002,7.023872642380335,-71.27926863068052,28.850629714057717
Harlingen,broken_squared,1895,-104,1895,-70.54698198398782,-104,-66.52253944597332,4.024442538014502,-70.54698198398782,26.571663678665786
Harlingen,broken_squared,1896,-101,1896,-69.81469533729512,-101,-69.24394309683927,0.570752240455844,-69.81469533729512,24.338670966664438
Harlingen,broken_squared,1897,-82,1897,-69.08240869060242,-82,-72.02977058294846,-2.9473618923460343,-69.08240869060242,22.151651578053702
Harlingen,broken_squared,1898,-42,1898,-68.35012204390972,-42,-74.48291368607053,-6.132791642160803,-68.35012204390972,20.01060551283358
Harlingen,broken_squared,1899,-79,1899,-67.61783539721702,-79,-76.24381604035246,-8.625980643135424,-67.61783539721702,17.915532771004052
Harlingen,broken_squared,1900,-114,1900,-66.88554875052432,-114,-77.03105816805265,-10.145509417528336,-66.88554875052432,15.866433352565139
Harlingen,broken_squared,1901,-126,1901,-66.15326210383164,-126,-76.6731227899213,-10.519860686089649,-66.15326210383164,13.863307257516809
Harlingen,broken_squared,1902,-136,1902,-65.42097545713894,-136,-75.1277548910159,-9.70677943387696,-65.42097545713894,11.906154485859105
Harlingen,broken_squared,1903,-15,1903,-64.68868881044624,-15,-72.4867312685507,-7.798042458104453,-64.68868881044624,9.994975037591999
Harlingen,broken_squared,1904,-84,1904,-63.956402163753545,-84,-68.96550119759388,-5.009099033840333,-63.956402163753545,8.129768912715498
Harlingen,broken_squared,1905,-78,1905,-63.224115517060845,-78,-64.87886752766882,-1.6547520106079676,-63.224115517060845,6.310536111229602
Harlingen,broken_squared,1906,-50,1906,-62.491828870368145,-50,-60.60545321398387,1.8863756563842773,-62.491828870368145,4.537276633134304
Harlingen,broken_squared,1907,-78,1907,-61.759542223675446,-78,-56.544964134541715,5.214578089133737,-61.759542223675446,2.809990478429633
Harlingen,broken_squared,1908,-105,1908,-61.027255576982746,-105,-53.07307216583318,7.954183411149565,-61.027255576982746,1.128677647115552
Harlingen,broken_squared,1909,-59,1909,-60.294968930290054,-59,-50.499011103867524,9.795957826422534,-60.294968930290054,-0.5066618608079168
Harlingen,broken_squared,1910,-47,1910,-59.562682283597354,-47,-49.03067180403561,10.532010479561743,-59.562682283597354,-2.0960280453407876
Harlingen,broken_squared,1911,-77,1911,-58.830395636904655,-77,-48.75113643666461,10.079259200240049,-58.830395636904655,-3.6394209064830463
Harlingen,broken_squared,1912,-1,1912,-58.09810899021196,-1,-49.609300561407736,8.488808428804225,-58.09810899021196,-5.136840444234714
Harlingen,broken_squared,1913,-25,1913,-57.36582234351926,-25,-51.42564155671641,5.940180786802854,-57.36582234351926,-6.588286658595763
Harlingen,broken_squared,1914,-10,1914,-56.63353569682656,-10,-53.912482291137906,2.7210534056886564,-56.63353569682656,-7.993759549566207
Harlingen,broken_squared,1915,-74,1915,-55.90124905013386,-74,-56.706462768289036,-0.805213718155176,-55.90124905013386,-9.353259117146045
Harlingen,broken_squared,1916,-4,1916,-55.168962403441164,-4,-59.40955449856025,-4.240592095119084,-55.168962403441164,-10.666785361335279
Harlingen,broken_squared,1917,-53,1917,-54.43667575674847,-53,-61.63398808768894,-7.19731233094047,-54.43667575674847,-11.934338282133915
Harlingen,broken_squared,1918,-34,1918,-53.70438911005577,-34,-63.04602282678084,-9.34163371672507,-53.70438911005577,-13.155917879541938
Harlingen,broken_squared,1919,-60,1919,-52.97210246336307,-60,-63.40361777779971,-10.431515314436634,-52.97210246336307,-14.331524153559357
Harlingen,broken_squared,1920,-53,1920,-52.23981581667038,-53,-62.58375221912826,-10.343936402457878,-52.23981581667038,-15.461157104186178
Harlingen,broken_squared,1921,-35,1921,-51.50752916997768,-35,-60.596311647477975,-9.0887824775003,-51.50752916997768,-16.544816731422387
Harlingen,broken_squared,1922,-52,1922,-50.77524252328498,-52,-57.58297194939769,-6.807729426112714,-50.77524252328498,-17.582503035267983
Harlingen,broken_squared,1923,-8,1923,-50.04295587659228,-8,-53.80120769186621,-3.7582518152739337,-50.04295587659228,-18.574216015722982
Harlingen,broken_squared,1924,-39,1924,-49.31066922989958,-39,-49.595229601102574,-0.2845603712029927,-49.31066922989958,-19.51995567278738
Harlingen,broken_squared,1925,18,1925,-48.57838258320689,18,-45.35713167064025,3.2212509125666395,-48.57838258320689,-20.41972200646117
Harlingen,broken_squared,1926,6,1926,-47.84609593651419,6,-41.48263343082896,6.363462505685231,-47.84609593651419,-21.273515016744355
Harlingen,broken_squared,1927,-10,1927,-47.11380928982149,-10,-38.32641298475011,8.787396305071379,-47.11380928982149,-22.08133470363693
Harlingen,broken_squared,1928,8,1928,-46.38152264312879,8,-36.162072607897684,10.219450035231105,-46.38152264312879,-22.8431810671389
Harlingen,broken_squared,1929,-68,1929,-45.6492359964361,-68,-35.151255806913944,10.497980189522155,-45.6492359964361,-23.559054107250272
Harlingen,broken_squared,1930,-36,1930,-44.9169493497434,-36,-35.32540175890307,9.59154759084033,-44.9169493497434,-24.228953823971032
Harlingen,broken_squared,1931,-15,1931,-44.1846627030507,-15,-36.582196604615234,7.602466098435465,-44.1846627030507,-24.852880217301188
Harlingen,broken_squared,1932,-29,1932,-43.452376056358,-29,-38.697122156877626,4.755253899480375,-43.452376056358,-25.430833287240738
Harlingen,broken_squared,1933,-85,1933,-42.720089409665306,-85,-41.34879846024519,1.3712909494201138,-42.720089409665306,-25.962813033789693
Harlingen,broken_squared,1934,-55,1934,-41.987802762972606,-55,-44.15525965263109,-2.16745688965848,-41.987802762972606,-26.44881945694803
Harlingen,broken_squared,1935,-3,1935,-41.25551611627991,-3,-46.717068479842645,-5.4615523635627365,-41.25551611627991,-26.888852556715765
Harlingen,broken_squared,1936,-13,1936,-40.52322946958721,-13,-48.66240289889213,-8.139173429304927,-40.52322946958721,-27.282912333092895
Harlingen,broken_squared,1937,-46,1937,-39.790942822894515,-46,-49.68902560582211,-9.898082782927595,-39.790942822894515,-27.630998786079424
Harlingen,broken_squared,1938,-13,1938,-39.058656176201815,-13,-49.59839916464284,-10.53974298844102,-39.058656176201815,-27.933111915675344
Harlingen,broken_squared,1939,-63,1939,-38.326369529509115,-63,-48.31809598167709,-9.991726452167976,-38.326369529509115,-28.18925172188066
Harlingen,broken_squared,1940,-57,1940,-37.594082882816416,-57,-45.90997359254349,-8.315890709727073,-37.594082882816416,-28.399418204695365
Harlingen,broken_squared,1941,-95,1941,-36.86179623612372,-95,-42.5631924737378,-5.701396237614074,-36.86179623612372,-28.563611364119474
Harlingen,broken_squared,1942,-59,1942,-36.129509589431024,-59,-38.57286449548427,-2.4433549060532456,-36.129509589431024,-28.681831200152974
Harlingen,broken_squared,1943,-13,1943,-35.397222942738324,-13,-34.30674207832942,1.0904808644089043,-35.397222942738324,-28.754077712795866
Harlingen,broken_squared,1944,-11,1944,-34.664936296045624,-11,-30.163708025205196,4.501228270840428,-34.664936296045624,-28.780350902048152
Harlingen,broken_squared,1945,-9,1945,-33.93264964935293,-9,-26.52875150197552,7.403898147377412,-33.93264964935293,-28.76065076790984
Harlingen,broken_squared,1946,-32,1946,-33.20036300266023,-32,-23.729512266553613,9.470850736106618,-33.20036300266023,-28.694977310380917
Harlingen,broken_squared,1947,-103,1947,-32.46807635596753,-103,-21.999298230136475,10.46877812583106,-32.46807635596753,-28.58333052946139
Harlingen,broken_squared,1948,-10,1948,-31.735789709274833,-10,-21.450750754742977,10.285038954531855,-31.735789709274833,-28.425710425151255
Harlingen,broken_squared,1949,8,1949,-31.003503062582137,8,-22.063130224721245,8.940372837860892,-31.003503062582137,-28.22211699745052
Harlingen,broken_squared,1950,2,1950,-30.27121641588944,-42.2913966873013,-23.684657037264447,6.586559378624994,-30.27121641588944,-27.972550246359177
Harlingen,broken_squared,1951,-19,1951,-29.53892976919674,-42.320884833657416,-26.04964377190815,3.4892859972885923,-29.53892976919674,-27.677010171877228
Harlingen,broken_squared,1952,3,1952,-28.806643122504042,-22.79238541184742,-28.808484740091323,-0.0018416175872792984,-28.806643122504042,-27.335496774004675
Harlingen,broken_squared,1953,-42,1953,-28.074356475811346,-31.209293575775312,-31.567117835121103,-3.4927613593097595,-28.074356475811346,-26.948010052741516
Harlingen,broken_squared,1954,-16,1954,-27.34206982911865,-66.04632786715891,-33.93150441405099,-6.58943458493234,-27.34206982911865,-26.514550008087756
Harlingen,broken_squared,1955,-19,1955,-26.60978318242595,-35.99926877619781,-35.5521065310813,-8.942323348655348,-26.60978318242595,-26.035116640043384
Harlingen,broken_squared,1956,-61,1956,-25.87749653573325,-60.03939179724622,-36.16334114103894,-10.28584460530569,-25.87749653573325,-25.509709948608407
Harlingen,broken_squared,1957,-15,1957,-25.145209889040554,-31.88442621452461,-35.61355786754514,-10.468347978504585,-25.145209889040554,-24.938329933782832
Harlingen,broken_squared,1958,-9,1958,-24.41292324234786,-23.63092627101672,-33.88215658603989,-9.469233343692034,-24.41292324234786,-24.32097659556665
Harlingen,broken_squared,1959,-59,1959,-23.68063659565516,-25.35605934824541,-31.081912669197706,-7.401276073542541,-23.68063659565516,-23.657649933959856
Harlingen,broken_squared,1960,-24,1960,-22.94834994896246,-25.031338128873607,-27.44624743194089,-4.497897482978429,-22.94834994896246,-22.94834994896246
Harlingen,broken_squared,1961,58,1961,-22.19307664057446,14.72714009757619,-23.27989396680183,-1.0868173262273673,-22.216063302269763,-22.19307664057446
Harlingen,broken_squared,1962,4,1962,-21.391830008795857,-24.937486633871817,-18.94489233724414,2.4469376715517153,-21.483776655577067,-21.391830008795857
Harlingen,broken_squared,1963,-73,1963,-20.544610053626645,-54.97156477868461,-14.840116228958255,5.704493824668386,-20.751490008884367,-20.544610053626645
Harlingen,broken_squared,1964,-60,1964,-19.651416775066824,-40.96912671155661,-11.333263297824079,8.318153477242745,-20.019203362191668,-19.651416775066824
Harlingen,broken_squared,1965,11,1965,-18.712250173116406,-33.47257883970161,-8.719351183552895,9.992898989563512,-19.286916715498972,-18.712250173116406
Harlingen,broken_squared,1966,27,1966,-17.727110247775382,-4.206517856118012,-7.187417302579263,10.539692945196117,-18.554630068806276,-17.727110247775382
Harlingen,broken_squared,1967,89,1967,-16.695996999043746,8.790525834488093,-6.799181191354776,9.896815807688965,-17.822343422113576,-16.695996999043746
Harlingen,broken_squared,1968,-2,1968,-15.61891042692151,-1.9007250630654156,-7.48207789462796,8.13683253229355,-17.090056775420877,-15.61891042692151
Harlingen,broken_squared,1969,-3,1969,-14.495850531408667,17.61314316878879,-9.037448757157634,5.458401774251033,-16.35777012872818,-14.495850531408667
Harlingen,broken_squared,1970,63,1970,-13.32681731250522,32.53007568571148,-11.162965080718124,2.163852231787098,-15.625483482035483,-13.32681731250522
Harlingen,broken_squared,1971,-15,1971,-12.111810770211168,-4.5497775171810115,-13.486753569192897,-1.3749427989817304,-14.893196835342785,-12.111810770211168
Harlingen,broken_squared,1972,-13,1972,-10.850830904526509,24.240966105063585,-15.609371641612732,-4.758540737086224,-14.160910188650087,-10.850830904526509
Harlingen,broken_squared,1973,48,1973,-9.543877715451245,10.5247611133927,-17.148894636727896,-7.605016921276653,-13.42862354195739,-9.543877715451245
Harlingen,broken_squared,1974,43,1974,-8.190951202985376,-13.734238463628913,-17.784025676986985,-9.59307447400161,-12.696336895264691,-8.190951202985376
Harlingen,broken_squared,1975,-8,1975,-6.792051367128902,-2.390298963980115,-17.29036215272449,-10.49831078559559,-11.964050248571994,-6.792051367128902
Harlingen,broken_squared,1976,-42,1976,-5.347178207881823,-15.335123217401616,-15.565725235964734,-10.21854702808291,-11.231763601879296,-5.347178207881823
Harlingen,broken_squared,1977,21,1977,-3.8563317252441394,-15.898293614805013,-12.641693347156156,-8.785361621912019,-10.499476955186598,-3.8563317252441394
Harlingen,broken_squared,1978,-7,1978,-2.3195119192158495,-18.476078091836413,-8.680037731219933,-6.360525812004084,-9.7671903084939,-2.3195119192158495
Harlingen,broken_squared,1979,15,1979,-0.7367187897969529,5.331863853421687,-3.9544624783660645,-3.21774368856911,-9.034903661801202,-0.7367187897969529
Harlingen,broken_squared,1980,52,1980,0.892047663012546,48.240892485406185,1.1802899095386348,0.2882422465260892,-8.302617015108504,0.892047663012546
Harlingen,broken_squared,1981,76,1981,2.5667874392126517,33.42145565424369,6.328480188322111,3.761692749109458,-7.5703303684158065,2.5667874392126517
Harlingen,broken_squared,1982,51,1982,4.2875005388033625,27.540743870681993,11.098041560795693,6.810541021992334,-6.838043721723109,4.2875005388033625
Harlingen,broken_squared,1983,100,1983,6.054186961784678,36.44230663232608,15.144834337456274,9.090647375671598,-6.105757075030411,6.054186961784678
Harlingen,broken_squared,1984,16,1984,7.866846708156599,13.100887575570084,18.211490810120956,10.344644101964358,-5.373470428337713,7.866846708156599
Harlingen,broken_squared,1985,16,1985,9.725479777919126,5.4098924569833855,20.156465711397274,10.430985933478146,-4.641183781645015,9.725479777919126
Harlingen,broken_squared,1986,18,1986,11.630086171072257,-3.2642709841125104,20.97001318041291,9.339927009340649,-3.9088971349523174,11.630086171072257
Harlingen,broken_squared,1987,-11,1987,13.580665887615993,9.75181273150389,20.775286829868715,7.194620942252718,-3.1766104882596196,13.580665887615993
Harlingen,broken_squared,1988,87,1988,15.577218927550339,33.87132187884909,19.814438744006893,4.237219816456543,-2.4443238415669217,15.577218927550339
Harlingen,broken_squared,1989,35,1989,17.619745290875287,5.828393004928586,18.42128648738769,0.8015411965124026,-1.712037194874224,17.619745290875287
Harlingen,broken_squared,1990,95,1990,19.708244977590837,3.980547728216081,16.98363334429267,-2.724611633298173,-0.9797505481815261,19.708244977590837
Harlingen,broken_squared,1991,-42,1991,21.842717987696997,-40.485066096441315,15.899494903357212,-5.943223084339784,-0.24746390148882824,21.842717987696997
Harlingen,broken_squared,1992,9,1992,24.02316432119376,-15.836161962681317,15.532172925198388,-8.490991395995371,0.4848227452038696,24.02316432119376
Harlingen,broken_squared,1993,3,1993,26.249583978081127,-2.3262149813728143,16.169247544090915,-10.080336433990214,1.2171093918965656,26.249583978081127
Harlingen,broken_squared,1994,55,1994,28.521976958359097,6.339517689038189,17.990116571580103,-10.531860386778993,1.9493960385892652,28.521976958359097
Harlingen,broken_squared,1995,53,1995,30.84034326202768,32.170186632325795,21.04574591315165,-9.794597348876032,2.681682685281965,30.84034326202768
Harlingen,broken_squared,1996,-95,1996,33.20468288908686,-18.181329001752317,25.252916775924746,-7.951766113162122,3.413969331974661,33.20468288908686
Harlingen,broken_squared,1997,-9,1997,35.614995839536654,8.784114432325786,30.40361901557508,-5.211376823961567,4.146255978667357,35.614995839536654
Harlingen,broken_squared,1998,89,1998,38.07128211337705,24.035959744655088,36.18853034555565,-1.8827517678213934,4.878542625360057,38.07128211337705
Harlingen,broken_squared,1999,80,1999,40.57354171060805,23.687962905202085,42.231931185629975,1.658389475021922,5.610829272052756,40.57354171060805
Harlingen,broken_squared,2000,77,2000,43.121774631229655,28.21998334606188,48.13411412541696,5.012339494187299,6.343115918745452,43.121774631229655
Harlingen,broken_squared,2001,67,2001,45.71598087524186,44.71366274739428,53.51650102166481,7.8005201464229446,7.075402565438148,45.71598087524186
Harlingen,broken_squared,2002,53,2002,48.35616044264468,56.58352984492859,58.06437512297822,9.708214680333548,7.807689212130848,48.35616044264468
Harlingen,broken_squared,2003,39,2003,51.0423133334381,57.76845753369569,61.56240482023582,10.520091486797721,8.539975858823547,51.0423133334381
Harlingen,broken_squared,2004,88,2004,53.77443954762213,50.87180014606189,63.91894926840888,10.144509720786752,9.272262505516244,53.77443954762213
Harlingen,broken_squared,2005,58,2005,56.552539085196756,46.31301873232579,65.1764023752191,8.623863290022339,10.00454915220894,56.552539085196756
Harlingen,broken_squared,2006,65,2006,59.376611946161994,42.280308388490184,65.50640757572414,6.129795629562151,10.73683579890164,59.376611946161994
Harlingen,broken_squared,2007,122,2007,62.24665813051784,73.29680705972308,65.19048352662611,2.9438253961082697,11.469122445594339,62.24665813051784
Harlingen,broken_squared,2008,98,2008,65.16267763826428,52.39718189250998,64.58824760103562,-0.5744300372286686,12.201409092287035,65.16267763826428
Harlingen,broken_squared,2009,52,2009,68.12467046940134,44.603754326846385,64.09682396652441,-4.027846502876931,12.933695738979731,68.12467046940134
Harlingen,broken_squared,2010,30,2010,71.132636623929,54.839425281640885,64.10601807218075,-7.026618551748265,13.66598238567243,71.132636623929
Harlingen,broken_squared,2011,96,2011,74.18657610184727,58.43795828986009,64.95431723827174,-9.232258863575522,14.39826903236513,74.18657610184727
Harlingen,broken_squared,2012,83,2012,77.28648890315613,62.56523038704549,66.89068379553026,-10.395805107625865,15.130555679057826,77.28648890315613
Harlingen,broken_squared,2013,40,2013,80.4323750278556,56.64139827890119,70.04645338525779,-10.385921642597804,15.862842325750522,80.4323750278556
Harlingen,broken_squared,2014,93,2014,83.62423447594567,76.5376861533395,74.42051040828981,-9.203724067655877,16.59512897244322,83.62423447594567
Harlingen,broken_squared,2015,140,2015,86.86206724742637,84.60142761040808,79.87941394859573,-6.982653298830649,17.32741561913592,86.86206724742637
Harlingen,broken_squared,2016,103,2016,90.14587334229765,108.32552203212748,86.17245995784799,-3.9734133844496355,18.059702265828612,90.14587334229765
Harlingen,broken_squared,2017,149,2017,93.47565276055954,103.87207369533948,92.95997955223041,-0.5156732083291122,18.79198891252131,93.47565276055954
Harlingen,broken_squared,2018,47,2018,96.85140550221206,79.37907898849019,99.85167924250109,3.0002737402890114,19.52427555921401,96.85140550221206
Harlingen,broken_squared,2019,140,2019,100.27313156725515,110.7050772597231,106.45069543201303,6.177563864757909,20.25656220590671,100.27313156725515
Harlingen,broken_squared,2020,153,2020,103.74083095568886,116.36368019852088,112.3983905176357,8.657559561946844,20.98884885259941,103.74083095568886
Harlingen,broken_squared,2021,117,2021,107.25450366751318,116.40147844602448,117.41483421986294,10.160330552349773,21.721135499292103,107.25450366751318
Harlingen,broken_squared,2022,142,2022,110.8141497027281,129.90867636928508,121.33040079948327,10.516251096755166,22.453422145984803,110.8141497027281
Harlingen,broken_squared,2023,204,2023,114.41976906133362,156.2088519787859,124.10491561523001,9.685146553896391,23.185708792677502,114.41976906133362
Harlingen,broken_squared,2024,203,2024,118.07136174332976,165.96780641577828,125.83218984881006,7.760828105480311,23.917995439370195,118.07136174332976
Harlingen,broken_squared,2025,151,2025,121.7689277487165,155.90189353298177,126.72943153882375,4.960503790107255,24.650282086062894,121.7689277487165
IJmuiden,linear,1891,-197,1891,-212.00935283321604,-197,-198.99408388829121,13.015268944924827,-212.00935283321604,-212.00935283321604
IJmuiden,linear,1892,-164,1892,-209.85855562026458,-164,-194.22913911813563,15.629416502128963,-209.85855562026458,-209.85855562026458
IJmuiden,linear,1893,-117,1893,-207.7077584073131,-117,-191.22836955800824,16.479388849304847,-207.7077584073131,-207.7077584073131
IJmuiden,linear,1894,-122,1894,-205.5569611943616,-122,-190.08771609884977,15.469245095511837,-205.5569611943616,-205.5569611943616
IJmuiden,linear,1895,-224,1895,-203.40616398141015,-224,-190.69315845277782,12.713005528632321,-203.40616398141015,-203.40616398141015
IJmuiden,linear,1896,-230,1896,-201.25536676845866,-230,-192.73358522826183,8.521781540196836,-201.25536676845866,-201.25536676845866
IJmuiden,linear,1897,-212,1897,-199.10456955550717,-212,-195.73591072443347,3.368658831073706,-199.10456955550717,-199.10456955550717
IJmuiden,linear,1898,-178,1898,-196.9537723425557,-178,-199.11847462553936,-2.1647022829836438,-196.9537723425557,-196.9537723425557
IJmuiden,linear,1899,-166,1899,-194.80297512960422,-166,-202.25669708854923,-7.453721958945013,-194.80297512960422,-194.80297512960422
IJmuiden,linear,1900,-193,1900,-192.65217791665276,-193,-204.55357838564788,-11.90140046899513,-192.65217791665276,-192.65217791665276
IJmuiden,linear,1901,-199,1901,-190.50138070370127,-199,-205.50708543271233,-15.005704729011061,-190.50138070370127,-190.50138070370127
IJmuiden,linear,1902,-275,1902,-188.35058349074978,-275,-204.76681892858127,-16.416235437831496,-188.35058349074978,-188.35058349074978
IJmuiden,linear,1903,-183,1903,-186.19978627779832,-183,-202.17356478428695,-15.973778506488632,-186.19978627779832,-186.19978627779832
IJmuiden,linear,1904,-220,1904,-184.04898906484684,-220,-197.77726546247172,-13.72827639762489,-184.04898906484684,-184.04898906484684
IJmuiden,linear,1905,-229,1905,-181.89819185189538,-229,-191.8313827065081,-9.933190854612707,-181.89819185189538,-181.89819185189538
IJmuiden,linear,1906,-188,1906,-179.7473946389439,-188,-184.76428796801136,-5.016893329067479,-179.7473946389439,-179.7473946389439
IJmuiden,linear,1907,-238,1907,-177.5965974259924,-238,-177.13090984706776,0.46568757892463886,-177.5965974259924,-177.5965974259924
IJmuiden,linear,1908,-237,1908,-175.44580021304094,-237,-169.55009635528,5.895703857760948,-175.44580021304094,-175.44580021304094
IJmuiden,linear,1909,-157,1909,-173.29500300008945,-157,-162.63476225551645,10.660240744573011,-173.29500300008945,-173.29500300008945
IJmuiden,linear,1910,-143,1910,-171.144205787138,-143,-156.92270611894153,14.22149966819645,-171.144205787138,-171.144205787138
IJmuiden,linear,1911,-167,1911,-168.9934085741865,-167,-152.8159061453615,16.17750242882499,-168.9934085741865,-168.9934085741865
IJmuiden,linear,1912,-106,1912,-166.84261136123502,-106,-150.5351467498937,16.307464611341302,-166.84261136123502,-166.84261136123502
IJmuiden,linear,1913,-126,1913,-164.69181414828353,-126,-150.09509745398864,14.596716694294889,-164.69181414828353,-164.69181414828353
IJmuiden,linear,1914,-102,1914,-162.54101693533207,-102,-151.30265705867,11.238359876662056,-162.54101693533207,-162.54101693533207
IJmuiden,linear,1915,-136,1915,-160.39021972238058,-136,-153.77875000194922,6.611469720431362,-160.39021972238058,-160.39021972238058
IJmuiden,linear,1916,-87,1916,-158.23942250942912,-87,-157.00111462984637,1.2383078795827585,-158.23942250942912,-158.23942250942912
IJmuiden,linear,1917,-144,1917,-156.08862529647763,-144,-160.36325364172282,-4.2746283452451905,-156.08862529647763,-156.08862529647763
IJmuiden,linear,1918,-160,1918,-153.93782808352614,-160,-163.24289266022217,-9.305064576696017,-153.93782808352614,-153.93782808352614
IJmuiden,linear,1919,-210,1919,-151.78703087057468,-210,-165.07221964361244,-13.28518877303778,-151.78703087057468,-151.78703087057468
IJmuiden,linear,1920,-212,1920,-149.6362336576232,-212,-165.4019768451912,-15.765743187568003,-149.6362336576232,-149.6362336576232
IJmuiden,linear,1921,-195,1921,-147.48543644467173,-195,-163.95217092006013,-16.466734475388403,-147.48543644467173,-147.48543644467173
IJmuiden,linear,1922,-195,1922,-145.33463923172025,-195,-160.6436772603204,-15.309038028600153,-145.33463923172025,-145.33463923172025
IJmuiden,linear,1923,-173,1923,-143.18384201876876,-173,-155.6071712096026,-12.42332919083385,-143.18384201876876,-143.18384201876876
IJmuiden,linear,1924,-189,1924,-141.0330448058173,-189,-149.16837804333554,-8.135333237518228,-141.0330448058173,-141.0330448058173
IJmuiden,linear,1925,-143,1925,-138.8822475928658,-143,-141.81130662778168,-2.9290590349158867,-138.8822475928658,-138.8822475928658
IJmuiden,linear,1926,-152,1926,-136.73145037991435,-152,-134.1236167699204,2.607833609993934,-136.73145037991435,-136.73145037991435
IJmuiden,linear,1927,-119,1927,-134.58065316696286,-119,-126.73028693541661,7.85036623154624,-134.58065316696286,-134.58065316696286
IJmuiden,linear,1928,-99,1928,-132.42985595401137,-99,-120.22306961147582,12.206786342535562,-132.42985595401137,-132.42985595401137
IJmuiden,linear,1929,-159,1929,-130.2790587410599,-159,-115.09369706226983,15.185361678790095,-130.2790587410599,-130.2790587410599
IJmuiden,linear,1930,-116,1930,-128.12826152810842,-116,-111.67837689789756,16.449884630210867,-128.12826152810842,-128.12826152810842
IJmuiden,linear,1931,-115,1931,-125.97746431515696,-115,-110.11984253666067,15.857621778496299,-125.97746431515696,-125.97746431515696
IJmuiden,linear,1932,-126,1932,-123.82666710220548,-126,-110.35124212643312,13.475424975772357,-123.82666710220548,-123.82666710220548
IJmuiden,linear,1933,-172,1933,-121.67586988925399,-172,-112.10368446809683,9.572185421157172,-121.67586988925399,-121.67586988925399
IJmuiden,linear,1934,-154,1934,-119.52507267630253,-154,-114.93659019260654,4.588482483695983,-119.52507267630253,-119.52507267630253
IJmuiden,linear,1935,-108,1935,-117.37427546335104,-108,-118.28742229320855,-0.913146829857503,-117.37427546335104,-117.37427546335104
IJmuiden,linear,1936,-75,1936,-115.22347825039955,-75,-121.53518266364512,-6.3117044132455655,-115.22347825039955,-115.22347825039955
IJmuiden,linear,1937,-77,1937,-113.07268103744809,-77,-124.07050745100307,-10.997826413554986,-113.07268103744809,-113.07268103744809
IJmuiden,linear,1938,-109,1938,-110.9218838244966,-109,-125.36444918862625,-14.442565364129646,-110.9218838244966,-110.9218838244966
IJmuiden,linear,1939,-106,1939,-108.77108661154514,-106,-125.02818190461778,-16.257095293072634,-108.77108661154514,-108.77108661154514
IJmuiden,linear,1940,-111,1940,-106.62028939859366,-111,-122.85688997338725,-16.23660057479359,-106.62028939859366,-106.62028939859366
IJmuiden,linear,1941,-133,1941,-104.46949218564218,-133,-118.85288674258398,-14.383394556941786,-104.46949218564218,-104.46949218564218
IJmuiden,linear,1942,-123,1942,-102.31869497269071,-123,-113.22535341326707,-10.906658440576363,-102.31869497269071,-102.31869497269071
IJmuiden,linear,1943,-66,1943,-100.16789775973922,-66,-106.36672764729467,-6.198829887555439,-100.16789775973922,-100.16789775973922
IJmuiden,linear,1944,-46,1944,-98.01710054678774,-46,-98.80840704515755,-0.7913064983697966,-98.01710054678774,-98.01710054678774
IJmuiden,linear,1945,-110,1945,-95.86630333383627,-110,-91.16076747786465,4.7055358559716165,-95.86630333383627,-95.86630333383627
IJmuiden,linear,1946,-121,1946,-93.71550612088478,-121,-84.04426672217573,9.671239398709044,-93.71550612088478,-93.71550612088478
IJmuiden,linear,1947,-146,1947,-91.56470890793332,-146,-78.01941009761141,13.545298810321905,-91.56470890793332,-91.56470890793332
IJmuiden,linear,1948,-55,1948,-89.41391169498183,-55,-73.5234832555722,15.890428439409636,-89.41391169498183,-89.41391169498183
IJmuiden,linear,1949,-51,1949,-87.26311448203036,-51,-70.82119342651524,16.441921055515117,-87.26311448203036,-87.26311448203036
IJmuiden,linear,1950,-41,1950,-85.11231726907889,-59.68958988758601,-69.97479050964273,15.137526759436152,-85.11231726907889,-85.11231726907889
IJmuiden,linear,1951,-53,1951,-82.9615200561274,-55.70370479031071,-70.83704059632274,12.124479459804657,-82.9615200561274,-82.9615200561274
IJmuiden,linear,1952,-33,1952,-80.81072284317594,-42.48339297677571,-73.0678450429541,7.742877800221833,-80.81072284317594,-80.81072284317594
IJmuiden,linear,1953,-85,1953,-78.65992563022445,-52.58636635073351,-76.17262921029788,2.4872964199265732,-78.65992563022445,-78.65992563022445
IJmuiden,linear,1954,-63,1954,-76.50912841727298,-84.87124563785152,-79.55816772847932,-3.0490393112063456,-76.50912841727298,-76.50912841727298
IJmuiden,linear,1955,-38,1955,-74.3583312043215,-41.93611213698482,-82.59954499364795,-8.241213789326455,-74.3583312043215,-74.3583312043215
IJmuiden,linear,1956,-95,1956,-72.20753399137001,-77.78211626646281,-84.71069270957575,-12.503158718205741,-72.20753399137001,-72.20753399137001
IJmuiden,linear,1957,-65,1957,-70.05673677841854,-61.77666617144971,-85.41054252742128,-15.35380574900276,-70.05673677841854,-70.05673677841854
IJmuiden,linear,1958,-64,1958,-67.90593956546707,-67.77697525108012,-84.37732678403557,-16.47138721856851,-67.90593956546707,-67.90593956546707
IJmuiden,linear,1959,-91,1959,-65.75514235251559,-47.0241138225335,-81.48489812621918,-15.729755773703566,-65.75514235251559,-65.75514235251559
IJmuiden,linear,1960,-42,1960,-63.60434513956412,-38.68813620093111,-76.81696843213653,-13.212623292572417,-63.60434513956412,-63.60434513956412
IJmuiden,linear,1961,3,1961,-61.453547926612636,-17.678468082466622,-70.65765980723953,-9.204111880626886,-61.453547926612636,-61.453547926612636
IJmuiden,linear,1962,-47,1962,-59.302750713661155,-51.16433375197021,-63.45943421395048,-4.156683500289327,-59.302750713661155,-59.302750713661155
IJmuiden,linear,1963,-86,1963,-57.15195350070968,-56.019855051489216,-55.7920216880498,1.3599318126598883,-57.15195350070968,-57.15195350070968
IJmuiden,linear,1964,-74,1964,-55.00115628775821,-38.94359789074871,-48.27811188510082,6.723044402657377,-55.00115628775821,-55.00115628775821
IJmuiden,linear,1965,-35,1965,-52.850359074806725,-61.46716629061491,-41.523067793451546,11.327291281355183,-52.850359074806725,-52.850359074806725
IJmuiden,linear,1966,7,1966,-50.69956186185525,-12.560742705559303,-36.0465952001441,14.652966661711154,-50.69956186185525,-50.69956186185525
IJmuiden,linear,1967,16,1967,-48.54876464890377,-27.904637609860117,-32.224080739850734,16.324683909053036,-48.54876464890377,-48.54876464890377
IJmuiden,linear,1968,-52,1968,-46.397967435952296,-42.62964765593841,-30.244220012662204,16.153747423290095,-46.397967435952296,-46.397967435952296
IJmuiden,linear,1969,-67,1969,-44.247170223000815,-45.186721222765115,-30.087718510006695,14.159451712994121,-44.247170223000815,-44.247170223000815
IJmuiden,linear,1970,-43,1970,-42.09637301004934,-57.615945493224814,-31.529469488258158,10.566903521791183,-42.09637301004934,-42.09637301004934
IJmuiden,linear,1971,-84,1971,-39.94557579709787,-59.48344655366491,-34.163962961878184,5.781612835219677,-39.94557579709787,-39.94557579709787
IJmuiden,linear,1972,-117,1972,-37.794778584146385,-71.7086325624689,-37.451057768151045,0.3437208159953409,-37.794778584146385,-37.794778584146385
IJmuiden,linear,1973,-51,1973,-35.64398137119491,-63.748378049030116,-40.776950167582115,-5.132968796387198,-35.64398137119491,-35.64398137119491
IJmuiden,linear,1974,-42,1974,-33.49318415824343,-78.79191164285461,-43.52345713037827,-10.030272972134835,-33.49318415824343,-33.49318415824343
IJmuiden,linear,1975,-86,1975,-31.342386945291956,-64.20804947166522,-45.13779393667203,-13.795406991380084,-31.342386945291956,-31.342386945291956
IJmuiden,linear,1976,-109,1976,-29.19158973234048,-73.58051255832541,-45.194969922334565,-16.00338018999408,-29.19158973234048,-29.19158973234048
IJmuiden,linear,1977,-58,1977,-27.040792519389,-76.24728842539841,-43.44575943131712,-16.404966911928117,-27.040792519389,-27.040792519389
IJmuiden,linear,1978,-28,1978,-24.889995306437523,-27.65012183051511,-39.84483323847456,-14.954837932037035,-24.889995306437523,-24.889995306437523
IJmuiden,linear,1979,-38,1979,-22.739198093486046,-34.69743486904402,-34.55587509983955,-11.816677006353498,-22.739198093486046,-22.739198093486046
IJmuiden,linear,1980,5,1980,-20.588400880534568,15.548024996335087,-27.93310589815686,-7.3447050176222914,-20.588400880534568,-20.588400880534568
IJmuiden,linear,1981,2,1981,-18.43760366758309,-19.871590910139915,-20.481300851451174,-2.043697183868084,-18.43760366758309,-18.43760366758309
IJmuiden,linear,1982,-13,1982,-16.286806454631616,-8.57448506082482,-12.798812854547464,3.487993600084156,-16.286806454631616,-16.286806454631616
IJmuiden,linear,1983,26,1983,-14.136009241680139,-4.179030096441323,-5.510033211450011,8.625976030230127,-14.136009241680139,-14.136009241680139
IJmuiden,linear,1984,-28,1984,-11.985212028728661,-13.893335750932614,0.8050867257488239,12.790298754477485,-11.985212028728661,-11.985212028728661
IJmuiden,linear,1985,-30,1985,-9.83441481577718,-19.256428400550917,5.676497744676131,15.51091256045331,-9.83441481577718,-9.83441481577718
IJmuiden,linear,1986,-34,1986,-7.683617602825706,-30.772572872879614,8.79710972255543,16.480727325381135,-7.683617602825706,-7.683617602825706
IJmuiden,linear,1987,-34,1987,-5.532820389874232,-2.0029771252084103,10.057454518565738,15.59027490843997,-5.532820389874232,-5.532820389874232
IJmuiden,linear,1988,30,1988,-3.3820231769227505,4.195818264094683,9.558042224012354,12.9400654009351,-3.3820231769227505,-3.3820231769227505
IJmuiden,linear,1989,5,1989,-1.2312259639712764,2.3457831528737856,7.598016054759022,8.829242018730298,-1.2312259639712764,-1.2312259639712764
IJmuiden,linear,1990,33,1990,0.9195712489802048,-15.64597234575642,4.641386468438796,3.7218152194585903,0.9195712489802048,0.9195712489802048
IJmuiden,linear,1991,-62,1991,3.070368461931679,-36.41787673753721,1.264655840881339,-1.805712621050338,3.070368461931679,3.070368461931679
IJmuiden,linear,1992,-15,1992,5.22116567488316,-14.978021058309707,-1.9082544174346445,-7.1294200923178055,5.22116567488316,5.22116567488316
IJmuiden,linear,1993,-21,1993,7.371962887834634,-8.428190567126215,-4.276429183096113,-11.648392070930745,7.371962887834634,7.371962887834634
IJmuiden,linear,1994,21,1994,9.522760100786108,-1.5775993046605237,-5.329788099718911,-14.85254820050502,9.522760100786108,9.522760100786108
IJmuiden,linear,1995,22,1995,11.67355731373759,20.312328118079286,-4.706661055556724,-16.38021836929431,11.67355731373759,11.67355731373759
IJmuiden,linear,1996,-79,1996,13.824354526689064,-4.9230674331458175,-2.234611808955208,-16.058966335644275,13.824354526689064,13.824354526689064
IJmuiden,linear,1997,-25,1997,15.975151739640545,11.58444285424369,2.050098217667255,-13.925053521973288,15.975151739640545,15.975151739640545
IJmuiden,linear,1998,57,1998,18.12594895259202,20.38778234739428,7.906602957063228,-10.219345995528789,18.12594895259202,18.12594895259202
IJmuiden,linear,1999,49,1999,20.2767461655435,19.508342111777893,14.916619528814415,-5.3601266367290865,20.2767461655435,20.2767461655435
IJmuiden,linear,2000,46,2000,22.42754337849498,24.927394176662983,22.531662048517074,0.10411867002209085,22.42754337849498,22.42754337849498
IJmuiden,linear,2001,53,2001,24.578340591446455,44.69825119605189,30.13495214121587,5.556611549769419,24.578340591446455,24.578340591446455
IJmuiden,linear,2002,42,2002,26.72913780439793,61.51896136328469,37.11103799077968,10.381900186381753,26.72913780439793,26.72913780439793
IJmuiden,linear,2003,33,2003,28.879935017349403,68.49906111658889,42.91526365354076,14.035328636191363,28.879935017349403,28.879935017349403
IJmuiden,linear,2004,52,2004,31.030732230300877,40.53379044360289,47.135247265986344,16.104515035685466,31.030732230300877,31.030732230300877
IJmuiden,linear,2005,36,2005,33.181529443252366,42.23512084054499,49.53742877484008,16.355899331587715,33.181529443252366,33.181529443252366
IJmuiden,linear,2006,35,2006,35.33232665620384,36.40150826520259,50.09343310013909,14.761106443935244,35.33232665620384,35.33232665620384
IJmuiden,linear,2007,83,2007,37.483123869155314,59.65112939122989,48.983272981139635,11.500149111984328,37.483123869155314,37.483123869155314
IJmuiden,linear,2008,55,2008,39.63392108210679,37.42155814114389,46.57502998283201,6.9411089007252205,39.63392108210679,39.63392108210679
IJmuiden,linear,2009,14,2009,41.784718295058276,22.753888333695684,43.383307175722976,1.5985888806646988,41.784718295058276,41.784718295058276
IJmuiden,linear,2010,2,2010,43.93551550800975,26.779053765750486,40.011143155475125,-3.9243723525346317,43.93551550800975,43.93551550800975
IJmuiden,linear,2011,33,2011,46.086312720961224,26.507244037805286,37.08194387535811,-9.004368845603125,46.086312720961224,46.086312720961224
IJmuiden,linear,2012,27,2012,48.2371099339127,29.328151239504486,35.16911550692542,-13.067994426987273,48.2371099339127,48.2371099339127
IJmuiden,linear,2013,3,2013,50.38790714686417,31.39021626876419,34.73134104147998,-15.6565661053842,50.38790714686417,50.38790714686417
IJmuiden,linear,2014,50,2014,52.53870435981566,53.12884825698339,36.06080630590701,-16.477898053908653,52.53870435981566,52.53870435981566
IJmuiden,linear,2015,64,2015,54.689501572767135,48.40110826027099,39.25021939731262,-15.439282175454515,54.689501572767135,54.689501572767135
IJmuiden,linear,2016,57,2016,56.84029878571861,79.5081192165537,44.182346227958405,-12.6579525577602,56.84029878571861,56.84029878571861
IJmuiden,linear,2017,87,2017,58.99109599867008,69.90610467780529,50.54324335908679,-8.447852639583303,58.99109599867008,58.99109599867008
IJmuiden,linear,2018,19,2018,61.14189321162156,61.194232506298434,57.857694463435706,-3.284198748185852,61.14189321162156,61.14189321162156
IJmuiden,linear,2019,60,2019,63.292690424573046,53.16582879396969,65.54285051480338,2.2501600902303194,63.292690424573046,63.292690424573046
IJmuiden,linear,2020,66,2020,65.44348763752453,58.90572874223679,72.97401905171463,7.530531414190112,65.44348763752453,65.44348763752453
IJmuiden,linear,2021,46,2021,67.59428485047599,62.30471915287379,79.55517653175481,11.960891681278829,67.59428485047599,67.59428485047599
IJmuiden,linear,2022,69,2022,69.74508206342747,80.63998680078609,84.78624467281873,15.041162609391252,69.74508206342747,69.74508206342747
IJmuiden,linear,2023,126,2023,71.89587927637896,100.11966017847078,88.31953694349889,16.423657667119937,71.89587927637896,71.89587927637896
IJmuiden,linear,2024,134,2024,74.04667648933042,115.20530192822038,89.99900378759475,15.952327298264322,74.04667648933042,74.04667648933042
IJmuiden,linear,2025,87,2025,76.19747370228191,111.80037579447848,89.87784676591666,13.680373063634747,76.19747370228191,76.19747370228191
IJmuiden,broken_linear,1891,-197,1891,-209.65211709554023,-197,-197.04634334936028,12.605773746179946,-209.65211709554023,-250.6933244925549
IJmuiden,broken_linear,1892,-164,1892,-207.5598120520743,-164,-192.3438982677534,15.215913784320904,-207.5598120520743,-248.19865467068686
IJmuiden,broken_linear,1893,-117,1893,-205.4675070086084,-117,-189.35895414931875,16.108552859289652,-205.4675070086084,-245.70398484881886
IJmuiden,broken_linear,1894,-122,1894,-203.3752019651425,-122,-188.1922679050611,15.1829340600814,-203.3752019651425,-243.20931502695086
IJmuiden,broken_linear,1895,-224,1895,-201.28289692167658,-224,-188.7393600274264,12.54353689425018,-201.28289692167658,-240.71464520508283
IJmuiden,broken_linear,1896,-230,1896,-199.19059187821068,-230,-190.7023077469534,8.488284131257272,-199.19059187821068,-238.21997538321483
IJmuiden,broken_linear,1897,-212,1897,-197.09828683474478,-212,-193.6233731567986,3.474913677946171,-197.09828683474478,-235.72530556134683
IJmuiden,broken_linear,1898,-178,1898,-195.00598179127886,-178,-196.93667052020294,-1.9306887289240908,-195.00598179127886,-233.23063573947877
IJmuiden,broken_linear,1899,-166,1899,-192.91367674781296,-166,-200.0320407976291,-7.118364049816139,-192.91367674781296,-230.73596591761077
IJmuiden,broken_linear,1900,-193,1900,-190.82137170434706,-193,-202.32392353660933,-11.502551832262265,-190.82137170434706,-228.24129609574277
IJmuiden,broken_linear,1901,-199,1901,-188.72906666088116,-199,-203.31745218848863,-14.588385527607468,-188.72906666088116,-225.74662627387477
IJmuiden,broken_linear,1902,-275,1902,-186.63676161741523,-275,-202.66431232279186,-16.027550705376612,-186.63676161741523,-223.25195645200674
IJmuiden,broken_linear,1903,-183,1903,-184.54445657394933,-183,-200.20205772603367,-15.65760115208434,-184.54445657394933,-220.75728663013874
IJmuiden,broken_linear,1904,-220,1904,-182.45215153048343,-220,-195.9724465681874,-13.520295037703951,-182.45215153048343,-218.26261680827074
IJmuiden,broken_linear,1905,-229,1905,-180.3598464870175,-229,-190.21672793636495,-9.856881449347437,-180.3598464870175,-215.7679469864027
IJmuiden,broken_linear,1906,-188,1906,-178.2675414435516,-188,-183.34841076967356,-5.08086932612194,-178.2675414435516,-213.2732771645347
IJmuiden,broken_linear,1907,-238,1907,-176.1752364000857,-238,-175.9065889101284,0.2686474899573259,-176.1752364000857,-210.7786073426667
IJmuiden,broken_linear,1908,-237,1908,-174.08293135661978,-237,-168.49509071890142,5.587840637718351,-174.08293135661978,-208.28393752079867
IJmuiden,broken_linear,1909,-157,1909,-171.99062631315388,-157,-161.71432176374734,10.276304549406547,-171.99062631315388,-205.78926769893067
IJmuiden,broken_linear,1910,-143,1910,-169.89832126968798,-143,-156.09349385529154,13.80482741439644,-169.89832126968798,-203.29459787706267
IJmuiden,broken_linear,1911,-167,1911,-167.80601622622208,-167,-152.03089010062158,15.775126125600508,-167.80601622622208,-200.79992805519464
IJmuiden,broken_linear,1912,-106,1912,-165.71371118275616,-106,-149.74890857468685,15.964802608069292,-165.71371118275616,-198.30525823332664
IJmuiden,broken_linear,1913,-126,1913,-163.62140613929026,-126,-149.26895906896954,14.35244707032071,-163.62140613929026,-195.81058841145864
IJmuiden,broken_linear,1914,-102,1914,-161.52910109582436,-102,-150.40904645466483,11.12005464115953,-161.52910109582436,-193.3159185895906
IJmuiden,broken_linear,1915,-136,1915,-159.43679605235843,-136,-152.80431343899832,6.632482613360116,-159.43679605235843,-190.82124876772258
IJmuiden,broken_linear,1916,-87,1916,-157.34449100889253,-87,-155.94822394472246,1.3962670641700754,-157.34449100889253,-188.32657894585458
IJmuiden,broken_linear,1917,-144,1917,-155.25218596542663,-144,-159.24973852612348,-3.9975525606968416,-155.25218596542663,-185.83190912398658
IJmuiden,broken_linear,1918,-160,1918,-153.1598809219607,-160,-162.10002812881808,-8.940147206857382,-153.1598809219607,-183.33723930211855
IJmuiden,broken_linear,1919,-210,1919,-151.0675758784948,-210,-163.94119585711698,-12.873619978622175,-151.0675758784948,-180.84256948025055
IJmuiden,broken_linear,1920,-212,1920,-148.9752708350289,-212,-164.32924975826077,-15.353978923231848,-148.9752708350289,-178.34789965838254
IJmuiden,broken_linear,1921,-195,1921,-146.882965791563,-195,-162.98421855107873,-16.101252759515713,-146.882965791563,-175.85322983651454
IJmuiden,broken_linear,1922,-195,1922,-144.79066074809708,-195,-159.82175347073405,-15.03109272263696,-144.79066074809708,-173.3585600146465
IJmuiden,broken_linear,1923,-173,1923,-142.69835570463118,-173,-154.96264916158006,-12.264293456948888,-142.69835570463118,-170.8638901927785
IJmuiden,broken_linear,1924,-189,1924,-140.60605066116528,-189,-148.71920894440845,-8.113158283243159,-140.60605066116528,-168.3692203709105
IJmuiden,broken_linear,1925,-143,1925,-138.51374561769936,-143,-141.55999348275577,-3.046247865056439,-138.51374561769936,-165.87455054904245
IJmuiden,broken_linear,1926,-152,1926,-136.42144057423346,-152,-134.05693185343577,2.3645087207976916,-136.42144057423346,-163.37988072717445
IJmuiden,broken_linear,1927,-119,1927,-134.32913553076756,-119,-126.82076487552897,7.508370655238577,-134.32913553076756,-160.88521090530645
IJmuiden,broken_linear,1928,-99,1928,-132.23683048730163,-99,-120.43210755198899,11.804722935312622,-132.23683048730163,-158.39054108343842
IJmuiden,broken_linear,1929,-159,1929,-130.14452544383573,-159,-115.37591197203963,14.768613471796101,-130.14452544383573,-155.89587126157042
IJmuiden,broken_linear,1930,-116,1930,-128.05222040036983,-116,-111.98672819447472,16.0654922058951,-128.05222040036983,-153.40120143970242
IJmuiden,broken_linear,1931,-115,1931,-125.9599153569039,-115,-110.41094180654883,15.548973550355075,-125.9599153569039,-150.9065316178344
IJmuiden,broken_linear,1932,-126,1932,-123.86761031343801,-126,-110.59025060564957,13.277359707788435,-123.86761031343801,-148.4118617959664
IJmuiden,broken_linear,1933,-172,1933,-121.77530526997211,-172,-112.26824547840619,9.50705979156593,-121.77530526997211,-145.9171919740984
IJmuiden,broken_linear,1934,-154,1934,-119.68300022650618,-154,-115.01935265847459,4.663647568031601,-119.68300022650618,-143.42252215223036
IJmuiden,broken_linear,1935,-108,1935,-117.59069518304028,-108,-118.29687049672137,-0.7061753136810811,-117.59069518304028,-140.92785233036236
IJmuiden,broken_linear,1936,-75,1936,-115.49839013957438,-75,-121.49467857855079,-5.996288438976409,-115.49839013957438,-138.43318250849435
IJmuiden,broken_linear,1937,-77,1937,-113.40608509610848,-77,-124.01565375271667,-10.609568656608188,-113.40608509610848,-135.93851268662632
IJmuiden,broken_linear,1938,-109,1938,-111.31378005264256,-109,-125.33907059125742,-14.025290538614874,-111.31378005264256,-133.4438428647583
IJmuiden,broken_linear,1939,-106,1939,-109.22147500917666,-106,-125.07937843284384,-15.857903423667178,-109.22147500917666,-130.9491730428903
IJmuiden,broken_linear,1940,-111,1940,-107.12916996571076,-111,-123.0297205326353,-15.90055056692454,-107.12916996571076,-128.4545032210223
IJmuiden,broken_linear,1941,-133,1941,-105.03686492224483,-133,-119.18528308117814,-14.148418158933307,-105.03686492224483,-125.95983339915426
IJmuiden,broken_linear,1942,-123,1942,-102.94455987877893,-123,-113.74383856463297,-10.799278685854036,-102.94455987877893,-123.46516357728626
IJmuiden,broken_linear,1943,-66,1943,-100.85225483531303,-66,-107.08342213437788,-6.231167299064843,-100.85225483531303,-120.97049375541826
IJmuiden,broken_linear,1944,-46,1944,-98.7599497918471,-46,-99.71966077265643,-0.9597109808093167,-98.7599497918471,-118.47582393355023
IJmuiden,broken_linear,1945,-110,1945,-96.6676447483812,-110,-92.24757173786381,4.4200730105174,-96.6676447483812,-115.98115411168223
IJmuiden,broken_linear,1946,-121,1946,-94.57533970491531,-121,-85.27439980791691,9.3009398969984,-94.57533970491531,-113.48648428981423
IJmuiden,broken_linear,1947,-146,1947,-92.4830346614494,-146,-79.35107433858558,13.13196032286382,-92.4830346614494,-110.9918144679462
IJmuiden,broken_linear,1948,-55,1948,-90.39072961798348,-55,-74.91002294247475,15.480706675508731,-90.39072961798348,-108.49714464607818
IJmuiden,broken_linear,1949,-51,1949,-88.29842457451758,-51,-72.216361088829,16.08206348568858,-88.29842457451758,-106.00247482421018
IJmuiden,broken_linear,1950,-41,1950,-86.20611953105167,-59.68958988758601,-71.33796711314191,14.868152417909757,-86.20611953105167,-103.50780500234217
IJmuiden,broken_linear,1951,-53,1951,-84.11381448758576,-55.70370479031071,-72.13782042909394,11.975994058491821,-84.11381448758576,-101.01313518047415
IJmuiden,broken_linear,1952,-33,1952,-82.02150944411986,-42.48339297677571,-74.28946776950997,7.732041674609912,-82.02150944411986,-98.51846535860614
IJmuiden,broken_linear,1953,-85,1953,-79.92920440065394,-52.58636635073351,-77.31387169961653,2.6153327010374214,-79.92920440065394,-96.02379553673813
IJmuiden,broken_linear,1954,-63,1954,-77.83689935718803,-84.87124563785152,-80.63348211529588,-2.7965827581078395,-77.83689935718803,-93.5291257148701
IJmuiden,broken_linear,1955,-38,1955,-75.74459431372213,-41.93611213698482,-83.63742738928717,-7.892833075565042,-75.74459431372213,-91.0344558930021
IJmuiden,broken_linear,1956,-95,1956,-73.65228927025622,-77.78211626646281,-85.75046669459395,-12.098177424337745,-73.65228927025622,-88.53978607113409
IJmuiden,broken_linear,1957,-65,1957,-71.5599842267903,-61.77666617144971,-86.49792049031805,-14.937936263527762,-71.5599842267903,-86.04511624926607
IJmuiden,broken_linear,1958,-64,1958,-69.4676791833244,-67.77697525108012,-85.55925012129762,-16.091570937973206,-69.4676791833244,-83.55044642739807
IJmuiden,broken_linear,1959,-91,1959,-67.37537413985851,-47.0241138225335,-82.80423871770842,-15.42886457784989,-67.37537413985851,-81.05577660553007
IJmuiden,broken_linear,1960,-42,1960,-65.2830690963926,-38.68813620093111,-78.30768946442288,-13.024620368030293,-65.2830690963926,-78.56110678366204
IJmuiden,broken_linear,1961,3,1961,-63.19076405292668,-17.678468082466622,-72.3409821684377,-9.150218115511027,-63.19076405292668,-76.06643696179403
IJmuiden,broken_linear,1962,-47,1962,-61.098459009460775,-51.16433375197021,-65.34144117942652,-4.242982169965743,-61.098459009460775,-73.57176713992601
IJmuiden,broken_linear,1963,-86,1963,-59.00615396599487,-56.019855051489216,-57.86297226883707,1.1431816971577913,-59.00615396599487,-71.07709731805801
IJmuiden,broken_linear,1964,-74,1964,-56.913848922528956,-38.94359789074871,-50.51354034503529,6.400308577493675,-56.913848922528956,-68.58242749619
IJmuiden,broken_linear,1965,-35,1965,-54.82154387906305,-61.46716629061491,-43.88654522668987,10.93499865237318,-54.82154387906305,-66.08775767432198
IJmuiden,broken_linear,1966,7,1966,-52.729238835597144,-12.560742705559303,-38.49384145515072,14.235397380446422,-52.729238835597144,-63.59308785245397
IJmuiden,broken_linear,1967,16,1967,-50.63693379213124,-27.904637609860117,-34.70796255516474,15.928971236966497,-50.63693379213124,-61.098418030585954
IJmuiden,broken_linear,1968,-52,1968,-48.54462874866533,-42.62964765593841,-32.720071198327354,15.82455755033798,-48.54462874866533,-58.603748208717946
IJmuiden,broken_linear,1969,-67,1969,-46.45232370519942,-45.186721222765115,-32.51838165754421,13.933942047655204,-46.45232370519942,-56.10907838684993
IJmuiden,broken_linear,1970,-43,1970,-44.36001866173351,-57.615945493224814,-33.889490124613445,10.470528537120067,-44.36001866173351,-53.614408564981915
IJmuiden,broken_linear,1971,-84,1971,-42.26771361826761,-59.48344655366491,-36.44246273092064,5.825250887346965,-42.26771361826761,-51.119738743113906
IJmuiden,broken_linear,1972,-117,1972,-40.17540857480169,-71.7086325624689,-39.65296232847875,0.5224462463229376,-40.17540857480169,-48.62506892124589
IJmuiden,broken_linear,1973,-51,1973,-38.08310353133579,-63.748378049030116,-42.922433207287824,-4.839329675952037,-38.08310353133579,-46.13039909937788
IJmuiden,broken_linear,1974,-42,1974,-35.99079848786988,-78.79191164285461,-45.645663255781464,-9.654864767911587,-35.99079848786988,-43.63572927750987
IJmuiden,broken_linear,1975,-86,1975,-33.898493444403975,-64.20804947166522,-47.27909746465408,-13.380604020250102,-33.898493444403975,-41.14105945564186
IJmuiden,broken_linear,1976,-109,1976,-31.806188400938066,-73.58051255832541,-47.40219186624637,-15.596003465308304,-31.806188400938066,-38.64638963377384
IJmuiden,broken_linear,1977,-58,1977,-29.713883357472156,-76.24728842539841,-45.76488256465093,-16.050999207178776,-29.713883357472156,-36.15171981190583
IJmuiden,broken_linear,1978,-28,1978,-27.62157831400625,-27.65012183051511,-42.3158117751183,-14.694233461112049,-27.62157831400625,-33.65704999003782
IJmuiden,broken_linear,1979,-38,1979,-25.529273270540344,-34.69743486904402,-37.20812484985661,-11.678851579316262,-25.529273270540344,-31.162380168169808
IJmuiden,broken_linear,1980,5,1980,-23.436968227074434,15.548024996335087,-30.78218394914917,-7.345215722074736,-23.436968227074434,-28.667710346301792
IJmuiden,broken_linear,1981,2,1981,-21.344663183608525,-19.871590910139915,-23.527149557496084,-2.1824863738875626,-21.344663183608525,-26.17304052443378
IJmuiden,broken_linear,1982,-13,1982,-19.25235814014262,-8.57448506082482,-16.025766342999066,3.226591797143551,-19.25235814014262,-23.67837070256577
IJmuiden,broken_linear,1983,26,1983,-17.160053096676712,-4.179030096441323,-8.888585673147638,8.271467423529073,-17.160053096676712,-21.183700880697756
IJmuiden,broken_linear,1984,-28,1984,-15.067748053210803,-13.893335750932614,-2.6850494408322128,12.38269861237859,-15.067748053210803,-18.689031058829745
IJmuiden,broken_linear,1985,-30,1985,-12.975443009744893,-19.256428400550917,2.1207858650133478,15.096228874758241,-12.975443009744893,-16.19436123696173
IJmuiden,broken_linear,1986,-34,1986,-10.883137966278987,-30.772572872879614,5.222629678781575,16.105767645060563,-10.883137966278987,-13.699691415093719
IJmuiden,broken_linear,1987,-34,1987,-8.790832922813081,-2.0029771252084103,6.506530000288262,15.297362923101343,-8.790832922813081,-11.205021593225709
IJmuiden,broken_linear,1988,30,1988,-6.698527879347175,4.195818264094683,6.063735761952351,12.762263641299525,-6.698527879347175,-8.710351771357697
IJmuiden,broken_linear,1989,5,1989,-4.606222835881262,2.3457831528737856,4.1803970773948995,8.786619913276162,-4.606222835881262,-6.21568194948968
IJmuiden,broken_linear,1990,33,1990,-2.5139177924153557,-15.64597234575642,1.3052659590744398,3.8191837514897937,-2.5139177924153557,-3.7210121276216697
IJmuiden,broken_linear,1991,-62,1991,-0.42161274894944967,-36.41787673753721,-2.000956703578666,-1.579343954629218,-0.42161274894944967,-1.2263423057536587
IJmuiden,broken_linear,1992,-15,1992,1.6706922945164635,-14.978021058309707,-5.128910430057105,-6.799602724573568,1.6706922945164635,1.268327516114359
IJmuiden,broken_linear,1993,-21,1993,3.7629973379823696,-8.428190567126215,-7.48935690102806,-11.252354239010431,3.7629973379823696,3.7629973379823696
IJmuiden,broken_linear,1994,21,1994,6.257667159850381,-1.5775993046605237,-8.177325637031043,-14.434992796881424,5.855302381448276,6.257667159850381
IJmuiden,broken_linear,1995,22,1995,8.752336981718392,20.312328118079286,-7.235940107266942,-15.988277088985335,7.947607424914182,8.752336981718392
IJmuiden,broken_linear,1996,-79,1996,11.247006803586402,-4.9230674331458175,-4.489872868009201,-15.73687967159561,10.039912468380088,11.247006803586402
IJmuiden,broken_linear,1997,-25,1997,13.741676625454419,11.58444285424369,0.032499519687334555,-13.709177105767086,12.132217511846001,13.741676625454419
IJmuiden,broken_linear,1998,57,1998,16.23634644732243,20.38778234739428,6.102299503070903,-10.134046944251528,14.224522555311907,16.23634644732243
IJmuiden,broken_linear,1999,49,1999,18.73101626919044,19.508342111777893,13.315983162078311,-5.415033107112133,16.316827598777813,18.73101626919044
IJmuiden,broken_linear,2000,46,2000,21.225686091058456,24.927394176662983,21.1408903538227,-0.08479573723575395,18.409132642243726,21.225686091058456
IJmuiden,broken_linear,2001,53,2001,23.72035591292646,44.69825119605189,28.97536889057072,5.255012977644259,20.501437685709625,23.72035591292646
IJmuiden,broken_linear,2002,42,2002,26.21502573479448,61.51896136328469,36.21668621606858,10.001660481274103,22.59374272917554,26.21502573479448
IJmuiden,broken_linear,2003,33,2003,28.709695556662496,68.49906111658889,42.329063028798124,13.619367472135627,24.68604777264145,28.709695556662496
IJmuiden,broken_linear,2004,52,2004,31.2043653785305,40.53379044360289,46.90414953594693,15.69978415741643,26.77835281610735,31.2043653785305
IJmuiden,broken_linear,2005,36,2005,33.69903520039852,42.23512084054499,49.70711806226548,16.008082861866967,28.870657859573264,33.69903520039852
IJmuiden,broken_linear,2006,35,2006,36.19370502226652,36.40150826520259,50.703169296365445,14.509464274098919,30.962962903039163,36.19370502226652
IJmuiden,broken_linear,2007,83,2007,38.68837484413454,59.65112939122989,50.06146027372972,11.37308542959519,33.055267946505076,38.68837484413454
IJmuiden,broken_linear,2008,55,2008,41.18304466600256,37.42155814114389,48.136010724140135,6.9529660581375765,35.14757298997099,41.18304466600256
IJmuiden,broken_linear,2009,14,2009,43.67771448787056,22.753888333695684,45.42574298544775,1.748028497577188,37.23987803343689,43.67771448787056
IJmuiden,broken_linear,2010,2,2010,46.172384309738575,26.779053765750486,42.51816599074899,-3.654218318989588,39.3321830769028,46.172384309738575
IJmuiden,broken_linear,2011,33,2011,48.6670541316066,26.507244037805286,40.02306001629048,-8.643994115316119,41.424488120368714,48.6670541316066
IJmuiden,broken_linear,2012,27,2012,51.1617239534746,29.328151239504486,38.50364754464397,-12.658076408830627,43.51679316383461,51.1617239534746
IJmuiden,broken_linear,2013,3,2013,53.65639377534262,31.39021626876419,38.41301935320785,-15.24337442213477,45.609098207300526,53.65639377534262
IJmuiden,broken_linear,2014,50,2014,56.15106359721064,53.12884825698339,40.042991752909934,-16.108071844300706,47.70140325076644,56.15106359721064
IJmuiden,broken_linear,2015,64,2015,58.64573341907864,48.40110826027099,43.49116773207372,-15.154565687004919,49.79370829423234,58.64573341907864
IJmuiden,broken_linear,2016,57,2016,61.140403240946654,79.5081192165537,48.64991998899661,-12.490483251950042,51.88601333769825,61.140403240946654
IJmuiden,broken_linear,2017,87,2017,63.63507306281466,69.90610467780529,55.218539396837244,-8.416533665977425,53.97831838116415,63.63507306281466
IJmuiden,broken_linear,2018,19,2018,66.12974288468268,61.194232506298434,62.73717763908941,-3.3925652455932713,56.070623424630064,66.12974288468268
IJmuiden,broken_linear,2019,60,2019,68.6244127065507,53.16582879396969,70.63875273019093,2.0143400236402114,58.16292846809598,68.6244127065507
IJmuiden,broken_linear,2020,66,2020,71.1190825284187,58.90572874223679,78.31295856961306,7.193876041194356,60.255233511561876,71.1190825284187
IJmuiden,broken_linear,2021,46,2021,73.61375235028672,62.30471915287379,85.17515343126377,11.56140108097705,62.34753855502779,73.61375235028672
IJmuiden,broken_linear,2022,69,2022,76.10842217215473,80.63998680078609,90.73235157870738,14.62392940655263,64.4398435984937,76.10842217215473
IJmuiden,broken_linear,2023,126,2023,78.60309199402273,100.11966017847078,94.63886918227209,16.03577718824935,66.5321486419596,78.60309199402273
IJmuiden,broken_linear,2024,134,2024,81.09776181589076,115.20530192822038,96.73534348798295,15.637581672092185,68.62445368542552,81.09776181589076
IJmuiden,broken_linear,2025,87,2025,83.59243163775876,111.80037579447848,97.06672093758662,13.474289299827864,70.71675872889142,83.59243163775876
IJmuiden,broken_squared,1891,-197,1891,-209.67373357322845,-197,-196.91819434934376,12.755539223884682,-209.67373357322845,-196.9185125349225
IJmuiden,broken_squared,1892,-164,1892,-207.58541363959148,-164,-192.2337633363243,15.351650303267197,-207.58541363959148,-195.19723004767243
IJmuiden,broken_squared,1893,-117,1893,-205.4970937059545,-117,-189.28215458793366,16.214939118020858,-205.4970937059545,-193.47058934952616
IJmuiden,broken_squared,1894,-122,1894,-203.40877377231755,-122,-188.1608120954991,15.247961676818477,-203.40877377231755,-191.73859044048376
IJmuiden,broken_squared,1895,-224,1895,-201.32045383868063,-224,-188.76058798199054,12.559865856690097,-201.32045383868063,-190.00123332054525
IJmuiden,broken_squared,1896,-230,1896,-199.23213390504367,-230,-190.77806260231725,8.454071302726435,-199.23213390504367,-188.25851798971053
IJmuiden,broken_squared,1897,-212,1897,-197.1438139714067,-212,-193.74979312938555,3.394020842021133,-197.1438139714067,-186.51044444797964
IJmuiden,broken_squared,1898,-178,1898,-195.05549403776973,-178,-197.1046248061991,-2.049130768429353,-195.05549403776973,-184.75701269535259
IJmuiden,broken_squared,1899,-166,1899,-192.96717410413277,-166,-200.22816021528075,-7.260986111147983,-192.96717410413277,-182.9982227318294
IJmuiden,broken_squared,1900,-193,1900,-190.87885417049586,-193,-202.53210957673866,-11.653255406242788,-190.87885417049586,-181.23407455741008
IJmuiden,broken_squared,1901,-199,1901,-188.7905342368589,-199,-203.52069413868395,-14.730159901825056,-188.7905342368589,-179.46456817209457
IJmuiden,broken_squared,1902,-275,1902,-186.70221430322192,-275,-202.84660735681985,-16.14439305359793,-186.70221430322192,-177.68970357588287
IJmuiden,broken_squared,1903,-183,1903,-184.61389436958495,-183,-200.35021722778797,-15.736322858202996,-184.61389436958495,-175.90948076877504
IJmuiden,broken_squared,1904,-220,1904,-182.525574435948,-220,-196.07758480080074,-13.552010364852752,-182.525574435948,-174.12389975077105
IJmuiden,broken_squared,1905,-229,1905,-180.43725450231108,-229,-190.27526502249998,-9.838010520188913,-180.43725450231108,-172.33296052187094
IJmuiden,broken_squared,1906,-188,1906,-178.3489345686741,-188,-183.36247677128148,-5.013542202607357,-178.3489345686741,-170.53666308207463
IJmuiden,broken_squared,1907,-238,1907,-176.26061463503714,-238,-175.8837833970492,0.3768312379879317,-176.26061463503714,-168.73500743138217
IJmuiden,broken_squared,1908,-237,1908,-174.17229470140018,-237,-168.44762496507352,5.724669736326663,-174.17229470140018,-166.92799356979353
IJmuiden,broken_squared,1909,-157,1909,-172.0839747677632,-157,-161.65764039589374,10.426334371869464,-172.0839747677632,-165.11562149730875
IJmuiden,broken_squared,1910,-143,1910,-169.99565483412627,-143,-156.04453153591348,13.951123298212774,-169.99565483412627,-163.2978912139278
IJmuiden,broken_squared,1911,-167,1911,-167.90733490048933,-167,-152.00616002274344,15.901174877745891,-167.90733490048933,-161.47480271965074
IJmuiden,broken_squared,1912,-106,1912,-165.81901496685236,-106,-149.76263853009854,16.056376436753823,-165.81901496685236,-159.64635601447748
IJmuiden,broken_squared,1913,-126,1913,-163.7306950332154,-126,-149.33148548183826,14.399209551377144,-163.7306950332154,-157.81255109840805
IJmuiden,broken_squared,1914,-102,1914,-161.64237509957843,-102,-150.52564765446806,11.116727445110373,-161.64237509957843,-155.97338797144246
IJmuiden,broken_squared,1915,-136,1915,-159.5540551659415,-136,-152.97461386745547,6.579441298486,-159.5540551659415,-154.12886663358074
IJmuiden,broken_squared,1916,-87,1916,-157.46573523230455,-87,-156.1662365470516,1.299498685252952,-157.46573523230455,-152.27898708482286
IJmuiden,broken_squared,1917,-144,1917,-155.3774152986676,-144,-159.50454054169705,-4.127125243029472,-155.3774152986676,-150.4237493251688
IJmuiden,broken_squared,1918,-160,1918,-153.28909536503062,-160,-162.37699400113905,-9.087898636108456,-153.28909536503062,-148.56315335461858
IJmuiden,broken_squared,1919,-210,1919,-151.20077543139368,-210,-164.22364809802096,-13.022872666627272,-151.20077543139368,-146.69719917317224
IJmuiden,broken_squared,1920,-212,1920,-149.1124554977567,-212,-164.60034142453821,-15.487885926781491,-149.1124554977567,-144.8258867808297
IJmuiden,broken_squared,1921,-195,1921,-147.02413556411977,-195,-163.22883484838792,-16.204699284268138,-147.02413556411977,-142.94921617759104
IJmuiden,broken_squared,1922,-195,1922,-144.9358156304828,-195,-160.0282178406758,-15.092402210193011,-144.9358156304828,-141.06718736345618
IJmuiden,broken_squared,1923,-173,1923,-142.84749569684584,-173,-155.1240412768299,-12.276545579984052,-142.84749569684584,-139.17980033842517
IJmuiden,broken_squared,1924,-189,1924,-140.7591757632089,-189,-148.83414584279845,-8.074970079589534,-140.7591757632089,-137.28705510249802
IJmuiden,broken_squared,1925,-143,1925,-138.67085582957193,-143,-141.63278566955606,-2.9619298399841387,-138.67085582957193,-135.3889516556747
IJmuiden,broken_squared,1926,-152,1926,-136.582535895935,-152,-134.09709675174213,2.4854391441928776,-136.582535895935,-133.48548999795523
IJmuiden,broken_squared,1927,-119,1927,-134.49421596229803,-119,-126.84195254419436,7.652263418103658,-134.49421596229803,-131.5766701293396
IJmuiden,broken_squared,1928,-99,1928,-132.40589602866106,-99,-120.450559931019,11.955336097642062,-132.40589602866106,-129.6624920498278
IJmuiden,broken_squared,1929,-159,1929,-130.31757609502412,-159,-115.40862956860282,14.9089465264213,-130.31757609502412,-127.74295575941984
IJmuiden,broken_squared,1930,-116,1930,-128.22925616138718,-116,-112.04955114541076,16.179705015976424,-128.22925616138718,-125.81806125811575
IJmuiden,broken_squared,1931,-115,1931,-126.1409362277502,-115,-110.5167619180352,15.624174309715006,-126.1409362277502,-123.88780854591545
IJmuiden,broken_squared,1932,-126,1932,-124.05261629411325,-126,-110.74755618660171,13.305060107511537,-124.05261629411325,-121.95219762281901
IJmuiden,broken_squared,1933,-172,1933,-121.9642963604763,-172,-112.4801632199896,9.484133140486687,-121.9642963604763,-120.01122848882643
IJmuiden,broken_squared,1934,-154,1934,-119.87597642683934,-154,-115.28329470787489,4.5926817189644495,-119.87597642683934,-118.06490114393769
IJmuiden,broken_squared,1935,-108,1935,-117.78765649320239,-108,-118.60482656182904,-0.8171700686266581,-117.78765649320239,-116.11321558815278
IJmuiden,broken_squared,1936,-75,1936,-115.69933655956542,-75,-121.83412009215468,-6.134783532589252,-115.69933655956542,-114.1561718214717
IJmuiden,broken_squared,1937,-77,1937,-113.61101662592847,-77,-124.37094803839351,-10.759931412465024,-113.61101662592847,-112.19376984389447
IJmuiden,broken_squared,1938,-109,1938,-111.52269669229152,-109,-125.69324540654647,-14.170548714254952,-111.52269669229152,-110.2260096554211
IJmuiden,broken_squared,1939,-106,1939,-109.43437675865457,-106,-125.41603771635128,-15.981660957696707,-109.43437675865457,-108.25289125605156
IJmuiden,broken_squared,1940,-111,1940,-107.3460568250176,-111,-123.33489511452298,-15.988838289505383,-107.3460568250176,-106.27441464578584
IJmuiden,broken_squared,1941,-133,1941,-105.25773689138066,-133,-119.44900745751923,-14.191270566138577,-105.25773689138066,-104.290579824624
IJmuiden,broken_squared,1942,-123,1942,-103.16941695774369,-123,-113.9612757567423,-10.791858798998616,-103.16941695774369,-102.30138679256598
IJmuiden,broken_squared,1943,-66,1943,-101.08109702410674,-66,-107.25540966427364,-6.174312640166896,-101.08109702410674,-100.3068355496118
IJmuiden,broken_squared,1944,-46,1944,-98.99277709046979,-46,-99.85261612750385,-0.8598390370340683,-98.99277709046979,-98.30692609576147
IJmuiden,broken_squared,1945,-110,1945,-96.90445715683282,-110,-92.35276799413131,4.551689162701511,-96.90445715683282,-96.30165843101496
IJmuiden,broken_squared,1946,-121,1946,-94.81613722319588,-121,-85.36669317939156,9.44944404380432,-94.81613722319588,-94.29103255537233
IJmuiden,broken_squared,1947,-146,1947,-92.72781728955891,-146,-79.44722727665803,13.280590012900884,-92.72781728955891,-92.2750484688335
IJmuiden,broken_squared,1948,-55,1948,-90.63949735592196,-55,-75.02681206926664,15.61268528665532,-90.63949735592196,-90.25370617139853
IJmuiden,broken_squared,1949,-51,1949,-88.55117742228501,-51,-72.36868353079458,16.182493891490417,-88.55117742228501,-88.2270056630674
IJmuiden,broken_squared,1950,-41,1950,-86.46285748864805,-59.68958988758601,-71.53715898332321,14.925698505324846,-86.46285748864805,-86.19494694384012
IJmuiden,broken_squared,1951,-53,1951,-84.3745375550111,-55.70370479031071,-72.39037725986337,11.984160295147728,-84.3745375550111,-84.15753001371667
IJmuiden,broken_squared,1952,-33,1952,-82.28621762137413,-42.48339297677571,-74.5963113273497,7.6899062940244605,-82.28621762137413,-82.11475487269705
IJmuiden,broken_squared,1953,-85,1953,-80.19789768773718,-52.58636635073351,-77.67024594044241,2.5276517472947813,-80.19789768773718,-80.0666215207813
IJmuiden,broken_squared,1954,-63,1954,-78.10957775410023,-84.87124563785152,-81.02949002440083,-2.9199122703006024,-78.10957775410023,-78.01312995796937
IJmuiden,broken_squared,1955,-38,1955,-76.02125782046328,-41.93611213698482,-84.05914810992996,-8.037890289466688,-76.02125782046328,-75.9542801842613
IJmuiden,broken_squared,1956,-95,1956,-73.93293788682632,-77.78211626646281,-86.18152684899903,-12.248588962172706,-73.93293788682632,-73.89007219965706
IJmuiden,broken_squared,1957,-65,1957,-71.84461795318936,-61.77666617144971,-86.9213423297438,-15.076724376554456,-71.84461795318936,-71.82050600415664
IJmuiden,broken_squared,1958,-64,1958,-69.7562980195524,-67.77697525108012,-85.95936789466401,-16.203069875111616,-69.7562980195524,-69.74558159776008
IJmuiden,broken_squared,1959,-91,1959,-67.66797808591545,-47.0241138225335,-83.16846694808373,-15.500488862168279,-67.66797808591545,-67.66529898046737
IJmuiden,broken_squared,1960,-42,1960,-65.5796581522785,-38.68813620093111,-78.62794353861553,-13.04828538633703,-65.5796581522785,-65.5796581522785
IJmuiden,broken_squared,1961,3,1961,-63.488659113193464,-17.678468082466622,-72.61191178475653,-9.123252671563062,-63.491338218641545,-63.488659113193464
IJmuiden,broken_squared,1962,-47,1962,-61.39230186321227,-51.16433375197021,-65.56073185978097,-4.168429996568707,-61.403018285004585,-61.39230186321227
IJmuiden,broken_squared,1963,-86,1963,-59.29058640233491,-56.019855051489216,-58.03368090190577,1.2569055004291414,-59.314698351367625,-59.29058640233491
IJmuiden,broken_squared,1964,-74,1964,-57.183512730561404,-38.94359789074871,-50.643145329305035,6.540367401256376,-57.22637841773067,-57.183512730561404
IJmuiden,broken_squared,1965,-35,1965,-55.071080847891736,-61.46716629061491,-43.985497534210914,11.085583313680818,-55.13805848409372,-55.071080847891736
IJmuiden,broken_squared,1966,7,1966,-52.953290754325906,-12.560742705559303,-38.57378016513388,14.379510589192021,-53.049738550456766,-52.953290754325906
IJmuiden,broken_squared,1967,16,1967,-50.830142449863914,-27.904637609860117,-34.779796279616164,16.050346170247746,-50.961418616819806,-50.830142449863914
IJmuiden,broken_squared,1968,-52,1968,-48.701635934505774,-42.62964765593841,-32.79214195939442,15.909493975111346,-48.87309868318285,-48.701635934505774
IJmuiden,broken_squared,1969,-67,1969,-46.567771208251465,-45.186721222765115,-32.59491846948363,13.972852738767834,-46.78477874954589,-46.567771208251465
IJmuiden,broken_squared,1970,-43,1970,-44.428548271101,-57.615945493224814,-33.969526832794,10.459021438306996,-44.69645881590894,-44.428548271101
IJmuiden,broken_squared,1971,-84,1971,-42.28396712305438,-59.48344655366491,-36.51934225711722,5.7646248659371535,-42.60813888227199,-42.28396712305438
IJmuiden,broken_squared,1972,-117,1972,-40.13402776411159,-71.7086325624689,-39.714483280922835,0.4195444831887647,-40.51981894863503,-40.13402776411159
IJmuiden,broken_squared,1973,-51,1973,-37.97873019427266,-63.748378049030116,-42.951622306819814,-4.972892112547157,-38.431499014998074,-37.97873019427266
IJmuiden,broken_squared,1974,-42,1974,-35.81807441353756,-78.79191164285461,-45.622086390264755,-9.804011976727201,-36.343179081361114,-35.81807441353756
IJmuiden,broken_squared,1975,-86,1975,-33.6520604219063,-64.20804947166522,-47.18056138597908,-13.528500964072787,-34.25485914772416,-33.6520604219063
IJmuiden,broken_squared,1976,-109,1976,-31.480688219378887,-73.58051255832541,-47.20664445035035,-15.725956230971473,-32.16653921408721,-31.480688219378887
IJmuiden,broken_squared,1977,-58,1977,-29.30395780595531,-76.24728842539841,-45.45229714211747,-16.14833933616216,-30.078219280450252,-29.30395780595531
IJmuiden,broken_squared,1978,-28,1978,-27.121869181635578,-27.65012183051511,-41.86984283795858,-14.747973656323005,-27.989899346813296,-27.121869181635578
IJmuiden,broken_squared,1979,-38,1979,-24.934422346419684,-34.69743486904402,-36.61734824605887,-11.682925899639187,-25.90157941317634,-24.934422346419684
IJmuiden,broken_squared,1980,5,1980,-22.74161730030763,15.548024996335087,-30.040781577653703,-7.299164277346074,-23.813259479539383,-22.74161730030763
IJmuiden,broken_squared,1981,2,1981,-20.543454043299423,-19.871590910139915,-22.63496127843935,-2.0915072351399226,-21.72493954590243,-20.543454043299423
IJmuiden,broken_squared,1982,-13,1982,-18.339932575395054,-8.57448506082482,-14.98770324384202,3.352229331553035,-19.636619612265473,-18.339932575395054
IJmuiden,broken_squared,1983,26,1983,-16.131052896594525,-4.179030096441323,-7.713470918455204,8.41758197813932,-17.548299678628517,-16.131052896594525
IJmuiden,broken_squared,1984,-28,1984,-13.916815006897842,-13.893335750932614,-1.3840175451425285,12.532797461755314,-15.459979744991564,-13.916815006897842
IJmuiden,broken_squared,1985,-30,1985,-11.697218906304995,-19.256428400550917,3.536150658661068,15.233369564966061,-13.371659811354608,-11.697218906304995
IJmuiden,broken_squared,1986,-34,1986,-9.47226459481599,-30.772572872879614,6.742205783562455,16.214470378378444,-11.283339877717651,-9.47226459481599
IJmuiden,broken_squared,1987,-34,1987,-7.241952072430831,-2.0029771252084103,8.123405772535705,15.365357844966537,-9.195019944080698,-7.241952072430831
IJmuiden,broken_squared,1988,30,1988,-5.0062813391495045,4.195818264094683,7.775594464777626,12.781875803927129,-7.106700010443738,-5.0062813391495045
IJmuiden,broken_squared,1989,5,1989,-2.7652523949720265,2.3457831528737856,5.990383192786357,8.755635587758384,-5.018380076806785,-2.7652523949720265
IJmuiden,broken_squared,1990,33,1990,-0.5188652398983833,-15.64597234575642,3.222235063231075,3.741100303129456,-2.9300601431698254,-0.5188652398983833
IJmuiden,broken_squared,1991,-62,1991,1.7328801260714117,-36.41787673753721,0.037167293565083526,-1.6957128325063255,-0.8417402095328725,1.7328801260714117
IJmuiden,broken_squared,1992,-15,1992,3.9899837029373657,-14.978021058309707,-2.9511381560348724,-6.941121858972238,1.2465797241040804,3.9899837029373657
IJmuiden,broken_squared,1993,-21,1993,6.252445490699485,-8.428190567126215,-5.150604123271158,-11.403049613970644,3.3348996577410404,6.252445490699485
IJmuiden,broken_squared,1994,21,1994,8.520265489357756,-1.5775993046605237,-6.057589136100752,-14.57785462545851,5.423219591377993,8.520265489357756
IJmuiden,broken_squared,1995,22,1995,10.793443698912187,20.312328118079286,-5.313736099287423,-16.10717979819961,7.511539525014946,10.793443698912187
IJmuiden,broken_squared,1996,-79,1996,13.071980119362783,-4.9230674331458175,-2.7464219620950985,-15.818402081457887,9.599859458651906,13.071980119362783
IJmuiden,broken_squared,1997,-25,1997,15.35587475070953,11.58444285424369,1.6117574015985596,-13.744117349110972,11.688179392288859,15.35587475070953
IJmuiden,broken_squared,1998,57,1998,17.645127592952438,20.38778234739428,7.5266664626234245,-10.118461130329012,13.776499325925812,17.645127592952438
IJmuiden,broken_squared,1999,49,1999,19.93973864609151,19.508342111777893,14.589058156612893,-5.350680489478612,15.864819259562772,19.93973864609151
IJmuiden,broken_squared,2000,46,2000,22.239707910126732,24.927394176662983,22.26076777266456,0.021059862537823548,17.953139193199725,22.239707910126732
IJmuiden,broken_squared,2001,53,2001,24.54503538505812,44.69825119605189,29.935458461130544,5.390423076072424,20.041459126836685,24.54503538505812
IJmuiden,broken_squared,2002,42,2002,26.855721070885664,61.51896136328469,37.007061692602576,10.151340621716908,22.129779060473638,26.855721070885664
IJmuiden,broken_squared,2003,33,2003,29.171764967609363,68.49906111658889,42.93818743016716,13.7664224625578,24.21809899411059,29.171764967609363
IJmuiden,broken_squared,2004,52,2004,31.493167075229223,40.53379044360289,47.32078219563047,15.827615120401248,26.306418927747544,31.493167075229223
IJmuiden,broken_squared,2005,36,2005,33.81992739374525,42.23512084054499,49.9221882317714,16.10226083802614,28.39473886138451,33.81992739374525
IJmuiden,broken_squared,2006,35,2006,36.15204592315743,36.40150826520259,50.71140481847294,14.559358895315512,30.483058795021464,36.15204592315743
IJmuiden,broken_squared,2007,83,2007,38.48952266346577,59.65112939122989,49.8625874885705,11.373064825104727,32.571378728658416,38.48952266346577
IJmuiden,broken_squared,2008,55,2008,40.83235761467026,37.42155814114389,47.735390168348545,6.903032553678279,34.65969866229537,40.83235761467026
IJmuiden,broken_squared,2009,14,2009,43.180550776770914,22.753888333695684,44.834369129642454,1.6538183528715393,36.74801859593232,43.180550776770914
IJmuiden,broken_squared,2010,2,2010,45.53410214976774,26.779053765750486,41.752031044977706,-3.7820711047900346,38.83633852956929,45.53410214976774
IJmuiden,broken_squared,2011,33,2011,47.893011733660714,26.507244037805286,39.10195361409468,-8.791058119566028,40.92465846320624,47.893011733660714
IJmuiden,broken_squared,2012,27,2012,50.25727952844984,29.328151239504486,37.449527791775154,-12.80775173667469,43.012978396843195,50.25727952844984
IJmuiden,broken_squared,2013,3,2013,52.626905534135126,31.39021626876419,37.248139109373845,-15.378766424761281,45.10129833048015,52.626905534135126
IJmuiden,broken_squared,2014,50,2014,55.00188975071657,53.12884825698339,38.78799164307766,-16.21389810763891,47.1896182641171,55.00188975071657
IJmuiden,broken_squared,2015,64,2015,57.38223217819418,48.40110826027099,42.163351139265636,-15.218881038928549,49.277938197754054,57.38223217819418
IJmuiden,broken_squared,2016,57,2016,59.767932816567956,79.5081192165537,47.26190473930131,-12.506028077266645,51.36625813139102,59.767932816567956
IJmuiden,broken_squared,2017,87,2017,62.15899166583788,69.90610467780529,53.777438328104736,-8.381553337733145,53.454578065027974,62.15899166583788
IJmuiden,broken_squared,2018,19,2018,64.55540872600396,61.194232506298434,61.24440054687234,-3.31100817913162,55.54289799866493,64.55540872600396
IJmuiden,broken_squared,2019,60,2019,66.95718399706621,53.16582879396969,69.0904520463447,2.1332680492784926,57.63121793230188,66.95718399706621
IJmuiden,broken_squared,2020,66,2020,69.3643174790246,58.90572874223679,76.70106846744552,7.336750988420914,59.71953786593883,69.3643174790246
IJmuiden,broken_squared,2021,46,2021,71.77680917187917,62.30471915287379,83.48890506791977,11.71209589604059,61.8078577995758,71.77680917187917
IJmuiden,broken_squared,2022,69,2022,74.19465907562989,80.63998680078609,88.96009344133688,14.76543436570699,63.89617773321275,74.19465907562989
IJmuiden,broken_squared,2023,126,2023,76.61786719027677,100.11966017847078,92.76998706584635,16.152119875569593,65.9844976668497,76.61786719027677
IJmuiden,broken_squared,2024,134,2024,79.0464335158198,115.20530192822038,94.76206338667008,15.715629870850282,68.07281760048666,79.0464335158198
IJmuiden,broken_squared,2025,87,2025,81.48035805225899,111.80037579447848,94.98559134776676,13.505233295507761,70.16113753412361,81.48035805225899
Netherlands,linear,1891,-179,1891,-178.7874500420717,-179,-165.64324801563652,13.144202026435188,-178.7874500420717,-178.7874500420717
Netherlands,linear,1892,-166.5,1892,-176.791984901941,-166.5,-162.76202018872294,14.029964713218044,-176.791984901941,-176.791984901941
Netherlands,linear,1893,-142.16666666666666,1893,-174.79651976181026,-142.16666666666666,-161.46442895766427,13.332090804145986,-174.79651976181026,-174.79651976181026
Netherlands,linear,1894,-141.83333333333334,1894,-172.80105462167953,-141.83333333333334,-161.67170158964973,11.129353032029794,-172.80105462167953,-172.80105462167953
Netherlands,linear,1895,-173,1895,-170.80558948154882,-173,-163.13520337901193,7.670386102536879,-170.80558948154882,-170.80558948154882
Netherlands,linear,1896,-185,1896,-168.8101243414181,-185,-165.46450236634357,3.345621975074528,-168.8101243414181,-168.8101243414181
Netherlands,linear,1897,-179.33333333333334,1897,-166.81465920128736,-179.33333333333334,-168.17143946638072,-1.3567802650933691,-166.81465920128736,-166.81465920128736
Netherlands,linear,1898,-138.33333333333334,1898,-164.81919406115665,-138.33333333333334,-170.72522957537012,-5.90603551421346,-164.81919406115665,-164.81919406115665
Netherlands,linear,1899,-141,1899,-162.82372892102592,-141,-172.61237410342542,-9.788645182399522,-162.82372892102592,-162.82372892102592
Netherlands,linear,1900,-176.5,1900,-160.82826378089518,-176.5,-173.39462228629736,-12.566358505402189,-160.82826378089518,-160.82826378089518
Netherlands,linear,1901,-196.83333333333337,1901,-158.83279864076445,-196.83333333333337,-172.7584388756074,-13.925640234842932,-158.83279864076445,-158.83279864076445
Netherlands,linear,1902,-225.16666666666663,1902,-156.83733350063375,-225.16666666666663,-170.55039452674774,-13.713061026113976,-156.83733350063375,-156.83733350063375
Netherlands,linear,1903,-113.83333333333331,1903,-154.841868360503,-113.83333333333331,-166.79448418349347,-11.952615822990449,-154.841868360503,-154.841868360503
Netherlands,linear,1904,-151.83333333333334,1904,-152.84640322037228,-151.83333333333334,-161.68941864132066,-8.843015420948378,-152.84640322037228,-152.84640322037228
Netherlands,linear,1905,-176.66666666666666,1905,-150.85093808024158,-176.66666666666666,-155.5861950050559,-4.735256924814353,-150.85093808024158,-150.85093808024158
Netherlands,linear,1906,-139.83333333333334,1906,-148.85547294011084,-139.83333333333334,-148.94847778237136,-0.09300484226051431,-148.85547294011084,-148.85547294011084
Netherlands,linear,1907,-162.66666666666666,1907,-146.86000779998014,-162.66666666666666,-142.30026260942066,4.559745190559494,-146.86000779998014,-146.86000779998014
Netherlands,linear,1908,-169.83333333333334,1908,-144.8645426598494,-169.83333333333334,-136.16673008173268,8.697812578116698,-144.8645426598494,-144.8645426598494
Netherlands,linear,1909,-119.5,1909,-142.86907751971867,-119.5,-131.0149658324508,11.854111687267881,-142.86907751971867,-142.86907751971867
Netherlands,linear,1910,-110.33333333333331,1910,-140.87361237958794,-110.33333333333331,-127.20123809737497,13.672374282212974,-140.87361237958794,-140.87361237958794
Netherlands,linear,1911,-132.33333333333334,1911,-138.87814723945723,-132.33333333333334,-124.93078382792226,13.947363411534967,-138.87814723945723,-138.87814723945723
Netherlands,linear,1912,-70.16666666666667,1912,-136.8826820993265,-70.16666666666667,-124.2346425069109,12.648039592415607,-136.8826820993265,-136.8826820993265
Netherlands,linear,1913,-98.83333333333331,1913,-134.88721695919577,-98.83333333333331,-124.96615255736027,9.921064401835508,-134.88721695919577,-134.88721695919577
Netherlands,linear,1914,-86.5,1914,-132.89175181906506,-86.5,-126.81750581324391,6.074246005821143,-132.89175181906506,-132.89175181906506
Netherlands,linear,1915,-124.33333333333331,1915,-130.89628667893433,-124.33333333333331,-129.35449146120195,1.541795217732378,-130.89628667893433,-130.89628667893433
Netherlands,linear,1916,-73.33333333333333,1916,-128.9008215388036,-73.33333333333333,-132.06550772007208,-3.1646861812684755,-128.9008215388036,-128.9008215388036
Netherlands,linear,1917,-127.83333333333331,1917,-126.90535639867288,-127.83333333333331,-134.41930904978904,-7.513952651116153,-126.90535639867288,-126.90535639867288
Netherlands,linear,1918,-131.5,1918,-124.90989125854216,-131.5,-135.92497065563214,-11.01507939708999,-124.90989125854216,-124.90989125854216
Netherlands,linear,1919,-153.66666666666666,1919,-122.91442611841143,-153.66666666666666,-136.18730177590072,-13.272875657489303,-122.91442611841143,-122.91442611841143
Netherlands,linear,1920,-149.16666666666666,1920,-120.91896097828071,-149.16666666666666,-134.95145296107447,-14.032491982793758,-120.91896097828071,-120.91896097828071
Netherlands,linear,1921,-119.33333333333331,1921,-118.92349583814998,-119.33333333333331,-132.13168228406016,-13.208186445910183,-118.92349583814998,-118.92349583814998
Netherlands,linear,1922,-126.33333333333331,1922,-116.92803069801926,-126.33333333333331,-127.82103348666746,-10.893002788648191,-116.92803069801926,-116.92803069801926
Netherlands,linear,1923,-104,1923,-114.93256555788854,-104,-122.28083363854397,-7.348268080655438,-114.93256555788854,-114.93256555788854
Netherlands,linear,1924,-130,1924,-112.9371004177578,-130,-115.91119576355823,-2.974095345800421,-112.9371004177578,-112.9371004177578
Netherlands,linear,1925,-75.16666666666667,1925,-110.94163527762709,-75.16666666666667,-109.20585595877836,1.735779318848734,-110.94163527762709,-110.94163527762709
Netherlands,linear,1926,-93,1926,-108.94617013749635,-93,-102.6964427801764,6.249727357319953,-108.94617013749635,-108.94617013749635
Netherlands,linear,1927,-92.16666666666669,1927,-106.95070499736563,-92.16666666666669,-96.89246950534299,10.058235492022645,-106.95070499736563,-106.95070499736563
Netherlands,linear,1928,-79.33333333333333,1928,-104.95523985723491,-79.33333333333333,-92.22382266507192,12.731417192162994,-104.95523985723491,-104.95523985723491
Netherlands,linear,1929,-131.83333333333334,1929,-102.95977471710418,-131.83333333333334,-88.99223846855863,13.96753624854556,-102.95977471710418,-102.95977471710418
Netherlands,linear,1930,-83.33333333333333,1930,-100.96430957697346,-83.33333333333333,-87.33724423568846,13.627065341284998,-100.96430957697346,-100.96430957697346
Netherlands,linear,1931,-74.83333333333333,1931,-98.96884443684274,-74.83333333333333,-87.2204092077544,11.748435229088336,-98.96884443684274,-98.96884443684274
Netherlands,linear,1932,-90,1932,-96.97337929671201,-90,-88.42968243120364,8.543696865508359,-96.97337929671201,-96.97337929671201
Netherlands,linear,1933,-135.66666666666666,1933,-94.97791415658129,-135.66666666666666,-90.60332807444686,4.3745860821344325,-94.97791415658129,-94.97791415658129
Netherlands,linear,1934,-121,1934,-92.98244901645057,-121,-93.27075647145988,-0.28830745500929567,-92.98244901645057,-92.98244901645057
Netherlands,linear,1935,-73.66666666666667,1935,-90.98698387631984,-73.66666666666667,-95.90564207553335,-4.9186581992135165,-90.98698387631984,-90.98698387631984
Netherlands,linear,1936,-59.333333333333336,1936,-88.99151873618912,-59.333333333333336,-97.98533261775202,-8.9938138815629,-88.99151873618912,-88.99151873618912
Netherlands,linear,1937,-74.83333333333333,1937,-86.99605359605839,-74.83333333333333,-99.04984364310903,-12.053790047050638,-86.99605359605839,-86.99605359605839
Netherlands,linear,1938,-61.166666666666664,1938,-85.00058845592767,-61.166666666666664,-98.75377939779005,-13.753190941862385,-85.00058845592767,-85.00058845592767
Netherlands,linear,1939,-96.83333333333331,1939,-83.00512331579695,-96.83333333333331,-96.90531948145463,-13.900196165657668,-83.00512331579695,-83.00512331579695
Netherlands,linear,1940,-89.5,1940,-81.00965817566622,-89.5,-93.48787063410936,-12.478212458443132,-81.00965817566622,-81.00965817566622
Netherlands,linear,1941,-125,1941,-79.0141930355355,-125,-88.66193970544954,-9.647746669914039,-79.0141930355355,-79.0141930355355
Netherlands,linear,1942,-109.5,1942,-77.01872789540478,-109.5,-82.74701639467638,-5.728288499271606,-77.01872789540478,-77.01872789540478
Netherlands,linear,1943,-59.333333333333336,1943,-75.02326275527405,-59.333333333333336,-76.1855107521234,-1.162247996849361,-75.02326275527405,-75.02326275527405
Netherlands,linear,1944,-49.333333333333336,1944,-73.02779761514333,-49.333333333333336,-69.49281600832235,3.5349816068209883,-73.02779761514333,-73.02779761514333
Netherlands,linear,1945,-57.666666666666664,1945,-71.03233247501261,-57.666666666666664,-63.19913340408576,7.833199070926852,-71.03233247501261,-71.03233247501261
Netherlands,linear,1946,-68.5,1946,-69.03686733488188,-68.5,-57.78962556186047,11.2472417730214,-69.03686733488188,-69.03686733488188
Netherlands,linear,1947,-129.16666666666666,1947,-67.04140219475116,-129.16666666666666,-53.64965360502513,13.391748589726031,-67.04140219475116,-67.04140219475116
Netherlands,linear,1948,-56,1948,-65.04593705462042,-56,-51.021279402188256,14.024657652432166,-65.04593705462042,-65.04593705462042
Netherlands,linear,1949,-42.166666666666664,1949,-63.050471914489705,-42.166666666666664,-49.97594275908264,13.074529155407063,-63.050471914489705,-63.050471914489705
Netherlands,linear,1950,-43.166666666666664,1950,-61.055006774358986,-62.54912084757028,-50.40639762845086,10.648609145908125,-61.055006774358986,-61.055006774358986
Netherlands,linear,1951,-58.5,1951,-59.05954163422825,-61.48365793437621,-52.03881754071955,7.020724093508704,-59.05954163422825,-59.05954163422825
Netherlands,linear,1952,-34.166666666666664,1952,-57.064076494097534,-45.30428324546237,-54.46370385123984,2.6003726428577036,-57.064076494097534,-57.064076494097534
Netherlands,linear,1953,-73.16666666666667,1953,-55.068611353966816,-44.453642685784104,-57.18210802614999,-2.113496672183186,-55.068611353966816,-55.068611353966816
Netherlands,linear,1954,-45.5,1954,-53.07314621383608,-68.78909606044571,-59.661950612082435,-6.588804398246349,-53.07314621383608,-53.07314621383608
Netherlands,linear,1955,-36.333333333333336,1955,-51.077681073705364,-43.4009999547663,-61.39807986863193,-10.320398794926563,-51.077681073705364,-51.077681073705364
Netherlands,linear,1956,-93.83333333333331,1956,-49.08221593357464,-79.81741263474376,-61.96929092691505,-12.887074993340416,-49.08221593357464,-49.08221593357464
Netherlands,linear,1957,-60.833333333333336,1957,-47.08675079344391,-60.16293841909655,-61.08586941910532,-13.999118625661415,-47.08675079344391,-47.08675079344391
Netherlands,linear,1958,-50.666666666666664,1958,-45.09128565331319,-54.02857006195428,-58.62229307709101,-13.531007423777817,-45.09128565331319,-45.09128565331319
Netherlands,linear,1959,-93.16666666666669,1959,-43.09582051318246,-51.02800886275015,-54.63140009721722,-11.535579584034757,-43.09582051318246,-43.09582051318246
Netherlands,linear,1960,-54.833333333333336,1960,-41.10035537305174,-47.78798428824263,-49.33842501257072,-8.238069639518974,-41.10035537305174,-41.10035537305174
Netherlands,linear,1961,12.833333333333334,1961,-39.10489023292102,-9.225638369260645,-43.11557527556301,-4.0106850426419856,-39.10489023292102,-39.10489023292102
Netherlands,linear,1962,-39.666666666666664,1962,-37.10942509279029,-47.439947414339926,-36.44001822689742,0.6694068658928689,-37.10942509279029,-37.10942509279029
Netherlands,linear,1963,-97,1963,-35.11395995265957,-68.16997090394024,-29.84002068476044,5.273939267899127,-35.11395995265957,-35.11395995265957
Netherlands,linear,1964,-76.5,1964,-33.118494812528844,-44.976503226239515,-23.83532066472576,9.283174147803084,-33.118494812528844,-33.118494812528844
Netherlands,linear,1965,-21.833333333333332,1965,-31.12302967239812,-48.159422285803444,-18.878461790884742,12.244567881513376,-31.12302967239812,-31.12302967239812
Netherlands,linear,1966,7.666666666666667,1966,-29.127564532267396,-9.42377016164826,-15.303712294647887,13.823852237619507,-29.127564532267396,-29.127564532267396
Netherlands,linear,1967,35.166666666666664,1967,-27.132099392136674,-11.248424551972427,-13.289334384988152,13.842765007148518,-27.132099392136674,-27.132099392136674
Netherlands,linear,1968,-29.333333333333332,1968,-25.136634252005948,-20.120315690629578,-12.837462846601525,12.299171405404422,-25.136634252005948,-25.136634252005948
Netherlands,linear,1969,-43,1969,-23.14116911187522,-19.83512524722993,-13.77386407542581,9.367305036449414,-23.14116911187522,-23.14116911187522
Netherlands,linear,1970,-9.833333333333334,1970,-21.1457039717445,-24.680848007844915,-15.767602750457733,5.378101221286767,-21.1457039717445,-21.1457039717445
Netherlands,linear,1971,-60.166666666666664,1971,-19.150238831613777,-38.914485544536895,-18.368396260219043,0.7818425713947335,-19.150238831613777,-19.150238831613777
Netherlands,linear,1972,-88.33333333333333,1972,-17.15477369148305,-43.5271196897431,-21.05744049145875,-3.9026667999757017,-17.15477369148305,-17.15477369148305
Netherlands,linear,1973,-20.5,1973,-15.159308551352327,-38.00574351145988,-23.30597000350984,-8.146661452157517,-15.159308551352327,-15.159308551352327
Netherlands,linear,1974,-16.666666666666668,1974,-13.163843411221603,-52.48022541661125,-24.63494259055154,-11.471099179329938,-13.163843411221603,-13.163843411221603
Netherlands,linear,1975,-52,1975,-11.168378271090878,-33.33423913036414,-24.66911131839655,-13.500733047305669,-11.168378271090878,-11.168378271090878
Netherlands,linear,1976,-75.5,1976,-9.172913130960154,-42.55000019015955,-23.17938063796735,-14.006467507007194,-9.172913130960154,-9.172913130960154
Netherlands,linear,1977,-24.166666666666668,1977,-7.17744799082943,-42.531752002279475,-20.108665616084195,-12.931217625254767,-7.17744799082943,-7.17744799082943
Netherlands,linear,1978,-31.833333333333332,1978,-5.181982850698706,-31.552851478591194,-15.578335414910951,-10.396352564212245,-5.181982850698706,-5.181982850698706
Netherlands,linear,1979,-22.333333333333332,1979,-3.18651771056798,-17.47968479329063,-9.874513710328209,-6.6879959997602265,-3.18651771056798,-3.18651771056798
Netherlands,linear,1980,5,1980,-1.1910525704372574,14.35011050981417,-3.4157823937367358,-2.224729823299478,-1.1910525704372574,-1.1910525704372574
Netherlands,linear,1981,39,1981,0.804412569693465,14.635169069540453,3.294065988084945,2.4896534183914794,0.804412569693465,0.804412569693465
Netherlands,linear,1982,15.333333333333334,1982,2.799877709824191,17.277265279175136,9.722893972140037,6.923016262315846,2.799877709824191,2.799877709824191
Netherlands,linear,1983,52.833333333333336,1983,4.795342849954917,18.098912961093014,15.370284359536527,10.574941509581608,4.795342849954917,4.795342849954917
Netherlands,linear,1984,-9.5,1984,6.790807990085639,2.9780537535846694,19.824024961212526,13.033216971126887,6.790807990085639,6.790807990085639
Netherlands,linear,1985,-6.5,1985,8.786273130216362,1.1597094958418195,22.806637175961924,14.020364045745561,8.786273130216362,8.786273130216362
Netherlands,linear,1986,-13,1986,10.781738270347088,-12.485460481464113,24.20669647315959,13.424958202812501,10.781738270347088,10.781738270347088
Netherlands,linear,1987,-20.5,1987,12.777203410477814,10.204969593741357,24.09140947103503,11.314206060557215,12.777203410477814,12.777203410477814
Netherlands,linear,1988,55.833333333333336,1988,14.77266855060854,28.193462073438987,22.699027968903565,7.9263594182950285,14.77266855060854,14.77266855060854
Netherlands,linear,1989,17.833333333333332,1989,16.76813369073926,10.764580125933136,20.41195620180762,3.643822511068361,16.76813369073926,16.76813369073926
Netherlands,linear,1990,54.333333333333336,1990,18.763598830869984,0.8142551357961807,17.713586844498124,-1.0500119863718584,18.763598830869984,18.763598830869984
Netherlands,linear,1991,-48,1991,20.75906397100071,-27.55120831495272,15.133737914124428,-5.625326056876283,20.75906397100071,20.75906397100071
Netherlands,linear,1992,-2.6666666666666665,1992,22.75452911113143,-5.094026589593863,13.188849398076844,-9.565679713054587,22.75452911113143,22.75452911113143
Netherlands,linear,1993,-5.166666666666667,1993,24.749994251262155,4.787165038143169,12.323689931065843,-12.426304320196312,24.749994251262155,24.749994251262155
Netherlands,linear,1994,35.333333333333336,1994,26.74545939139288,11.35251123689202,12.861153398248902,-13.884305993143979,26.74545939139288,26.74545939139288
Netherlands,linear,1995,39.833333333333336,1995,28.740924531523607,34.861190518764175,14.965812188316495,-13.775112343207113,28.740924531523607,28.740924531523607
Netherlands,linear,1996,-74,1996,30.736389671654333,-1.160537086784231,18.625341034341048,-12.111048637313285,30.736389671654333,30.736389671654333
Netherlands,linear,1997,-16.666666666666668,1997,32.731854811785055,15.902857273284734,23.65190823208421,-9.079946579700847,32.731854811785055,32.731854811785055
Netherlands,linear,1998,64.33333333333333,1998,34.727319951915774,27.340545360864716,29.703377201567,-5.02394275034877,34.727319951915774,34.727319951915774
Netherlands,linear,1999,58.666666666666664,1999,36.72278509204651,27.871730063238985,36.3219252590989,-0.40085983294760474,36.72278509204651,36.72278509204651
Netherlands,linear,2000,54,2000,38.718250232177226,32.25371240025132,42.9857204939573,4.267470261780081,38.718250232177226,38.718250232177226
Netherlands,linear,2001,61,2001,40.713715372307945,52.73872597991944,49.167823706318295,8.454108334010346,40.713715372307945,40.713715372307945
Netherlands,linear,2002,46.166666666666664,2002,42.70918051243868,64.80522539720253,54.395666832020126,11.686486319581444,42.70918051243868,42.70918051243868
Netherlands,linear,2003,32,2003,44.7046456525694,63.1928419110272,58.30439420861311,13.599748556043712,44.7046456525694,44.7046456525694
Netherlands,linear,2004,62.833333333333336,2004,46.70011079270013,49.34881969665387,60.67804577083254,13.977934978132406,46.70011079270013,46.70011079270013
Netherlands,linear,2005,45,2005,48.69557593283085,48.67351714828017,61.473933609598255,12.778357676767406,48.69557593283085,48.69557593283085
Netherlands,linear,2006,41.333333333333336,2006,50.69104107296158,40.212581856526754,60.82746038292331,10.136419309961733,50.69104107296158,50.69104107296158
Netherlands,linear,2007,94.83333333333331,2007,52.6865062130923,67.38782617049931,59.036835699113,6.350329486020706,52.6865062130923,52.6865062130923
Netherlands,linear,2008,66.33333333333333,2008,54.68197135322302,46.43461760305186,56.52941561521705,1.847444261994036,54.68197135322302,54.68197135322302
Netherlands,linear,2009,33.666666666666664,2009,56.67743649335375,41.511980545613504,53.81346469023215,-2.8639718031216015,56.67743649335375,56.67743649335375
Netherlands,linear,2010,25.333333333333332,2010,58.67290163348447,50.03675867360437,51.420785466183624,-7.2521161673008425,58.67290163348447,58.67290163348447
Netherlands,linear,2011,60.166666666666664,2011,60.66836677361519,49.772018918102084,49.84669109211045,-10.821675681504743,60.66836677361519,60.66836677361519
Netherlands,linear,2012,50.666666666666664,2012,62.66383191374592,50.61542334050633,49.49409669954173,-13.169735214204202,62.66383191374592,62.66383191374592
Netherlands,linear,2013,25.666666666666668,2013,64.65929705387664,51.91741983972309,50.62804023270874,-14.031256821167906,64.65929705387664,64.65929705387664
Netherlands,linear,2014,66.66666666666667,2014,66.65476219400736,69.28876378012036,53.345766208814155,-13.308995985193208,66.65476219400736,66.65476219400736
Netherlands,linear,2015,92.5,2015,68.6502273341381,71.2337026968007,57.565749213148706,-11.084478120989392,68.6502273341381,68.6502273341381
Netherlands,linear,2016,77,2016,70.64569247426881,97.97866308208194,63.03689610543041,-7.6087963688384,70.64569247426881,70.64569247426881
Netherlands,linear,2017,112.16666666666669,2017,72.64115761439955,91.37647851780528,69.36688823548727,-3.274269378912261,72.64115761439955,72.64115761439955
Netherlands,linear,2018,39.333333333333336,2018,74.63662275453026,79.44275290127561,76.06646453194244,1.4298417774121788,74.63662275453026,74.63662275453026
Netherlands,linear,2019,109.16666666666669,2019,76.63208789466098,100.69618836743999,82.60464699660423,5.97255910194324,76.63208789466098,76.63208789466098
Netherlands,linear,2020,114.66666666666669,2020,78.62755303479172,105.55317586311111,88.4686750098416,9.841121975049873,78.62755303479172,78.62755303479172
Netherlands,linear,2021,93.5,2021,80.62301817492244,108.03978124419798,93.22188334373378,12.598865168811345,80.62301817492244,80.62301817492244
Netherlands,linear,2022,106.33333333333331,2022,82.61848331505317,114.06812140041012,96.55299088440205,13.93450756934888,82.61848331505317,82.61848331505317
Netherlands,linear,2023,164.5,2023,84.61394845518389,138.54945938835127,98.31123658378226,13.69728812859838,84.61394845518389,84.61394845518389
Netherlands,linear,2024,170.83333333333334,2024,86.6094135953146,152.42162948280395,98.52339665944163,11.913983064127025,86.6094135953146,86.6094135953146
Netherlands,linear,2025,124.16666666666669,2025,88.60487873544534,145.61034138942537,97.390762220759,8.785883485313663,88.60487873544534,88.60487873544534
Netherlands,broken_linear,1891,-179,1891,-169.8204561378927,-179,-158.23398586150992,11.586470276382787,-169.8204561378927,-325.94241316881573
Netherlands,broken_linear,1892,-166.5,1892,-168.04749692656503,-166.5,-155.59050868349084,12.456988243074184,-168.04749692656503,-322.63884653561627
Netherlands,broken_linear,1893,-142.16666666666666,1893,-166.27453771523736,-142.16666666666666,-154.35311789692798,11.92141981830937,-166.27453771523736,-319.3352799024168
Netherlands,broken_linear,1894,-141.83333333333334,1894,-164.50157850390968,-141.83333333333334,-154.46136105063002,10.040217453279691,-164.50157850390968,-316.03171326921733
Netherlands,broken_linear,1895,-173,1895,-162.72861929258204,-173,-155.70289684721195,7.0257224453701,-162.72861929258204,-312.7281466360179
Netherlands,broken_linear,1896,-185,1896,-160.95566008125436,-185,-157.73746323255398,3.2181968487003694,-160.95566008125436,-309.42458000281846
Netherlands,broken_linear,1897,-179.33333333333334,1897,-159.1827008699267,-179.33333333333334,-160.13528458014594,-0.95258371021926,-159.1827008699267,-306.121013369619
Netherlands,broken_linear,1898,-138.33333333333334,1898,-157.40974165859902,-138.33333333333334,-162.4255827475336,-5.015841088934606,-157.40974165859902,-302.81744673641947
Netherlands,broken_linear,1899,-141,1899,-155.63678244727134,-141,-164.14971630440408,-8.512933857132726,-155.63678244727134,-299.51388010322
Netherlands,broken_linear,1900,-176.5,1900,-153.86382323594367,-176.5,-164.91294982554268,-11.049126589599013,-153.86382323594367,-296.21031347002054
Netherlands,broken_linear,1901,-196.83333333333337,1901,-152.090864024616,-196.83333333333337,-164.42900977374728,-12.338145749131273,-152.090864024616,-292.90674683682107
Netherlands,broken_linear,1902,-225.16666666666663,1902,-150.31790481328835,-225.16666666666663,-162.55239771366755,-12.23449290037919,-150.31790481328835,-289.60318020362166
Netherlands,broken_linear,1903,-113.83333333333331,1903,-148.54494560196065,-113.83333333333331,-159.29481349258768,-10.749867890627014,-148.54494560196065,-286.29961357042214
Netherlands,broken_linear,1904,-151.83333333333334,1904,-146.771986390633,-151.83333333333334,-154.82383461655454,-8.051848225921526,-146.771986390633,-282.99604693722273
Netherlands,broken_linear,1905,-176.66666666666666,1905,-144.99902717930533,-176.66666666666666,-149.44400088767736,-4.4449737083720136,-144.99902717930533,-279.69248030402326
Netherlands,broken_linear,1906,-139.83333333333334,1906,-143.22606796797766,-139.83333333333334,-143.5624393800012,-0.3363714120235324,-143.22606796797766,-276.3889136708238
Netherlands,broken_linear,1907,-162.66666666666666,1907,-141.45310875664998,-162.66666666666666,-137.64290984540776,3.8101989112422237,-141.45310875664998,-273.08534703762433
Netherlands,broken_linear,1908,-169.83333333333334,1908,-139.6801495453223,-169.83333333333334,-132.15345768853177,7.526691856790528,-139.6801495453223,-269.78178040442486
Netherlands,broken_linear,1909,-119.5,1909,-137.90719033399466,-119.5,-127.51358319730082,10.393607136693857,-137.90719033399466,-266.47821377122546
Netherlands,broken_linear,1910,-110.33333333333331,1910,-136.13423112266696,-110.33333333333331,-124.04689031850106,12.087340804165912,-136.13423112266696,-263.17464713802593
Netherlands,broken_linear,1911,-132.33333333333334,1911,-134.36127191133932,-132.33333333333334,-121.94455976243857,12.41671214890075,-134.36127191133932,-259.87108050482647
Netherlands,broken_linear,1912,-70.16666666666667,1912,-132.58831270001164,-70.16666666666667,-121.2437694212755,11.344543278736136,-132.58831270001164,-256.567513871627
Netherlands,broken_linear,1913,-98.83333333333331,1913,-130.81535348868397,-98.83333333333331,-121.82349790298167,8.991855585702297,-130.81535348868397,-253.26394723842753
Netherlands,broken_linear,1914,-86.5,1914,-129.0423942773563,-86.5,-123.4181848583,5.624209419056305,-129.0423942773563,-249.96038060522807
Netherlands,broken_linear,1915,-124.33333333333331,1915,-127.26943506602862,-124.33333333333331,-125.6477061871059,1.6217288789227196,-127.26943506602862,-246.6568139720286
Netherlands,broken_linear,1916,-73.33333333333333,1916,-125.49647585470095,-73.33333333333333,-128.06028066349373,-2.5638048087927903,-125.49647585470095,-243.35324733882914
Netherlands,broken_linear,1917,-127.83333333333331,1917,-123.72351664337329,-127.83333333333331,-130.18346488104447,-6.459948237671194,-123.72351664337329,-240.04968070562967
Netherlands,broken_linear,1918,-131.5,1918,-121.95055743204561,-131.5,-131.5774804480949,-9.626923016049265,-121.95055743204561,-236.7461140724302
Netherlands,broken_linear,1919,-153.66666666666666,1919,-120.17759822071794,-153.66666666666666,-131.88485410938696,-11.707255888669017,-120.17759822071794,-233.44254743923074
Netherlands,broken_linear,1920,-149.16666666666666,1920,-118.40463900939028,-149.16666666666666,-130.87076765005114,-12.466128640660859,-118.40463900939028,-230.13898080603127
Netherlands,broken_linear,1921,-119.33333333333331,1921,-116.6316797980626,-119.33333333333331,-128.4495630740613,-11.817883275998701,-116.6316797980626,-226.8354141728318
Netherlands,broken_linear,1922,-126.33333333333331,1922,-114.85872058673493,-126.33333333333331,-124.69441127696544,-9.835690690230498,-114.85872058673493,-223.53184753963234
Netherlands,broken_linear,1923,-104,1923,-113.08576137540726,-104,-119.82905285847416,-6.743291483066901,-113.08576137540726,-220.22828090643287
Netherlands,broken_linear,1924,-130,1924,-111.31280216407959,-130,-114.20254333323486,-2.8897411691552755,-111.31280216407959,-216.9247142732334
Netherlands,broken_linear,1925,-75.16666666666667,1925,-109.53984295275193,-75.16666666666667,-108.24985338191716,1.289989570834762,-109.53984295275193,-213.62114764003397
Netherlands,broken_linear,1926,-93,1926,-107.76688374142425,-93,-102.44277140142492,5.324112339999338,-107.76688374142425,-210.31758100683447
Netherlands,broken_linear,1927,-92.16666666666669,1927,-105.99392453009658,-92.16666666666669,-97.23665024402888,8.757274286067693,-105.99392453009658,-207.014014373635
Netherlands,broken_linear,1928,-79.33333333333333,1928,-104.22096531876892,-79.33333333333333,-93.0190091236703,11.201956195098617,-104.22096531876892,-203.71044774043557
Netherlands,broken_linear,1929,-131.83333333333334,1929,-102.44800610744124,-131.83333333333334,-90.06579226512103,12.382213842320214,-102.44800610744124,-200.4068811072361
Netherlands,broken_linear,1930,-83.33333333333333,1930,-100.67504689611357,-83.33333333333333,-88.51022161447172,12.164825281641843,-100.67504689611357,-197.10331447403664
Netherlands,broken_linear,1931,-74.83333333333333,1931,-98.9020876847859,-74.83333333333333,-88.32775937086207,10.57432831392384,-98.9020876847859,-193.79974784083717
Netherlands,broken_linear,1932,-90,1932,-97.12912847345822,-90,-89.33887769832378,7.790250775134439,-97.12912847345822,-190.4961812076377
Netherlands,broken_linear,1933,-135.66666666666666,1933,-95.35616926213056,-135.66666666666666,-91.22932298565784,4.126846276472721,-95.35616926213056,-187.19261457443824
Netherlands,broken_linear,1934,-121,1934,-93.58321005080289,-121,-93.58558731975918,-0.0023772689562937543,-93.58321005080289,-183.88904794123877
Netherlands,broken_linear,1935,-73.66666666666667,1935,-91.81025083947522,-73.66666666666667,-95.94158331889358,-4.131332479418356,-91.81025083947522,-180.5854813080393
Netherlands,broken_linear,1936,-59.333333333333336,1936,-90.03729162814756,-59.333333333333336,-97.83125388971902,-7.793962261571467,-90.03729162814756,-177.28191467483987
Netherlands,broken_linear,1937,-74.83333333333333,1937,-88.26433241681988,-74.83333333333333,-98.84117856549541,-10.57684614867554,-88.26433241681988,-173.9783480416404
Netherlands,broken_linear,1938,-61.166666666666664,1938,-86.49137320549221,-61.166666666666664,-98.65723846882594,-12.165865263333734,-86.49137320549221,-170.67478140844094
Netherlands,broken_linear,1939,-96.83333333333331,1939,-84.71841399416454,-96.83333333333331,-97.10007257686249,-12.38165858269795,-84.71841399416454,-167.37121477524144
Netherlands,broken_linear,1940,-89.5,1940,-82.94545478283686,-89.5,-94.14532315210025,-11.199868369263392,-82.94545478283686,-164.06764814204197
Netherlands,broken_linear,1941,-125,1941,-81.1724955715092,-125,-89.92638512951405,-8.75388955800484,-81.1724955715092,-160.76408150884254
Netherlands,broken_linear,1942,-109.5,1942,-79.39953636018153,-109.5,-84.71934912211478,-5.319812761933245,-79.39953636018153,-157.46051487564307
Netherlands,broken_linear,1943,-59.333333333333336,1943,-77.62657714885385,-59.333333333333336,-78.91183760782017,-1.2852604589663201,-77.62657714885385,-154.1569482424436
Netherlands,broken_linear,1944,-49.333333333333336,1944,-75.8536179375262,-49.333333333333336,-72.95925192266137,2.8943660148648203,-75.8536179375262,-150.85338160924414
Netherlands,broken_linear,1945,-57.666666666666664,1945,-74.08065872619852,-57.666666666666664,-67.3333686944674,6.74729003173112,-74.08065872619852,-147.54981497604467
Netherlands,broken_linear,1946,-68.5,1946,-72.30769951487085,-68.5,-62.46908791043566,9.83861160443519,-72.30769951487085,-144.2462483428452
Netherlands,broken_linear,1947,-129.16666666666666,1947,-70.53474030354317,-129.16666666666666,-58.71534344689139,11.819396856651792,-70.53474030354317,-140.94268170964574
Netherlands,broken_linear,1948,-56,1948,-68.7617810922155,-56,-56.29571705033638,12.466064041879113,-68.7617810922155,-137.63911507644627
Netherlands,broken_linear,1949,-42.166666666666664,1949,-66.98882188088784,-42.166666666666664,-55.28320147882798,11.705620402059854,-66.98882188088784,-134.3355484432468
Netherlands,broken_linear,1950,-43.166666666666664,1950,-65.21586266956017,-62.54912084757028,-55.591961421891824,9.623901247668334,-65.21586266956017,-131.03198181004734
Netherlands,broken_linear,1951,-58.5,1951,-63.44290345823249,-61.48365793437621,-56.98702218767567,6.455881270556818,-63.44290345823249,-127.72841517684788
Netherlands,broken_linear,1952,-34.166666666666664,1952,-61.66994424690483,-45.30428324546237,-59.11079254379199,2.5591517031128355,-61.66994424690483,-124.42484854364841
Netherlands,broken_linear,1953,-73.16666666666667,1953,-59.89698503557716,-44.453642685784104,-61.52342793800605,-1.6264429024288916,-59.89698503557716,-121.12128191044894
Netherlands,broken_linear,1954,-45.5,1954,-58.124025824249486,-68.78909606044571,-63.75247808778053,-5.628452263531045,-58.124025824249486,-117.81771527724948
Netherlands,broken_linear,1955,-36.333333333333336,1955,-56.35106661292181,-43.4009999547663,-65.34621495168818,-8.995148338766374,-56.35106661292181,-114.51414864405001
Netherlands,broken_linear,1956,-93.83333333333331,1956,-54.578107401594146,-79.81741263474376,-65.9246216714656,-11.34651426987146,-54.578107401594146,-111.21058201085054
Netherlands,broken_linear,1957,-60.833333333333336,1957,-52.80514819026648,-60.16293841909655,-65.22228709214129,-12.417138901874809,-52.80514819026648,-107.90701537765108
Netherlands,broken_linear,1958,-50.666666666666664,1958,-51.032188978938805,-54.02857006195428,-63.11836412804389,-12.086175149105085,-51.032188978938805,-104.60344874445161
Netherlands,broken_linear,1959,-93.16666666666669,1959,-49.25922976761113,-51.02800886275015,-59.65021041488391,-10.39098064727278,-49.25922976761113,-101.29988211125215
Netherlands,broken_linear,1960,-54.833333333333336,1960,-47.486270556283465,-47.78798428824263,-55.00917155509646,-7.522900998812991,-47.486270556283465,-97.99631547805268
Netherlands,broken_linear,1961,12.833333333333334,1961,-45.7133113449558,-9.225638369260645,-49.51898292392792,-3.8056715789721203,-45.7133113449558,-94.69274884485323
Netherlands,broken_linear,1962,-39.666666666666664,1962,-43.940352133628124,-47.439947414339926,-43.599227939068754,0.3411241945593684,-43.940352133628124,-91.38918221165376
Netherlands,broken_linear,1963,-97,1963,-42.16739292230045,-68.16997090394024,-37.71797745292203,4.449415469378419,-42.16739292230045,-88.08561557845428
Netherlands,broken_linear,1964,-76.5,1964,-40.394433710972784,-44.976503226239515,-32.33895611071836,8.05547760025442,-40.394433710972784,-84.78204894525483
Netherlands,broken_linear,1965,-21.833333333333332,1965,-38.62147449964512,-48.159422285803444,-27.869199288106365,10.752275211538748,-38.62147449964512,-81.47848231205538
Netherlands,broken_linear,1966,7.666666666666667,1966,-36.848515288317444,-9.42377016164826,-24.613108847538363,12.23540644077908,-36.848515288317444,-78.1749156788559
Netherlands,broken_linear,1967,35.166666666666664,1967,-35.07555607698977,-11.248424551972427,-22.73809368412494,12.337462392864829,-35.07555607698977,-74.87134904565643
Netherlands,broken_linear,1968,-29.333333333333332,1968,-33.3025968656621,-20.120315690629578,-22.255673394946452,11.046923470715651,-33.3025968656621,-71.56778241245698
Netherlands,broken_linear,1969,-43,1969,-31.529637654334433,-19.83512524722993,-23.020178000978273,8.50945965335616,-31.529637654334433,-68.26421577925751
Netherlands,broken_linear,1970,-9.833333333333334,1970,-29.756678443006763,-24.680848007844915,-24.74519049091871,5.011487952088052,-29.756678443006763,-64.96064914605805
Netherlands,broken_linear,1971,-60.166666666666664,1971,-27.983719231679093,-38.914485544536895,-27.03587622971169,0.9478430019673998,-27.983719231679093,-61.65708251285858
Netherlands,broken_linear,1972,-88.33333333333333,1972,-26.210760020351422,-43.5271196897431,-29.43355003980227,-3.222790019450849,-26.210760020351422,-58.35351587965911
Netherlands,broken_linear,1973,-20.5,1973,-24.437800809023752,-38.00574351145988,-31.467450432077342,-7.029649623053589,-24.437800809023752,-55.04994924645965
Netherlands,broken_linear,1974,-16.666666666666668,1974,-22.664841597696082,-52.48022541661125,-32.70787695419954,-10.043035356503463,-22.664841597696082,-51.74638261326018
Netherlands,broken_linear,1975,-52,1975,-20.891882386368412,-33.33423913036414,-32.81469276174599,-11.922810375377587,-20.891882386368412,-48.442815980060715
Netherlands,broken_linear,1976,-75.5,1976,-19.11892317504074,-42.55000019015955,-31.57571766946947,-12.45679449442872,-19.11892317504074,-45.13924934686125
Netherlands,broken_linear,1977,-24.166666666666668,1977,-17.34596396371307,-42.531752002279475,-28.930678055174866,-11.584714091461795,-17.34596396371307,-41.83568271366178
Netherlands,broken_linear,1978,-31.833333333333332,1978,-15.573004752385401,-31.552851478591194,-24.97801026342158,-9.405005511036181,-15.573004752385401,-38.532116080462316
Netherlands,broken_linear,1979,-22.333333333333332,1979,-13.800045541057731,-17.47968479329063,-19.963749572759458,-6.163704031701727,-13.800045541057731,-35.22854944726286
Netherlands,broken_linear,1980,5,1980,-12.02708632973006,14.35011050981417,-14.25375888774994,-2.2266725580198763,-12.02708632973006,-31.92498281406339
Netherlands,broken_linear,1981,39,1981,-10.25412711840239,14.635169069540453,-8.292431850729223,1.961695267673167,-10.25412711840239,-28.62141618086393
Netherlands,broken_linear,1982,15.333333333333334,1982,-8.48116790707472,17.277265279175136,-2.552531772314868,5.928636134759852,-8.48116790707472,-25.317849547664462
Netherlands,broken_linear,1983,52.833333333333336,1983,-6.70820869574705,18.098912961093014,2.518171673148011,9.22638036889506,-6.70820869574705,-22.014282914464996
Netherlands,broken_linear,1984,-9.5,1984,-4.93524948441938,2.9780537535846694,6.5474445877347875,11.482694072154167,-4.93524948441938,-18.710716281265533
Netherlands,broken_linear,1985,-6.5,1985,-3.1622902730917097,1.1597094958418195,9.280604866019825,12.442895139111535,-3.1622902730917097,-15.407149648066067
Netherlands,broken_linear,1986,-13,1986,-1.3893310617640395,-12.485460481464113,10.609269516306775,11.998600578070814,-1.3893310617640395,-12.103583014866603
Netherlands,broken_linear,1987,-20.5,1987,0.38362814956363067,10.204969593741357,10.583588424257183,10.199960274693552,0.38362814956363067,-8.800016381667138
Netherlands,broken_linear,1988,55.833333333333336,1988,2.156587360891301,28.193462073438987,9.40658366907303,7.249996308181725,2.156587360891301,-5.496449748467672
Netherlands,broken_linear,1989,17.833333333333332,1989,3.9295465722189675,10.764580125933136,7.411233343665676,3.481686771446709,3.9295465722189675,-2.192883115268211
Netherlands,broken_linear,1990,54.333333333333336,1990,5.702505783546641,0.8142551357961807,5.022886549680457,-0.6796192338661857,5.702505783546641,1.1106835179312569
Netherlands,broken_linear,1991,-48,1991,7.475464994874315,-27.55120831495272,2.711251986409785,-4.76421300846453,7.475464994874315,4.414250151130726
Netherlands,broken_linear,1992,-2.6666666666666665,1992,9.248424206201982,-5.094026589593863,0.9373794364351564,-8.311044769766825,9.248424206201982,7.7178167843301875
Netherlands,broken_linear,1993,-5.166666666666667,1993,11.021383417529648,4.787165038143169,0.10161862916440612,-10.919764788365242,11.021383417529648,11.021383417529648
Netherlands,broken_linear,1994,35.333333333333336,1994,14.324950050729116,11.35251123689202,2.0290370634715273,-12.295912987257587,12.794342628857322,14.324950050729116
Netherlands,broken_linear,1995,39.833333333333336,1995,17.628516683928584,34.861190518764175,5.344360470035878,-12.284156213892706,14.567301840184996,17.628516683928584
Netherlands,broken_linear,1996,-74,1996,20.932083317128047,-1.160537086784231,10.046261799436422,-10.885821517691626,16.340261051512663,20.932083317128047
Netherlands,broken_linear,1997,-16.666666666666668,1997,24.235649950327506,15.902857273284734,15.976903591392762,-8.258746358934745,18.11322026284033,24.235649950327506
Netherlands,broken_linear,1998,64.33333333333333,1998,27.539216583526976,27.340545360864716,22.839753926794018,-4.699462656732956,19.886179474168003,27.539216583526976
Netherlands,broken_linear,1999,58.666666666666664,1999,30.842783216726446,27.871730063238985,30.233057559561352,-0.6097256571650957,21.659138685495677,30.842783216726446
Netherlands,broken_linear,2000,54,2000,34.146349849925905,32.25371240025132,37.69518416400787,3.5488343140819683,23.432097896823343,34.146349849925905
Netherlands,broken_linear,2001,61,2001,37.449916483125364,52.73872597991944,44.75673500028364,7.306818517158282,25.20505710815101,37.449916483125364
Netherlands,broken_linear,2002,46.166666666666664,2002,40.75348311632484,64.80522539720253,50.99352644196593,10.240043325641095,26.978016319478684,40.75348311632484
Netherlands,broken_linear,2003,32,2003,44.0570497495243,63.1928419110272,56.074469833770564,12.017420084246265,28.750975530806357,44.0570497495243
Netherlands,broken_linear,2004,62.833333333333336,2004,47.36061638272376,49.34881969665387,59.798943225672474,12.438326842948713,30.523934742134024,47.36061638272376
Netherlands,broken_linear,2005,45,2005,50.66418301592323,48.67351714828017,62.1194366374152,11.45525362149197,32.29689395346169,50.66418301592323
Netherlands,broken_linear,2006,41.333333333333336,2006,53.967749649122695,40.212581856526754,63.14691476219124,9.179165113068546,34.069853164789365,53.967749649122695
Netherlands,broken_linear,2007,94.83333333333331,2007,57.27131628232216,67.38782617049931,63.13829179266054,5.866975510338376,35.84281237611704,57.27131628232216
Netherlands,broken_linear,2008,66.33333333333333,2008,60.57488291552161,46.43461760305186,62.46743215218491,1.8925492366632963,37.6157715874447,60.57488291552161
Netherlands,broken_linear,2009,33.666666666666664,2009,63.878449548721086,41.511980545613504,61.5829504326877,-2.2954991160333806,39.38873079877237,63.878449548721086
Netherlands,broken_linear,2010,25.333333333333332,2010,67.18201618192056,50.03675867360437,60.95757388417344,-6.224442297747132,41.161690010100045,67.18201618192056
Netherlands,broken_linear,2011,60.166666666666664,2011,70.48558281512003,49.772018918102084,61.0347831805268,-9.450799634593219,42.93464922142772,70.48558281512003
Netherlands,broken_linear,2012,50.666666666666664,2012,73.78914944831949,50.61542334050633,62.17875440161498,-11.610395046704504,44.70760843275539,73.78914944831949
Netherlands,broken_linear,2013,25.666666666666668,2013,77.09271608151894,51.91741983972309,64.63325254590855,-12.459463535610391,46.48056764408305,77.09271608151894
Netherlands,broken_linear,2014,66.66666666666667,2014,80.39628271471841,69.28876378012036,68.49411648106708,-11.902166233651332,48.253526855410726,80.39628271471841
Netherlands,broken_linear,2015,92.5,2015,83.69984934791788,71.2337026968007,73.69844110218165,-10.001408245736226,50.0264860667384,83.69984934791788
Netherlands,broken_linear,2016,77,2016,87.00341598111734,97.97866308208194,80.03167776490035,-6.971738216217002,51.79944527806606,87.00341598111734
Netherlands,broken_linear,2017,112.16666666666669,2017,90.30698261431681,91.37647851780528,87.15185152985705,-3.155131084459743,53.57240448939373,90.30698261431681
Netherlands,broken_linear,2018,39.333333333333336,2018,93.61054924751627,79.44275290127561,94.62816168946645,1.0176124419501775,55.34536370072141,93.61054924751627
Netherlands,broken_linear,2019,109.16666666666669,2019,96.91411588071574,100.69618836743999,101.9896085307133,5.075492649997559,57.11832291204908,96.91411588071574
Netherlands,broken_linear,2020,114.66666666666669,2020,100.21768251391521,105.55317586311111,108.77815757308285,8.560475059167647,58.891282123376754,100.21768251391521
Netherlands,broken_linear,2021,93.5,2021,103.52124914711467,108.03978124419798,114.60044035187236,11.079191204757695,60.664241334704414,103.52124914711467
Netherlands,broken_linear,2022,106.33333333333331,2022,106.82481578031414,114.06812140041012,119.1721560050156,12.347340224701455,62.43720054603209,106.82481578031414
Netherlands,broken_linear,2023,164.5,2023,110.1283824135136,138.54945938835127,122.35016182060758,12.22177940709397,64.21015975735976,110.1283824135136
Netherlands,broken_linear,2024,170.83333333333334,2024,113.43194904671306,152.42162948280395,124.14863051467673,10.71668146796365,65.98311896868742,113.43194904671306
Netherlands,broken_linear,2025,124.16666666666669,2025,116.73551567991252,145.61034138942537,124.73745048149007,8.001934801577548,67.7560781800151,116.73551567991252
Netherlands,broken_squared,1891,-179,1891,-167.68210971776148,-179,-155.7728636594939,11.909246058267557,-167.68210971776148,-107.03392404432276
Netherlands,broken_squared,1892,-166.5,1892,-165.98370988326985,-166.5,-153.27446050315208,12.709249380117766,-165.98370988326985,-107.0807040958343
Netherlands,broken_squared,1893,-142.16666666666666,1893,-164.2853100487782,-142.16666666666666,-152.2106177919437,12.074692256834508,-164.2853100487782,-107.10200706871805
Netherlands,broken_squared,1894,-141.83333333333334,1894,-162.58691021428658,-141.83333333333334,-152.50970969478988,10.077200519496692,-162.58691021428658,-107.09783296297402
Netherlands,broken_squared,1895,-173,1895,-160.88851037979492,-173,-153.9462687155261,6.942241664268844,-160.88851037979492,-107.0681817786022
Netherlands,broken_squared,1896,-185,1896,-159.19011054530327,-185,-156.1664354060982,3.023675139205089,-159.19011054530327,-107.01305351560258
Netherlands,broken_squared,1897,-179.33333333333334,1897,-157.49171071081165,-179.33333333333334,-158.72790036094258,-1.2361896501309317,-157.49171071081165,-106.93244817397522
Netherlands,broken_squared,1898,-138.33333333333334,1898,-155.79331087632,-138.33333333333334,-161.14983002761045,-5.35651915129045,-155.79331087632,-106.82636575372004
Netherlands,broken_squared,1899,-141,1899,-154.09491104182837,-141,-162.96714094235878,-8.872229900530423,-154.09491104182837,-106.69480625483709
Netherlands,broken_squared,1900,-176.5,1900,-152.39651120733672,-176.5,-163.7829961696184,-11.38648496228169,-152.39651120733672,-106.53776967732634
Netherlands,broken_squared,1901,-196.83333333333337,1901,-150.69811137284506,-196.83333333333337,-163.3135983935378,-12.615487020692736,-150.69811137284506,-106.35525602118781
Netherlands,broken_squared,1902,-225.16666666666663,1902,-148.99971153835344,-225.16666666666663,-161.42022362757362,-12.420512089220171,-148.99971153835344,-106.14726528642151
Netherlands,broken_squared,1903,-113.83333333333331,1903,-147.30131170386178,-113.83333333333331,-158.1248797272739,-10.823568023412129,-147.30131170386178,-105.91379747302742
Netherlands,broken_squared,1904,-151.83333333333334,1904,-145.60291186937013,-151.83333333333334,-153.6078222467931,-8.004910377422982,-145.60291186937013,-105.65485258100554
Netherlands,broken_squared,1905,-176.66666666666666,1905,-143.9045120348785,-176.66666666666666,-148.18720803759996,-4.282696002721435,-143.9045120348785,-105.3704306103559
Netherlands,broken_squared,1906,-139.83333333333334,1906,-142.20611220038685,-139.83333333333334,-142.28318319570278,-0.0770709953159141,-142.20611220038685,-105.06053156107845
Netherlands,broken_squared,1907,-162.66666666666666,1907,-140.50771236589523,-162.66666666666666,-136.3704589414296,4.137253424465624,-140.50771236589523,-104.72515543317326
Netherlands,broken_squared,1908,-169.83333333333334,1908,-138.80931253140358,-169.83333333333334,-130.9247284439644,7.884584087439169,-138.80931253140358,-104.36430222664023
Netherlands,broken_squared,1909,-119.5,1909,-137.11091269691192,-119.5,-126.36897280810388,10.741939888808053,-137.11091269691192,-103.97797194147944
Netherlands,broken_squared,1910,-110.33333333333331,1910,-135.4125128624203,-110.33333333333331,-123.02571695154525,12.386795910875065,-135.4125128624203,-103.56616457769087
Netherlands,broken_squared,1911,-132.33333333333334,1911,-133.71411302792865,-132.33333333333334,-121.08062450528843,12.633488522640226,-133.71411302792865,-103.1288801352745
Netherlands,broken_squared,1912,-70.16666666666667,1912,-132.015713193437,-70.16666666666667,-120.56154097400179,11.45417221943521,-132.015713193437,-102.66611861423036
Netherlands,broken_squared,1913,-98.83333333333331,1913,-130.31731335894537,-98.83333333333331,-121.33535066609107,8.981962692854296,-130.31731335894537,-102.17788001455844
Netherlands,broken_squared,1914,-86.5,1914,-128.61891352445372,-86.5,-123.12300216845989,5.49591135599383,-128.61891352445372,-101.66416433625872
Netherlands,broken_squared,1915,-124.33333333333331,1915,-126.92051368996209,-124.33333333333331,-125.53100636086265,1.3895073290994486,-126.92051368996209,-101.12497157933126
Netherlands,broken_squared,1916,-73.33333333333333,1916,-125.22211385547044,-73.33333333333333,-128.09585162176063,-2.873737766290176,-125.22211385547044,-100.56030174377597
Netherlands,broken_squared,1917,-127.83333333333331,1917,-123.52371402097879,-127.83333333333331,-130.33632284561625,-6.812608824637464,-123.52371402097879,-99.9701548295929
Netherlands,broken_squared,1918,-131.5,1918,-121.82531418648716,-131.5,-131.80781874640672,-9.98250455991957,-121.82531418648716,-99.35453083678208
Netherlands,broken_squared,1919,-153.66666666666666,1919,-120.12691435199551,-153.66666666666666,-132.15253636496223,-12.025622012966725,-120.12691435199551,-98.71342976534345
Netherlands,broken_squared,1920,-149.16666666666666,1920,-118.42851451750386,-149.16666666666666,-131.13985818838,-12.711343670876158,-118.42851451750386,-98.04685161527702
Netherlands,broken_squared,1921,-119.33333333333331,1921,-116.73011468301223,-119.33333333333331,-128.69238317294884,-11.962268489936607,-116.73011468301223,-97.35479638658285
Netherlands,broken_squared,1922,-126.33333333333331,1922,-115.03171484852058,-126.33333333333331,-124.89466341083927,-9.862948562318689,-115.03171484852058,-96.63726407926086
Netherlands,broken_squared,1923,-104,1923,-113.33331501402895,-104,-119.98366028661215,-6.650345272583192,-113.33331501402895,-95.89425469331113
Netherlands,broken_squared,1924,-130,1924,-111.6349151795373,-130,-114.32199738782325,-2.687082208285937,-111.6349151795373,-95.12576822873356
Netherlands,broken_squared,1925,-75.16666666666667,1925,-109.93651534504565,-75.16666666666667,-108.35702925569309,1.5794860893525549,-109.93651534504565,-94.33180468552823
Netherlands,broken_squared,1926,-93,1926,-108.23811551055402,-93,-102.57034610323832,5.667769407315704,-108.23811551055402,-93.51236406369514
Netherlands,broken_squared,1927,-92.16666666666669,1927,-106.53971567606237,-92.16666666666669,-97.42341417138613,9.116301504676239,-106.53971567606237,-92.66744636323423
Netherlands,broken_squared,1928,-79.33333333333333,1928,-104.84131584157072,-79.33333333333333,-93.30548758464722,11.535828256923493,-104.84131584157072,-91.79705158414555
Netherlands,broken_squared,1929,-131.83333333333334,1929,-103.1429160070791,-131.83333333333334,-90.48967117171011,12.653244835368975,-103.1429160070791,-90.9011797264291
Netherlands,broken_squared,1930,-83.33333333333333,1930,-101.44451617258744,-83.33333333333333,-89.1020936736381,12.342422498949338,-101.44451617258744,-89.97983079008485
Netherlands,broken_squared,1931,-74.83333333333333,1931,-99.74611633809582,-74.83333333333333,-89.10767092330575,10.63844541479007,-99.74611633809582,-89.03300477511284
Netherlands,broken_squared,1932,-90,1932,-98.04771650360416,-90,-90.31406598158793,7.73365052201623,-98.04771650360416,-88.06070168151302
Netherlands,broken_squared,1933,-135.66666666666666,1933,-96.34931666911251,-135.66666666666666,-92.3933992287081,3.9559174404044164,-96.34931666911251,-87.06292150928542
Netherlands,broken_squared,1934,-121,1934,-94.65091683462089,-121,-94.91925787748544,-0.2683410428645523,-94.65091683462089,-86.03966425843005
Netherlands,broken_squared,1935,-73.66666666666667,1935,-92.95251700012923,-73.66666666666667,-97.41482744825458,-4.462310448125355,-92.95251700012923,-84.99092992894688
Netherlands,broken_squared,1936,-59.333333333333336,1936,-91.2541171656376,-59.333333333333336,-99.40671235037598,-8.152595184738399,-91.2541171656376,-83.91671852083593
Netherlands,broken_squared,1937,-74.83333333333333,1937,-89.55571733114596,-74.83333333333333,-100.47837055559214,-10.922653224446181,-89.55571733114596,-82.81703003409721
Netherlands,broken_squared,1938,-61.166666666666664,1938,-87.8573174966543,-61.166666666666664,-100.31713090798836,-12.459813411334046,-87.8573174966543,-81.69186446873069
Netherlands,broken_squared,1939,-96.83333333333331,1939,-86.15891766216268,-96.83333333333331,-98.74948597718938,-12.590568315026694,-86.15891766216268,-80.54122182473641
Netherlands,broken_squared,1940,-89.5,1940,-84.46051782767103,-89.5,-95.7606767630973,-11.300158935426277,-84.46051782767103,-79.36510210211432
Netherlands,broken_squared,1941,-125,1941,-82.76211799317937,-125,-91.49635862258164,-8.734240629402258,-82.76211799317937,-78.16350530086444
Netherlands,broken_squared,1942,-109.5,1942,-81.06371815868775,-109.5,-86.24616037613151,-5.1824422174437546,-81.06371815868775,-76.93643142098682
Netherlands,broken_squared,1943,-59.333333333333336,1943,-79.3653183241961,-59.333333333333336,-80.41099236538003,-1.0456740411839247,-79.3653183241961,-75.68388046248137
Netherlands,broken_squared,1944,-49.333333333333336,1944,-77.66691848970446,-49.333333333333336,-74.45779357459429,3.2091249151101713,-77.66691848970446,-74.40585242534816
Netherlands,broken_squared,1945,-57.666666666666664,1945,-75.96851865521282,-57.666666666666664,-68.8668257487553,7.101692906457508,-75.96851865521282,-73.10234730958717
Netherlands,broken_squared,1946,-68.5,1946,-74.27011882072117,-68.5,-64.07746370091189,10.192655119809274,-74.27011882072117,-71.77336511519837
Netherlands,broken_squared,1947,-129.16666666666666,1947,-72.57171898622954,-129.16666666666666,-60.43860074459154,12.133118241637995,-72.57171898622954,-70.41890584218183
Netherlands,broken_squared,1948,-56,1948,-70.87331915173789,-56,-58.169267253387375,12.704051898350514,-70.87331915173789,-69.03896949053747
Netherlands,broken_squared,1949,-42.166666666666664,1949,-69.17491931724624,-42.166666666666664,-57.33390753995853,11.841011777287706,-69.17491931724624,-67.63355606026533
Netherlands,broken_squared,1950,-43.166666666666664,1950,-67.47651948275461,-62.54912084757028,-57.8351056843549,9.6414137983997,-67.47651948275461,-66.20266555136543
Netherlands,broken_squared,1951,-58.5,1951,-65.77811964826296,-61.48365793437621,-59.42458138603844,6.353538262224519,-65.77811964826296,-64.74629796383772
Netherlands,broken_squared,1952,-34.166666666666664,1952,-64.07971981377132,-45.30428324546237,-61.73121467941171,2.348505134359621,-64.07971981377132,-63.264453297682245
Netherlands,broken_squared,1953,-73.16666666666667,1953,-62.38131997927968,-44.453642685784104,-64.30293621444112,-1.9216162351614345,-62.38131997927968,-61.75713155289898
Netherlands,broken_squared,1954,-45.5,1954,-60.682920144788035,-68.78909606044571,-66.65775472402504,-5.974834579237001,-60.682920144788035,-60.224332729487934
Netherlands,broken_squared,1955,-36.333333333333336,1955,-58.98452031029639,-43.4009999547663,-68.33816193698291,-9.353641626686521,-58.98452031029639,-58.6660568274491
Netherlands,broken_squared,1956,-93.83333333333331,1956,-57.28612047580475,-79.81741263474376,-68.9627739653259,-11.676653489521136,-57.28612047580475,-57.08230384678248
Netherlands,broken_squared,1957,-60.833333333333336,1957,-55.58772064131311,-60.16293841909655,-68.26938012828695,-12.681659486973846,-55.58772064131311,-55.47307378748808
Netherlands,broken_squared,1958,-50.666666666666664,1958,-53.889320806821466,-54.02857006195428,-66.14454006381585,-12.255219256994392,-53.889320806821466,-53.8383666495659
Netherlands,broken_squared,1959,-93.16666666666669,1959,-52.19092097232982,-51.02800886275015,-62.636388344446765,-10.445467372116942,-52.19092097232982,-52.17818243301593
Netherlands,broken_squared,1960,-54.833333333333336,1960,-50.49252113783818,-47.78798428824263,-57.9492012725719,-7.456680134733715,-50.49252113783818,-50.49252113783818
Netherlands,broken_squared,1961,12.833333333333334,1961,-48.78138276403265,-9.225638369260645,-52.407600590467,-3.6262178264343508,-48.79412130334654,-48.78138276403265
Netherlands,broken_squared,1962,-39.666666666666664,1962,-47.04476731159933,-47.439947414339926,-46.43121237373063,0.6135549378686926,-47.0957214688549,-47.04476731159933
Netherlands,broken_squared,1963,-97,1963,-45.28267478053822,-68.16997090394024,-40.49860228128662,4.7840724992516,-45.39732163436325,-45.28267478053822
Netherlands,broken_squared,1964,-76.5,1964,-43.49510517084934,-44.976503226239515,-35.08051876966097,8.414586401188366,-43.69892179987161,-43.49510517084934
Netherlands,broken_squared,1965,-21.833333333333332,1965,-41.68205848253268,-48.159422285803444,-30.58675721570522,11.095301266827459,-42.000521965379974,-41.68205848253268
Netherlands,broken_squared,1966,7.666666666666667,1966,-39.84353471558823,-9.42377016164826,-27.31990413699475,12.523630578593478,-40.30212213088833,-39.84353471558823
Netherlands,broken_squared,1967,35.166666666666664,1967,-37.979533870015985,-11.248424551972427,-25.441182645296472,12.538351224719513,-38.60372229639668,-37.979533870015985
Netherlands,broken_squared,1968,-29.333333333333332,1968,-36.09005594581597,-20.120315690629578,-24.952254338083833,11.137801607732136,-36.905322461905044,-36.09005594581597
Netherlands,broken_squared,1969,-43,1969,-34.17510094298817,-19.83512524722993,-25.695031745209295,8.480069197778878,-35.206922627413405,-34.17510094298817
Netherlands,broken_squared,1970,-9.833333333333334,1970,-32.23466886153258,-24.680848007844915,-27.36952250087407,4.865146360658516,-33.50852279292176,-32.23466886153258
Netherlands,broken_squared,1971,-60.166666666666664,1971,-30.268759701449213,-38.914485544536895,-29.56769107447829,0.7010686269709234,-31.810122958430117,-30.268759701449213
Netherlands,broken_squared,1972,-88.33333333333333,1972,-28.27737346273806,-43.5271196897431,-31.819515907034045,-3.542142444295981,-30.111723123938475,-28.27737346273806
Netherlands,broken_squared,1973,-20.5,1973,-26.260510145399124,-38.00574351145988,-33.646043239658084,-7.385533094258957,-28.413323289446833,-26.260510145399124
Netherlands,broken_squared,1974,-16.666666666666668,1974,-24.218169749432406,-52.48022541661125,-34.61344916688373,-10.395279417451329,-26.71492345495519,-24.218169749432406
Netherlands,broken_squared,1975,-52,1975,-22.1503522748379,-33.33423913036414,-34.38200764384385,-12.23165536900595,-25.01652362046355,-22.1503522748379
Netherlands,broken_squared,1976,-75.5,1976,-20.057057721615614,-42.55000019015955,-32.74443716840537,-12.687379446789752,-23.318123785971906,-20.057057721615614
Netherlands,broken_squared,1977,-24.166666666666668,1977,-17.93828608976554,-42.531752002279475,-29.649297744677853,-11.711011654912316,-21.619723951480264,-17.93828608976554
Netherlands,broken_squared,1978,-31.833333333333332,1978,-15.794037379287689,-31.552851478591194,-25.20679718842115,-9.412759809133462,-19.92132411698862,-15.794037379287689
Netherlands,broken_squared,1979,-22.333333333333332,1979,-13.62431159018205,-17.47968479329063,-19.67635138583755,-6.052039795655498,-18.22292428249698,-13.62431159018205
Netherlands,broken_squared,1980,5,1980,-11.429108722448628,14.35011050981417,-13.437302645375725,-2.0081939229270995,-16.524524448005337,-11.429108722448628
Netherlands,broken_squared,1981,39,1981,-9.208428776087423,14.635169069540453,-6.946101317621128,2.2623274584662934,-14.826124613513695,-9.208428776087423
Netherlands,broken_squared,1982,15.333333333333334,1982,-6.962271751098436,17.277265279175136,-0.6847838211389041,6.277487929959532,-13.127724779022053,-6.962271751098436
Netherlands,broken_squared,1983,52.833333333333336,1983,-4.690637647481664,18.098912961093014,4.893437367000608,9.584075014482274,-11.42932494453041,-4.690637647481664
Netherlands,broken_squared,1984,-9.5,1984,-2.393526465237108,2.9780537535846694,9.415330209406896,11.808856674644005,-9.730925110038768,-2.393526465237108
Netherlands,broken_squared,1985,-6.5,1985,-0.0709382043647695,1.1597094958418195,12.629771789747926,12.700709994112696,-8.032525275547126,-0.0709382043647695
Netherlands,broken_squared,1986,-13,1986,2.2771271351353537,-12.485460481464113,14.436093889413373,12.158966754278019,-6.334125441055484,2.2771271351353537
Netherlands,broken_squared,1987,-20.5,1987,4.650669553263258,10.204969593741357,14.895445943750774,10.244776390487516,-4.635725606563842,4.650669553263258
Netherlands,broken_squared,1988,55.833333333333336,1988,7.049689050018948,28.193462073438987,14.223892780683443,7.174203730664496,-2.9373257720721995,7.049689050018948
Netherlands,broken_squared,1989,17.833333333333332,1989,9.474185625402425,10.764580125933136,12.768026236593254,3.29384061119083,-1.2389259375805537,9.474185625402425
Netherlands,broken_squared,1990,54.333333333333336,1990,11.92415927941368,0.8142551357961807,10.965843495850507,-0.9583157835631733,0.459473896911085,11.92415927941368
Netherlands,broken_squared,1991,-48,1991,14.399610012052714,-27.55120831495272,9.297308023487064,-5.102301988565651,2.1578737314027236,14.399610012052714
Netherlands,broken_squared,1992,-2.6666666666666665,1992,16.900537823319542,-5.094026589593863,8.23017354099144,-8.670364282328102,3.8562735658943694,16.900537823319542
Netherlands,broken_squared,1993,-5.166666666666667,1993,19.426942713214153,4.787165038143169,8.167186180673427,-11.259756532540724,5.554673400386015,19.426942713214153
Netherlands,broken_squared,1994,35.333333333333336,1994,21.97882468173654,11.35251123689202,9.400624391715219,-12.578200290021321,7.253073234877654,21.97882468173654
Netherlands,broken_squared,1995,39.833333333333336,1995,24.55618372888671,34.861190518764175,12.079307920039309,-12.476875808847403,8.951473069369293,24.55618372888671
Netherlands,broken_squared,1996,-74,1996,27.15901985466467,-1.160537086784231,16.19179973357022,-10.967220121094453,10.649872903860938,27.15901985466467
Netherlands,broken_squared,1997,-16.666666666666668,1997,29.787333059070416,15.902857273284734,21.567696980758797,-8.21963607831162,12.348272738352584,29.787333059070416
Netherlands,broken_squared,1998,64.33333333333333,1998,32.441123342103936,27.340545360864716,27.896865265027508,-4.544258077076425,14.046672572844223,32.441123342103936
Netherlands,broken_squared,1999,58.666666666666664,1999,35.120390703765246,27.871730063238985,34.76444516047403,-0.3559455432912104,15.745072407335861,35.120390703765246
Netherlands,broken_squared,2000,54,2000,37.82513514405434,32.25371240025132,41.697679597571906,3.8725444535175604,17.443472241827507,37.82513514405434
Netherlands,broken_squared,2001,61,2001,40.55535666297122,52.73872597991944,48.21927646325944,7.663919800288223,19.141872076319153,40.55535666297122
Netherlands,broken_squared,2002,46.166666666666664,2002,43.31105526051587,64.80522539720253,53.90128309546679,10.590227834950912,20.84027191081079,43.31105526051587
Netherlands,broken_squared,2003,32,2003,46.09223093668832,63.1928419110272,58.413391571888866,12.321160635200561,22.53867174530243,46.09223093668832
Netherlands,broken_squared,2004,62.833333333333336,2004,48.89888369148854,49.34881969665387,61.56022231862997,12.661338627141433,24.237071579794076,48.89888369148854
Netherlands,broken_squared,2005,45,2005,51.731013524916555,48.67351714828017,63.303377639890144,11.572364114973592,25.935471414285722,51.731013524916555
Netherlands,broken_squared,2006,41.333333333333336,2006,54.58862043697235,40.212581856526754,63.76577586972602,9.177155432753679,27.63387124877736,54.58862043697235
Netherlands,broken_squared,2007,94.83333333333331,2007,57.47170442765592,67.38782617049931,63.21777692716856,5.746072499512637,29.332271083269,57.47170442765592
Netherlands,broken_squared,2008,66.33333333333333,2008,60.3802654969673,46.43461760305186,62.04666535694473,1.6663998599774423,31.030670917760652,60.3802654969673
Netherlands,broken_squared,2009,33.666666666666664,2009,63.31430364490643,41.511980545613504,60.71293546699736,-2.6013681779090767,32.72907075225229,63.31430364490643
Netherlands,broken_squared,2010,25.333333333333332,2010,66.27381887147335,50.03675867360437,59.698312891393726,-6.575505980079628,34.42747058674393,66.27381887147335
Netherlands,broken_squared,2011,60.166666666666664,2011,69.25881117666806,49.772018918102084,59.45137966074715,-9.807431515920916,36.12587042123557,69.25881117666806
Netherlands,broken_squared,2012,50.666666666666664,2012,72.26928056049056,50.61542334050633,60.33694036710436,-11.93234019338619,37.82427025572721,72.26928056049056
Netherlands,broken_squared,2013,25.666666666666668,2013,75.30522702294084,51.91741983972309,62.594844733060455,-12.710382289880384,39.52267009021886,75.30522702294084
Netherlands,broken_squared,2014,66.66666666666667,2014,78.3666505640189,69.28876378012036,66.31291450031678,-12.053736063702129,41.2210699247105,78.3666505640189
Netherlands,broken_squared,2015,92.5,2015,81.45355118372474,71.2337026968007,71.41703052348976,-10.036520660234991,42.91946975920214,81.45355118372474
Netherlands,broken_squared,2016,77,2016,84.56592888205839,97.97866308208194,77.67949899151489,-6.886429890543497,44.61786959369379,84.56592888205839
Netherlands,broken_squared,2017,112.16666666666669,2017,87.70378365901979,91.37647851780528,84.74475243682411,-2.9590312221956685,46.31626942818543,87.70378365901979
Netherlands,broken_squared,2018,39.333333333333336,2018,90.86711551460898,79.44275290127561,92.16948452295546,1.3023690083464823,48.01466926267707,90.86711551460898
Netherlands,broken_squared,2019,109.16666666666669,2019,94.05592444882595,100.69618836743999,99.47268838406035,5.416763935234405,49.713069097168706,94.05592444882595
Netherlands,broken_squared,2020,114.66666666666669,2020,97.27021046167073,105.55317586311111,106.18995042329769,8.919739961626984,51.411468931660345,97.27021046167073
Netherlands,broken_squared,2021,93.5,2021,100.50997355314328,108.03978124419798,111.92587114086896,11.41589758772568,53.109868766152,100.50997355314328
Netherlands,broken_squared,2022,106.33333333333331,2022,103.7752137232436,114.06812140041012,116.39869597455571,12.623482251312103,54.808268600643636,103.7752137232436
Netherlands,broken_squared,2023,164.5,2023,107.06593097197171,138.54945938835127,119.47211843286357,12.40618746089186,56.506668435135275,107.06593097197171
Netherlands,broken_squared,2024,170.83333333333334,2024,110.38212529932761,152.42162948280395,121.17066573230609,10.788540432978488,58.20506826962693,110.38212529932761
Netherlands,broken_squared,2025,124.16666666666669,2025,113.7237967053113,145.61034138942537,121.67693028027298,7.95313357496169,59.903468104118566,113.7237967053113
Netherlands (without Delfzijl),linear,1891,-189.4,1891,-188.70164070290213,-189.4,-175.96916680184836,12.732473901053776,-188.70164070290213,-188.70164070290213
Netherlands (without Delfzijl),linear,1892,-174.4,1892,-186.69627848143426,-174.4,-172.93200974232576,13.764268739108513,-186.69627848143426,-186.69627848143426
Netherlands (without Delfzijl),linear,1893,-154,1893,-184.69091625996643,-154,-171.44849876360178,13.242417496364636,-184.69091625996643,-184.69091625996643
Netherlands (without Delfzijl),linear,1894,-147,1894,-182.68555403849857,-147,-171.45972974563801,11.225824292860535,-182.68555403849857,-182.68555403849857
Netherlands (without Delfzijl),linear,1895,-182,1895,-180.6801918170307,-182,-172.7380791083828,7.942112708647889,-180.6801918170307,-180.6801918170307
Netherlands (without Delfzijl),linear,1896,-197.6,1896,-178.67482959556284,-197.6,-174.91289689360121,3.761932701961626,-178.67482959556284,-178.67482959556284
Netherlands (without Delfzijl),linear,1897,-190.8,1897,-176.66946737409498,-190.8,-177.5123439932724,-0.8428766191774129,-176.66946737409498,-176.66946737409498
Netherlands (without Delfzijl),linear,1898,-153,1898,-174.66410515262712,-153,-180.01665113449002,-5.352545981862893,-174.66410515262712,-174.66410515262712
Netherlands (without Delfzijl),linear,1899,-151,1899,-172.65874293115928,-151,-181.91678799651314,-9.258045065353855,-172.65874293115928,-172.65874293115928
Netherlands (without Delfzijl),linear,1900,-189.4,1900,-170.65338070969142,-189.4,-182.77192016527744,-12.118539455586015,-170.65338070969142,-170.65338070969142
Netherlands (without Delfzijl),linear,1901,-210.2,1901,-168.64801848822356,-210.2,-182.25916845389935,-13.611149965675786,-168.64801848822356,-168.64801848822356
Netherlands (without Delfzijl),linear,1902,-238,1902,-166.6426562667557,-238,-180.21005399051765,-13.567397723761935,-166.6426562667557,-166.6426562667557
Netherlands (without Delfzijl),linear,1903,-129.4,1903,-164.63729404528783,-129.4,-176.62951532293775,-11.992221277649925,-164.63729404528783,-164.63729404528783
Netherlands (without Delfzijl),linear,1904,-155.4,1904,-162.63193182382,-155.4,-171.6953509785247,-9.063419154704686,-162.63193182382,-162.63193182382
Netherlands (without Delfzijl),linear,1905,-172.8,1905,-160.62656960235213,-172.8,-165.7381504005678,-5.111580798215673,-160.62656960235213,-160.62656960235213
Netherlands (without Delfzijl),linear,1906,-144.8,1906,-158.62120738088427,-144.8,-159.20397856286877,-0.5827711819844952,-158.62120738088427,-158.62120738088427
Netherlands (without Delfzijl),linear,1907,-169.2,1907,-156.6158451594164,-169.2,-152.60402624819312,4.011818911223276,-156.6158451594164,-156.6158451594164
Netherlands (without Delfzijl),linear,1908,-179.2,1908,-154.61048293794855,-179.2,-146.45690923094128,8.153573707007256,-154.61048293794855,-154.61048293794855
Netherlands (without Delfzijl),linear,1909,-128.2,1909,-152.60512071648068,-128.2,-141.23012936159776,11.374991354882903,-152.60512071648068,-152.60512071648068
Netherlands (without Delfzijl),linear,1910,-119.2,1910,-150.59975849501285,-119.2,-137.28730515111312,13.312453343899746,-150.59975849501285,-150.59975849501285
Netherlands (without Delfzijl),linear,1911,-148,1911,-148.594396273545,-148,-134.8471282192882,13.747268054256754,-148.594396273545,-148.594396273545
Netherlands (without Delfzijl),linear,1912,-87,1912,-146.58903405207712,-87,-133.95867841071387,12.630355641363254,-146.58903405207712,-146.58903405207712
Netherlands (without Delfzijl),linear,1913,-109.6,1913,-144.58367183060926,-109.6,-134.49588389216896,10.087787938440313,-144.58367183060926,-144.58367183060926
Netherlands (without Delfzijl),linear,1914,-95.8,1914,-142.5783096091414,-95.8,-136.17175154969397,6.406558059447422,-142.5783096091414,-142.5783096091414
Netherlands (without Delfzijl),linear,1915,-133.2,1915,-140.57294738767354,-133.2,-138.5707614248791,2.002185962794432,-140.57294738767354,-140.57294738767354
Netherlands (without Delfzijl),linear,1916,-86.2,1916,-138.5675851662057,-86.2,-141.19576865837564,-2.6281834921699625,-138.5675851662057,-138.5675851662057
Netherlands (without Delfzijl),linear,1917,-138.8,1917,-136.56222294473784,-138.8,-143.52411886928527,-6.961895924547441,-136.56222294473784,-136.56222294473784
Netherlands (without Delfzijl),linear,1918,-140.4,1918,-134.55686072326998,-140.4,-145.06664292966585,-10.509782206395878,-134.55686072326998,-134.55686072326998
Netherlands (without Delfzijl),linear,1919,-162,1919,-132.55149850180212,-162,-145.42287208077755,-12.871373578975412,-132.55149850180212,-132.55149850180212
Netherlands (without Delfzijl),linear,1920,-162,1920,-130.54613628033425,-162,-144.32624096778733,-13.780104687453084,-130.54613628033425,-130.54613628033425
Netherlands (without Delfzijl),linear,1921,-139.8,1921,-128.54077405886642,-139.8,-141.6741762864431,-13.133402227576692,-128.54077405886642,-128.54077405886642
Netherlands (without Delfzijl),linear,1922,-136.4,1922,-126.53541183739856,-136.4,-137.539674776439,-11.004262939040439,-126.53541183739856,-126.53541183739856
Netherlands (without Delfzijl),linear,1923,-114.4,1923,-124.5300496159307,-114.4,-132.16306369190002,-7.633014075969334,-124.5300496159307,-124.5300496159307
Netherlands (without Delfzijl),linear,1924,-138.6,1924,-122.52468739446284,-138.6,-125.92487378842131,-3.400186393958467,-122.52468739446284,-122.52468739446284
Netherlands (without Delfzijl),linear,1925,-89.2,1925,-120.51932517299498,-89.2,-119.3028867966201,1.2164383763748807,-120.51932517299498,-120.51932517299498
Netherlands (without Delfzijl),linear,1926,-108.2,1926,-118.51396295152713,-108.2,-112.81820566187598,5.695757289651152,-118.51396295152713,-118.51396295152713
Netherlands (without Delfzijl),linear,1927,-102,1927,-116.50860073005927,-102,-106.97643488858856,9.532165841470722,-116.50860073005927,-116.50860073005927
Netherlands (without Delfzijl),linear,1928,-89.2,1928,-114.50323850859141,-89.2,-102.2106102757422,12.292628232849212,-114.50323850859141,-114.50323850859141
Netherlands (without Delfzijl),linear,1929,-144.4,1929,-112.49787628712356,-144.4,-98.83231986748574,13.665556419637822,-112.49787628712356,-112.49787628712356
Netherlands (without Delfzijl),linear,1930,-90.6,1930,-110.4925140656557,-90.6,-96.99653335651061,13.495980709145092,-110.4925140656557,-110.4925140656557
Netherlands (without Delfzijl),linear,1931,-86.4,1931,-108.48715184418784,-86.4,-96.68410983217352,11.803042012014327,-108.48715184418784,-108.48715184418784
Netherlands (without Delfzijl),linear,1932,-101.2,1932,-106.48178962271999,-101.2,-97.70395831669106,8.777831306028926,-106.48178962271999,-106.48178962271999
Netherlands (without Delfzijl),linear,1933,-147,1933,-104.47642740125212,-147,-99.71460721821691,4.76182018303522,-104.47642740125212,-104.47642740125212
Netherlands (without Delfzijl),linear,1934,-133.8,1934,-102.47106517978426,-133.8,-102.26274804213018,0.20831713765408288,-102.47106517978426,-102.47106517978426
Netherlands (without Delfzijl),linear,1935,-85.6,1935,-100.46570295831641,-85.6,-104.83440272723098,-4.368699768914573,-100.46570295831641,-100.46570295831641
Netherlands (without Delfzijl),linear,1936,-68.2,1936,-98.46034073684855,-68.2,-106.91293907798288,-8.45259834113433,-98.46034073684855,-98.46034073684855
Netherlands (without Delfzijl),linear,1937,-79.4,1937,-96.4549785153807,-79.4,-108.03738578298739,-11.582407267606696,-96.4549785153807,-96.4549785153807
Netherlands (without Delfzijl),linear,1938,-72.4,1938,-94.44961629391284,-72.4,-107.85446469398761,-13.404848400074766,-94.44961629391284,-94.44961629391284
Netherlands (without Delfzijl),linear,1939,-102.6,1939,-92.44425407244498,-102.6,-106.15846720585435,-13.714213133409379,-92.44425407244498,-92.44425407244498
Netherlands (without Delfzijl),linear,1940,-98,1940,-90.43889185097713,-98,-102.91447367886012,-12.475581827882996,-90.43889185097713,-90.43889185097713
Netherlands (without Delfzijl),linear,1941,-130.2,1941,-88.43352962950927,-130.2,-98.26229500378747,-9.828765374278198,-88.43352962950927,-88.43352962950927
Netherlands (without Delfzijl),linear,1942,-115.8,1942,-86.4281674080414,-115.8,-92.50069140449426,-6.072523996452864,-86.4281674080414,-86.4281674080414
Netherlands (without Delfzijl),linear,1943,-69.2,1943,-84.42280518657356,-69.2,-86.05364978546541,-1.630844598891855,-84.42280518657356,-84.42280518657356
Netherlands (without Delfzijl),linear,1944,-63.4,1944,-82.41744296510569,-63.4,-79.42252607915059,2.9949168859551074,-82.41744296510569,-82.41744296510569
Netherlands (without Delfzijl),linear,1945,-73.6,1945,-80.41208074363783,-73.6,-73.12945454039921,7.282626203238625,-80.41208074363783,-80.41208074363783
Netherlands (without Delfzijl),linear,1946,-81.2,1946,-78.40671852216998,-81.2,-67.65841168134332,10.748306840826658,-78.40671852216998,-78.40671852216998
Netherlands (without Delfzijl),linear,1947,-133.8,1947,-76.40135630070212,-133.8,-63.40058727326288,13.000769027439244,-76.40135630070212,-76.40135630070212
Netherlands (without Delfzijl),linear,1948,-65.2,1948,-74.39599407923427,-65.2,-60.61022868045373,13.785765398780548,-74.39599407923427,-74.39599407923427
Netherlands (without Delfzijl),linear,1949,-53.2,1949,-72.39063185776641,-53.2,-59.37594261053628,13.014689247230121,-72.39063185776641,-72.39063185776641
Netherlands (without Delfzijl),linear,1950,-47.6,1950,-70.38526963629855,-65.25915478562763,-59.61069360499401,10.77457603130453,-70.38526963629855,-70.38526963629855
Netherlands (without Delfzijl),linear,1951,-60.8,1951,-68.3799074148307,-62.83108768472223,-61.061628193407586,7.318279221423111,-68.3799074148307,-68.3799074148307
Netherlands (without Delfzijl),linear,1952,-41.4,1952,-66.37454519336283,-50.62395648157055,-63.338615806944674,3.035929386418156,-66.37454519336283,-66.37454519336283
Netherlands (without Delfzijl),linear,1953,-82.4,1953,-64.36918297189497,-50.533835357600786,-65.95828488668914,-1.5891019147941519,-64.36918297189497,-64.36918297189497
Netherlands (without Delfzijl),linear,1954,-50.8,1954,-62.363820750427124,-71.85848212817916,-68.39858359749459,-6.034762847067464,-62.363820750427124,-62.363820750427124
Netherlands (without Delfzijl),linear,1955,-44.4,1955,-60.35845852895926,-48.51706088693487,-70.15770658995217,-9.799248060992907,-60.35845852895926,-60.35845852895926
Netherlands (without Delfzijl),linear,1956,-104.6,1956,-58.353096307491406,-87.68958475179932,-70.81073643403369,-12.457640126542273,-58.353096307491406,-58.353096307491406
Netherlands (without Delfzijl),linear,1957,-69,1957,-56.34773408602355,-65.8055376214871,-70.05760630511139,-13.709872219087838,-56.34773408602355,-56.34773408602355
Netherlands (without Delfzijl),linear,1958,-54.8,1958,-54.34237186455569,-57.60041222909293,-67.75697011937149,-13.414598254815816,-54.34237186455569,-54.34237186455569
Netherlands (without Delfzijl),linear,1959,-99.2,1959,-52.33700964308784,-55.440091366677095,-63.94215701663602,-11.60514737354818,-52.33700964308784,-52.33700964308784
Netherlands (without Delfzijl),linear,1960,-62.8,1960,-50.33164742161998,-57.30771127007761,-58.817409323421806,-8.485761901801819,-50.33164742161998,-50.33164742161998
Netherlands (without Delfzijl),linear,1961,-1.8,1961,-48.326285200152114,-21.706543835904778,-52.73482863731742,-4.408543437165312,-48.326285200152114,-48.326285200152114
Netherlands (without Delfzijl),linear,1962,-50.8,1962,-46.320922978684266,-54.86711958903327,-46.154632250516876,0.16629072816739043,-46.320922978684266,-46.320922978684266
Netherlands (without Delfzijl),linear,1963,-110.6,1963,-44.3155607572164,-80.4408228757673,-39.593205980966076,4.722354776250329,-44.3155607572164,-44.3155607572164
Netherlands (without Delfzijl),linear,1964,-89,1964,-42.31019853574855,-54.56934113800307,-33.56481696383507,8.745381571913478,-42.31019853574855,-42.31019853574855
Netherlands (without Delfzijl),linear,1965,-26.2,1965,-40.30483631428069,-51.293719083263696,-28.52356558996194,11.781270724318754,-40.30483631428069,-40.30483631428069
Netherlands (without Delfzijl),linear,1966,3.2,1966,-38.29947409281283,-14.124131057390052,-24.81212878412743,13.4873453086854,-38.29947409281283,-38.29947409281283
Netherlands (without Delfzijl),linear,1967,21.6,1967,-36.294111871344974,-20.92378909091733,-22.623080241439673,13.6710316299053,-36.294111871344974,-36.294111871344974
Netherlands (without Delfzijl),linear,1968,-42.6,1968,-34.28874964987712,-32.580761902047136,-21.97715361208153,12.311596037795585,-34.28874964987712,-34.28874964987712
Netherlands (without Delfzijl),linear,1969,-54,1969,-32.28338742840926,-31.08702919081983,-22.720902184148994,9.562485244260271,-32.28338742840926,-32.28338742840926
Netherlands (without Delfzijl),linear,1970,-24.2,1970,-30.278025206941404,-37.64756849032592,-24.544019228602266,5.734005978339138,-30.278025206941404,-30.278025206941404
Netherlands (without Delfzijl),linear,1971,-77.4,1971,-28.272662985473545,-53.25002703588004,-27.014363967049206,1.258299018424335,-28.272662985473545,-28.272662985473545
Netherlands (without Delfzijl),linear,1972,-94.6,1972,-26.26730076400569,-49.11909731238571,-29.626739595440434,-3.3594388314347388,-26.26730076400569,-26.26730076400569
Netherlands (without Delfzijl),linear,1973,-31.6,1973,-24.261938542537834,-44.30539492594159,-31.859917529201397,-7.59797898666356,-24.261938542537834,-24.261938542537834
Netherlands (without Delfzijl),linear,1974,-27,1974,-22.256576321069975,-62.009083104188754,-33.23547124053784,-10.978894919467868,-22.256576321069975,-22.256576321069975
Netherlands (without Delfzijl),linear,1975,-63.8,1975,-20.251214099602116,-42.35338215236901,-33.37177880037582,-13.120564700773704,-20.251214099602116,-20.251214099602116
Netherlands (without Delfzijl),linear,1976,-86.2,1976,-18.24585187813426,-50.87586667015274,-32.027098571352745,-13.78124669321849,-18.24585187813426,-18.24585187813426
Netherlands (without Delfzijl),linear,1977,-32,1977,-16.240489656666405,-49.122517329190615,-29.126855869722483,-12.88636621305608,-16.240489656666405,-16.240489656666405
Netherlands (without Delfzijl),linear,1978,-41.2,1978,-14.235127435198546,-39.572561666970635,-24.772060605792646,-10.5369331705941,-14.235127435198546,-14.235127435198546
Netherlands (without Delfzijl),linear,1979,-27,1979,-12.22976521373069,-22.324179134852272,-19.227905759132767,-6.99814054540208,-12.22976521373069,-12.22976521373069
Netherlands (without Delfzijl),linear,1980,-3,1980,-10.224402992262831,8.180133844750427,-12.89383363918184,-2.66943064691901,-10.224402992262831,-10.224402992262831
Netherlands (without Delfzijl),linear,1981,25.4,1981,-8.219040770794972,4.209913936709405,-6.258448711325228,1.9605920594697448,-8.219040770794972,-8.219040770794972
Netherlands (without Delfzijl),linear,1982,2.6,1982,-6.213678549327117,7.357145560545007,0.15563378289137653,6.3693123322184935,-6.213678549327117,-6.213678549327117
Netherlands (without Delfzijl),linear,1983,37.8,1983,-4.2083163278592615,7.718306395065596,5.850778182400703,10.059094510259964,-4.2083163278592615,-4.2083163278592615
Netherlands (without Delfzijl),linear,1984,-17.6,1984,-2.2029541063914024,-3.362401032123893,10.410499185399075,12.613453291790478,-2.2029541063914024,-2.2029541063914024
Netherlands (without Delfzijl),linear,1985,-17.2,1985,-0.1975918849235434,-6.578292311948131,13.546472756291172,13.744064641214715,-0.1975918849235434,-0.1975918849235434
Netherlands (without Delfzijl),linear,1986,-19.4,1986,1.807770336544312,-16.037026050523473,15.131080790168259,13.323310453623948,1.807770336544312,1.807770336544312
Netherlands (without Delfzijl),linear,1987,-29.2,1987,3.8131325580121676,3.1161619925998103,15.211816045775503,11.398683487763336,3.8131325580121676,3.8131325580121676
Netherlands (without Delfzijl),linear,1988,44.8,1988,5.818494779480023,19.7529759631767,14.005921385715016,8.187426606234991,5.818494779480023,5.818494779480023
Netherlands (without Delfzijl),linear,1989,6.4,1989,7.823857000947886,3.3656446515039082,11.875868421300822,4.052011420352937,7.823857000947886,7.823857000947886
Netherlands (without Delfzijl),linear,1990,40.4,1990,9.829219222415741,-7.915358337756402,9.288443417593655,-0.5407758048220872,9.829219222415741,9.829219222415741
Netherlands (without Delfzijl),linear,1991,-59.4,1991,11.834581443883597,-34.60977706440842,6.762058649708482,-5.0725227941751125,11.834581443883597,11.834581443883597
Netherlands (without Delfzijl),linear,1992,-14.6,1992,13.83994366535146,-13.993730609949052,4.80823645730835,-9.031707208043109,13.83994366535146,13.83994366535146
Netherlands (without Delfzijl),linear,1993,-17,1993,15.845305886819315,-4.2390259129125365,3.8738710026880216,-11.971434884131291,15.845305886819315,15.845305886819315
Netherlands (without Delfzijl),linear,1994,23.8,1994,17.85066810828717,2.379018783558685,4.29078495431904,-13.559883153968133,17.85066810828717,17.85066810828717
Netherlands (without Delfzijl),linear,1995,26.6,1995,19.856030329755026,24.79351851922993,6.2382749007641465,-13.617755428990879,19.856030329755026,19.856030329755026
Netherlands (without Delfzijl),linear,1996,-81.4,1996,21.86139255122288,-7.919431773899902,9.722873192922648,-12.138519358300233,21.86139255122288,21.86139255122288
Netherlands (without Delfzijl),linear,1997,-27.8,1997,23.866754772690744,8.169243808599806,14.577610602907075,-9.289144169783667,23.866754772690744,23.866754772690744
Netherlands (without Delfzijl),linear,1998,51,1998,25.8721169941586,16.191865813421806,20.48086302715823,-5.391253967000367,25.8721169941586,25.8721169941586
Netherlands (without Delfzijl),linear,1999,45.8,1999,27.877479215626455,17.450025082298325,26.99265490636941,-0.8848243092570467,27.877479215626455,27.877479215626455
Netherlands (without Delfzijl),linear,2000,41.4,2000,29.882841437094317,21.708927450433464,33.604321602494494,3.7214801654001786,29.882841437094317,29.882841437094317
Netherlands (without Delfzijl),linear,2001,48,2001,31.888203658562173,41.04028400276967,39.79592507671258,7.907721418150404,31.888203658562173,31.888203658562173
Netherlands (without Delfzijl),linear,2002,34.2,2002,33.893565880030025,54.15221480847925,45.094942055983154,11.20137617595313,33.893565880030025,33.893565880030025
Netherlands (without Delfzijl),linear,2003,21.2,2003,35.89892810149789,55.741388019918176,49.1296002432844,13.230672141786512,35.89892810149789,35.89892810149789
Netherlands (without Delfzijl),linear,2004,52.2,2004,37.904290322965736,41.53369509300177,51.67084223034736,13.76655190738163,37.904290322965736,37.904290322965736
Netherlands (without Delfzijl),linear,2005,37.8,2005,39.9096525444336,44.23434819393678,52.65818042328845,12.748527878854855,39.9096525444336,39.9096525444336
Netherlands (without Delfzijl),linear,2006,33.6,2006,41.91501476590145,35.20046879670941,52.20652459843202,10.29150983253057,41.91501476590145,41.91501476590145
Netherlands (without Delfzijl),linear,2007,82.8,2007,43.92037698736931,59.49093134991486,50.59321142585314,6.672834438483846,43.92037698736931,43.92037698736931
Netherlands (without Delfzijl),linear,2008,56.2,2008,45.92573920883717,39.38719904297447,48.22670000717267,2.300960798335487,45.92573920883717,45.92573920883717
Netherlands (without Delfzijl),linear,2009,24.2,2009,47.93110143030502,33.51255955512035,45.60046692843419,-2.330634501870832,47.93110143030502,47.93110143030502
Netherlands (without Delfzijl),linear,2010,17,2010,49.93646365177288,42.176235452271044,43.23730493819584,-6.69915871357704,49.93646365177288,49.93646365177288
Netherlands (without Delfzijl),linear,2011,47.8,2011,51.941825873240745,41.14350460539433,41.63031255473249,-10.311513318508252,51.941825873240745,51.941825873240745
Netherlands (without Delfzijl),linear,2012,39.6,2012,53.947188094708594,42.256462847154786,41.18723541864321,-12.759952676065387,53.947188094708594,53.947188094708594
Netherlands (without Delfzijl),linear,2013,14.4,2013,55.952550316176456,42.57348813490117,42.18444187786165,-13.768108438314808,55.952550316176456,55.952550316176456
Netherlands (without Delfzijl),linear,2014,54.8,2014,57.95791253764432,58.76235616370665,44.7357278251113,-13.222184712533018,57.95791253764432,57.95791253764432
Netherlands (without Delfzijl),linear,2015,75.2,2015,59.96327475911217,59.29951114969569,48.77947195140351,-11.183802807708659,59.96327475911217,59.96327475911217
Netherlands (without Delfzijl),linear,2016,63.6,2016,61.96863698058003,86.30519942393074,54.0855912703023,-7.883045710277727,61.96863698058003,61.96863698058003
Netherlands (without Delfzijl),linear,2017,94.2,2017,63.97399920204788,77.53629632996964,60.28151180600897,-3.6924873960389126,63.97399920204788,63.97399920204788
Netherlands (without Delfzijl),linear,2018,26.2,2018,65.97936142351574,68.17864250629843,66.89422299583545,0.9148615723197064,65.97936142351574,65.97936142351574
Netherlands (without Delfzijl),linear,2019,92,2019,67.9847236449836,86.060108962682,73.40366890341201,5.418945258428408,67.9847236449836,67.9847236449836
Netherlands (without Delfzijl),linear,2020,96.6,2020,69.99008586645145,90.352901428816,79.30144969296467,9.311363826513213,69.99008586645145,69.99008586645145
Netherlands (without Delfzijl),linear,2021,75.8,2021,71.99544808791931,92.61184963616147,84.14820741764153,12.152759329722212,71.99544808791931,71.99544808791931
Netherlands (without Delfzijl),linear,2022,94.6,2022,74.00081030938716,106.18868494562597,87.62321868332455,13.622408373937395,74.00081030938716,74.00081030938716
Netherlands (without Delfzijl),linear,2023,152.8,2023,76.00617253085503,128.87940908117343,89.56059640069773,13.5544238698427,76.00617253085503,76.00617253085503
Netherlands (without Delfzijl),linear,2024,161.4,2024,78.01153475232289,144.2653108742876,89.96801434163689,11.956479589313997,78.01153475232289,78.01153475232289
Netherlands (without Delfzijl),linear,2025,112.4,2025,80.01689697379074,136.79439261325265,89.02584095984153,9.008943986050793,80.01689697379074,80.01689697379074
Netherlands (without Delfzijl),broken_linear,1891,-189.4,1891,-180.59826392052784,-189.4,-169.27349559298395,11.324768327543902,-180.59826392052784,-321.68401186930447
Netherlands (without Delfzijl),broken_linear,1892,-174.4,1892,-178.79397793449303,-174.4,-166.45119125989717,12.342786674595855,-178.79397793449303,-318.4965322759287
Netherlands (without Delfzijl),broken_linear,1893,-154,1893,-176.9896919484582,-154,-165.02208278098848,11.967609167469709,-176.9896919484582,-315.3090526825529
Netherlands (without Delfzijl),broken_linear,1894,-147,1894,-175.18540596242337,-147,-164.94382187938254,10.241584083040813,-175.18540596242337,-312.12157308917716
Netherlands (without Delfzijl),broken_linear,1895,-182,1895,-173.38111997638856,-182,-166.02158294112115,7.35953703526741,-173.38111997638856,-308.9340934958014
Netherlands (without Delfzijl),broken_linear,1896,-197.6,1896,-171.57683399035375,-197.6,-167.93005401645075,3.6467799739029836,-171.57683399035375,-305.7466139024256
Netherlands (without Delfzijl),broken_linear,1897,-190.8,1897,-169.7725480043189,-190.8,-170.2501565065239,-0.47760850220500295,-169.7725480043189,-302.5591343090498
Netherlands (without Delfzijl),broken_linear,1898,-153,1898,-167.9682620182841,-153,-172.51634878954778,-4.5480867712636925,-167.9682620182841,-299.3716547156741
Netherlands (without Delfzijl),broken_linear,1899,-151,1899,-166.16397603224928,-151,-174.26917437498398,-8.105198342734683,-166.16397603224928,-296.1841751222983
Netherlands (without Delfzijl),broken_linear,1900,-189.4,1900,-164.35969004621444,-189.4,-175.10712319668,-10.747433150465543,-164.35969004621444,-292.9966955289225
Netherlands (without Delfzijl),broken_linear,1901,-210.2,1901,-162.55540406017963,-210.2,-174.73195218546968,-12.176548125290033,-162.55540406017963,-289.8092159355468
Netherlands (without Delfzijl),broken_linear,1902,-238,1902,-160.75111807414478,-238,-172.98234954762592,-12.231231473481108,-160.75111807414478,-286.62173634217095
Netherlands (without Delfzijl),broken_linear,1903,-129.4,1903,-158.94683208810997,-129.4,-169.85214288334947,-10.905310795239505,-158.94683208810997,-283.43425674879524
Netherlands (without Delfzijl),broken_linear,1904,-155.4,1904,-157.14254610207516,-155.4,-165.49099589830078,-8.348449796225601,-157.14254610207516,-280.24677715541947
Netherlands (without Delfzijl),broken_linear,1905,-172.8,1905,-155.33826011604035,-172.8,-160.18751506664555,-4.849254950605195,-155.33826011604035,-277.0592975620437
Netherlands (without Delfzijl),broken_linear,1906,-144.8,1906,-153.5339741300055,-144.8,-154.33667308623603,-0.8026989562305173,-153.5339741300055,-273.8718179686679
Netherlands (without Delfzijl),broken_linear,1907,-169.2,1907,-151.7296881439707,-169.2,-148.39522621347467,3.334461930495997,-151.7296881439707,-270.68433837529216
Netherlands (without Delfzijl),broken_linear,1908,-179.2,1908,-149.92540215793588,-179.2,-142.83015775994366,7.095244397992209,-149.92540215793588,-267.4968587819164
Netherlands (without Delfzijl),broken_linear,1909,-128.2,1909,-148.12111617190104,-128.2,-138.06596720702552,10.05514896487549,-148.12111617190104,-264.3093791885406
Netherlands (without Delfzijl),broken_linear,1910,-119.2,1910,-146.31683018586622,-119.2,-134.43675469596573,11.88007548990047,-146.31683018586622,-261.12189959516485
Netherlands (without Delfzijl),broken_linear,1911,-148,1911,-144.5125441998314,-148,-132.14850937134514,12.36403482848625,-144.5125441998314,-257.9344200017891
Netherlands (without Delfzijl),broken_linear,1912,-87,1912,-142.70825821379657,-87,-131.25585829282898,11.452399920967594,-142.70825821379657,-254.7469404084133
Netherlands (without Delfzijl),broken_linear,1913,-109.6,1913,-140.90397222776176,-109.6,-131.65590038895235,9.248071838809405,-140.90397222776176,-251.55946081503754
Netherlands (without Delfzijl),broken_linear,1914,-95.8,1914,-139.09968624172694,-95.8,-133.09982144731111,5.999864794415808,-139.09968624172694,-248.37198122166177
Netherlands (without Delfzijl),broken_linear,1915,-133.2,1915,-137.29540025569213,-133.2,-135.22097909555714,2.0744211601349973,-137.29540025569213,-245.184501628286
Netherlands (without Delfzijl),broken_linear,1916,-86.2,1916,-135.4911142696573,-86.2,-137.576287672302,-2.0851734026447044,-135.4911142696573,-241.99702203491023
Netherlands (without Delfzijl),broken_linear,1917,-138.8,1917,-133.68682828362248,-138.8,-139.69623165785723,-6.009403374234738,-133.68682828362248,-238.80954244153446
Netherlands (without Delfzijl),broken_linear,1918,-140.4,1918,-131.88254229758766,-140.4,-141.13786238338506,-9.25532008579739,-131.88254229758766,-235.6220628481587
Netherlands (without Delfzijl),broken_linear,1919,-162,1919,-130.07825631155282,-162,-141.5347959985623,-11.456539687009467,-130.07825631155282,-232.43458325478292
Netherlands (without Delfzijl),broken_linear,1920,-162,1920,-128.273970325518,-162,-140.63856916173074,-12.364598836212737,-128.273970325518,-229.24710366140715
Netherlands (without Delfzijl),broken_linear,1921,-139.8,1921,-126.4696843394832,-139.8,-138.34668441624862,-11.877000076765425,-126.4696843394832,-226.05962406803138
Netherlands (without Delfzijl),broken_linear,1922,-136.4,1922,-124.66539835344835,-136.4,-134.71417962253378,-10.048781269085431,-124.66539835344835,-222.8721444746556
Netherlands (without Delfzijl),broken_linear,1923,-114.4,1923,-122.86111236741354,-114.4,-129.9474155425877,-7.086303175174143,-122.86111236741354,-219.68466488127984
Netherlands (without Delfzijl),broken_linear,1924,-138.6,1924,-121.05682638137873,-138.6,-124.38078280531302,-3.3239564239342902,-121.05682638137873,-216.49718528790407
Netherlands (without Delfzijl),broken_linear,1925,-89.2,1925,-119.25254039534389,-89.2,-118.43895746110256,0.8135829342413263,-119.25254039534389,-213.3097056945283
Netherlands (without Delfzijl),broken_linear,1926,-108.2,1926,-117.44825440930907,-108.2,-112.58896554162007,4.859288867689001,-117.44825440930907,-210.12222610115253
Netherlands (without Delfzijl),broken_linear,1927,-102,1927,-115.64396842327426,-102,-107.28746735237866,8.356501070895611,-115.64396842327426,-206.93474650777677
Netherlands (without Delfzijl),broken_linear,1928,-89.2,1928,-113.83968243723945,-89.2,-102.92921179985626,10.910470637383197,-113.83968243723945,-203.747266914401
Netherlands (without Delfzijl),broken_linear,1929,-144.4,1929,-112.0353964512046,-144.4,-99.80247898688013,12.232917464324473,-112.0353964512046,-200.55978732102523
Netherlands (without Delfzijl),broken_linear,1930,-90.6,1930,-110.23111046516979,-90.6,-98.05654050707335,12.174569958096434,-110.23111046516979,-197.37230772764946
Netherlands (without Delfzijl),broken_linear,1931,-86.4,1931,-108.42682447913498,-86.4,-97.68481036766767,10.742014111467302,-108.42682447913498,-194.1848281342737
Netherlands (without Delfzijl),broken_linear,1932,-101.2,1932,-106.62253849310014,-101.2,-98.5255883854694,8.096950107630734,-106.62253849310014,-190.99734854089792
Netherlands (without Delfzijl),broken_linear,1933,-147,1933,-104.81825250706532,-147,-100.280312144929,4.537940362136334,-104.81825250706532,-187.80986894752215
Netherlands (without Delfzijl),broken_linear,1934,-133.8,1934,-103.01396652103051,-133.8,-102.54725732291544,0.4667091981150646,-103.01396652103051,-184.62238935414638
Netherlands (without Delfzijl),broken_linear,1935,-85.6,1935,-101.20968053499568,-85.6,-104.86688244563905,-3.6572019106433764,-101.20968053499568,-181.4349097607706
Netherlands (without Delfzijl),broken_linear,1936,-68.2,1936,-99.40539454896086,-68.2,-106.77369977429397,-7.368305225333114,-99.40539454896086,-178.24743016739484
Netherlands (without Delfzijl),broken_linear,1937,-79.4,1937,-97.60110856292604,-79.4,-107.84881737719884,-10.247708814272809,-97.60110856292604,-175.05995057401907
Netherlands (without Delfzijl),broken_linear,1938,-72.4,1938,-95.79682257689122,-72.4,-107.76722168583164,-11.970399108940422,-95.79682257689122,-171.8724709806433
Netherlands (without Delfzijl),broken_linear,1939,-102.6,1939,-93.99253659085639,-102.6,-106.33446350165735,-12.34192691080096,-93.99253659085639,-168.68499138726753
Netherlands (without Delfzijl),broken_linear,1940,-98,1940,-92.18825060482158,-98,-103.50860650940862,-11.320355904587036,-92.18825060482158,-165.49751179389176
Netherlands (without Delfzijl),broken_linear,1941,-130.2,1941,-90.38396461878675,-130.2,-99.40496085161058,-9.020996232823846,-90.38396461878675,-162.310032200516
Netherlands (without Delfzijl),broken_linear,1942,-115.8,1942,-88.57967863275192,-115.8,-94.283067460665393,-5.703388827913468,-88.57967863275192,-159.12255260714022
Netherlands (without Delfzijl),broken_linear,1943,-69.2,1943,-86.77539264671711,-69.2,-88.51740229602756,-1.7420096493104489,-86.77539264671711,-155.93507301376445
Netherlands (without Delfzijl),broken_linear,1944,-63.4,1944,-84.9711066606823,-63.4,-82.55510725473856,2.415999405943742,-84.9711066606823,-152.7475934203887
Netherlands (without Delfzijl),broken_linear,1945,-73.6,1945,-83.16682067464745,-73.6,-76.86551889183562,6.30130178281183,-83.16682067464745,-149.5601138270129
Netherlands (without Delfzijl),broken_linear,1946,-81.2,1946,-81.36253468861264,-81.2,-71.88719191189153,9.475342776721103,-81.36253468861264,-146.37263423363714
Netherlands (without Delfzijl),broken_linear,1947,-133.8,1947,-79.55824870257783,-133.8,-67.97839717142257,11.579851531155265,-79.55824870257783,-143.1851546402614
Netherlands (without Delfzijl),broken_linear,1948,-65.2,1948,-77.753962716543,-65.2,-65.37668174541734,12.377280971125655,-77.753962716543,-139.99767504688563
Netherlands (without Delfzijl),broken_linear,1949,-53.2,1949,-75.94967673050817,-53.2,-64.172055727954,11.777621002554172,-75.94967673050817,-136.81019545350983
Netherlands (without Delfzijl),broken_linear,1950,-47.6,1950,-74.14539074447336,-65.25915478562763,-64.29683231505902,9.848558429414338,-74.14539074447336,-133.6227158601341
Netherlands (without Delfzijl),broken_linear,1951,-60.8,1951,-72.34110475843853,-62.83108768472223,-65.53326797359006,6.807836784848476,-72.34110475843853,-130.43523626675832
Netherlands (without Delfzijl),broken_linear,1952,-41.4,1952,-70.5368187724037,-50.62395648157055,-67.5381403097227,2.998678462680992,-70.5368187724037,-127.24775667338254
Netherlands (without Delfzijl),broken_linear,1953,-82.4,1953,-68.73253278636889,-50.533835357600786,-69.8814894025524,-1.1489566161834919,-68.73253278636889,-124.06027708000678
Netherlands (without Delfzijl),broken_linear,1954,-50.8,1954,-66.92824680033407,-71.85848212817916,-72.09514966282757,-5.166902862493506,-66.92824680033407,-120.87279748663101
Netherlands (without Delfzijl),broken_linear,1955,-44.4,1955,-65.12396081429925,-48.51706088693487,-73.725594168286,-8.601633353986744,-65.12396081429925,-117.68531789325525
Netherlands (without Delfzijl),broken_linear,1956,-104.6,1956,-63.319674828264425,-87.68958475179932,-74.38512665493755,-11.065451826673117,-63.319674828264425,-114.49783829987948
Netherlands (without Delfzijl),broken_linear,1957,-69,1957,-61.515388842229605,-65.8055376214871,-73.79564285248327,-12.280254010253676,-61.515388842229605,-111.3103587065037
Netherlands (without Delfzijl),broken_linear,1958,-54.8,1958,-59.711102856194785,-57.60041222909293,-71.82002158963257,-12.1089187334378,-59.711102856194785,-108.12287911312794
Netherlands (without Delfzijl),broken_linear,1959,-99.2,1959,-57.90681687015996,-55.440091366677095,-68.47760238862037,-10.570785518460415,-57.90681687015996,-104.93539951975217
Netherlands (without Delfzijl),broken_linear,1960,-62.8,1960,-56.10253088412514,-57.30771127007761,-63.94200251066781,-7.839471626542666,-56.10253088412514,-101.7479199263764
Netherlands (without Delfzijl),broken_linear,1961,-1.8,1961,-54.29824489809032,-21.706543835904778,-58.521519854053444,-4.223274955963127,-54.29824489809032,-98.56044033300063
Netherlands (without Delfzijl),broken_linear,1962,-50.8,1962,-52.4939589120555,-54.86711958903327,-52.62433373372192,-0.13037482166642356,-52.4939589120555,-95.37296073962486
Netherlands (without Delfzijl),broken_linear,1963,-110.6,1963,-50.68967292602068,-80.4408228757673,-46.71243151516852,3.9772414108521517,-50.68967292602068,-92.18548114624909
Netherlands (without Delfzijl),broken_linear,1964,-89,1964,-48.88538693998585,-54.56934113800307,-41.249461648015924,7.635925291969931,-48.88538693998585,-88.99800155287332
Netherlands (without Delfzijl),broken_linear,1965,-26.2,1965,-47.08110095395103,-51.293719083263696,-36.64839920420736,10.432701749743668,-47.08110095395103,-85.81052195949755
Netherlands (without Delfzijl),broken_linear,1966,3.2,1966,-45.27681496791621,-14.124131057390052,-33.22493118934046,12.051883778575752,-45.27681496791621,-82.62304236612178
Netherlands (without Delfzijl),broken_linear,1967,21.6,1967,-43.47252898188139,-20.92378909091733,-31.161823274507263,12.310705707374126,-43.47252898188139,-79.43556277274601
Netherlands (without Delfzijl),broken_linear,1968,-42.6,1968,-41.66824299584656,-32.580761902047136,-30.48829006477863,11.179952931067927,-41.66824299584656,-76.24808317937024
Netherlands (without Delfzijl),broken_linear,1969,-54,1969,-39.86395700981174,-31.08702919081983,-31.07669749164293,8.787259518168817,-39.86395700981174,-73.06060358599447
Netherlands (without Delfzijl),broken_linear,1970,-24.2,1970,-38.05967102377692,-37.64756849032592,-32.65696954786982,5.402701475907098,-38.05967102377692,-69.8731239926187
Netherlands (without Delfzijl),broken_linear,1971,-77.4,1971,-36.2553850377421,-53.25002703588004,-34.84707320015662,1.4083118375854822,-36.2553850377421,-66.68564439924293
Netherlands (without Delfzijl),broken_linear,1972,-94.6,1972,-34.45109905170728,-49.11909731238571,-37.19614048563593,-2.745041433928658,-34.45109905170728,-63.49816480586718
Netherlands (without Delfzijl),broken_linear,1973,-31.6,1973,-32.646813065672454,-44.30539492594159,-39.23536037229665,-6.58854730662419,-32.646813065672454,-60.3106852124914
Netherlands (without Delfzijl),broken_linear,1974,-27,1974,-30.842527079637634,-62.009083104188754,-40.53089594887059,-9.688368869232951,-30.842527079637634,-57.12320561911563
Netherlands (without Delfzijl),broken_linear,1975,-63.8,1975,-29.038241093602814,-42.35338215236901,-40.73285390004938,-11.69461280644656,-29.038241093602814,-53.93572602573987
Netherlands (without Delfzijl),broken_linear,1976,-86.2,1976,-27.233955107567994,-50.87586667015274,-39.61477882240708,-12.380823714839083,-27.233955107567994,-50.7482464323641
Netherlands (without Delfzijl),broken_linear,1977,-32,1977,-25.42966912153317,-49.122517329190615,-37.09921444793316,-11.669545326399989,-25.42966912153317,-47.56076683898833
Netherlands (without Delfzijl),broken_linear,1978,-41.2,1978,-23.625383135498346,-39.572561666970635,-33.266446544182806,-9.641063408684461,-23.625383135498346,-44.37328724561256
Netherlands (without Delfzijl),broken_linear,1979,-27,1979,-21.821097149463526,-22.324179134852272,-28.345440633492508,-6.524343484028979,-21.821097149463526,-41.18580765223679
Netherlands (without Delfzijl),broken_linear,1980,-3,1980,-20.016811163428706,8.180133844750427,-22.68799743900051,-2.6711862755718063,-20.016811163428706,-37.99832805886102
Netherlands (without Delfzijl),broken_linear,1981,25.4,1981,-18.212525177393882,4.209913936709405,-16.729043269476954,1.483481907916926,-18.212525177393882,-34.81084846548525
Netherlands (without Delfzijl),broken_linear,1982,2.6,1982,-16.408239191359062,7.357145560545007,-10.937537578027792,5.470701613331271,-16.408239191359062,-31.62336887210948
Netherlands (without Delfzijl),broken_linear,1983,37.8,1983,-14.603953205324238,7.718306395065596,-5.763539019131258,8.840414186192978,-14.603953205324238,-28.43588927873371
Netherlands (without Delfzijl),broken_linear,1984,-17.6,1984,-12.799667219289418,-3.362401032123893,-1.5874049391510834,11.212262280138335,-12.799667219289418,-25.24840968535794
Netherlands (without Delfzijl),broken_linear,1985,-17.2,1985,-10.995381233254594,-6.578292311948131,1.3231415764910341,12.318522809745629,-10.995381233254594,-22.060930091982172
Netherlands (without Delfzijl),broken_linear,1986,-19.4,1986,-9.191095247219774,-16.037026050523473,2.8432310291864784,12.034326276406253,-9.191095247219774,-18.873450498606402
Netherlands (without Delfzijl),broken_linear,1987,-29.2,1987,-7.386809261184954,3.1161619925998103,3.0049421903228435,10.391751451507798,-7.386809261184954,-15.685970905230636
Netherlands (without Delfzijl),broken_linear,1988,44.8,1988,-5.58252327515013,19.7529759631767,1.9936812000658755,7.576204475216004,-5.58252327515013,-12.498491311854867
Netherlands (without Delfzijl),broken_linear,1989,6.4,1989,-3.77823728911531,3.3656446515039082,0.12725379208240106,3.9054910811977113,-3.77823728911531,-9.311011718479099
Netherlands (without Delfzijl),broken_linear,1990,40.4,1990,-1.97395130308049,-7.915358337756402,-2.180007126704041,-0.20605582362354902,-1.97395130308049,-6.123532125103331
Netherlands (without Delfzijl),broken_linear,1991,-59.4,1991,-0.1696653170456628,-34.60977706440842,-4.464009430821836,-4.294344113776175,-0.1696653170456628,-2.936052531727557
Netherlands (without Delfzijl),broken_linear,1992,-14.6,1992,1.6346206689891574,-13.993730609949052,-6.263286318106401,-7.897906987095558,1.6346206689891574,0.25142706164821016
Netherlands (without Delfzijl),broken_linear,1993,-17,1993,3.4389066550239775,-4.2390259129125365,-7.171084517376963,-10.60999117240094,3.4389066550239775,3.4389066550239775
Netherlands (without Delfzijl),broken_linear,1994,23.8,1994,6.626386248399745,2.379018783558685,-5.498083082081024,-12.124469330480771,5.243192641058798,6.626386248399745
Netherlands (without Delfzijl),broken_linear,1995,26.6,1995,9.813865841775513,24.79351851922993,-2.4565284301843207,-12.270394271959834,7.047478627093618,9.813865841775513
Netherlands (without Delfzijl),broken_linear,1996,-81.4,1996,13.001345435151286,-7.919431773899902,1.9700507611067621,-11.031294674044528,8.851764613128445,13.001345435151286
Netherlands (without Delfzijl),broken_linear,1997,-27.8,1997,16.188825028527056,8.169243808599806,7.641790742361728,-8.54703428616533,10.656050599163265,16.188825028527056
Netherlands (without Delfzijl),broken_linear,1998,51,1998,19.376304621902822,16.191865813421806,14.278279855797038,-5.098024766105786,12.460336585198085,19.376304621902822
Netherlands (without Delfzijl),broken_linear,1999,45.8,1999,22.563784215278588,17.450025082298325,21.490210087667506,-1.0735741276110802,14.264622571232906,22.563784215278588
Netherlands (without Delfzijl),broken_linear,2000,41.4,2000,25.751263808654365,21.708927450433464,28.823320330436083,3.072056521781719,16.068908557267733,25.751263808654365
Netherlands (without Delfzijl),broken_linear,2001,48,2001,28.93874340203013,41.04028400276967,35.80967124544634,6.8709278434162115,17.873194543302553,28.93874340203013
Netherlands (without Delfzijl),broken_linear,2002,34.2,2002,32.1262229954059,54.15221480847925,42.02046406015285,9.894241064746948,19.677480529337373,32.1262229954059
Netherlands (without Delfzijl),broken_linear,2003,21.2,2003,35.313702588781666,55.741388019918176,47.11444136187508,11.80073877309341,21.481766515372193,35.313702588781666
Netherlands (without Delfzijl),broken_linear,2004,52.2,2004,38.501182182157436,41.53369509300177,50.87640663354651,12.37522445138908,23.286052501407013,38.501182182157436
Netherlands (without Delfzijl),broken_linear,2005,37.8,2005,41.688661775533205,44.23434819393678,53.24151462697587,11.552852851442664,25.09033848744184,41.688661775533205
Netherlands (without Delfzijl),broken_linear,2006,33.6,2006,44.876141368908975,35.20046879670941,54.302590790244274,9.426449421335303,26.89462447347666,44.876141368908975
Netherlands (without Delfzijl),broken_linear,2007,82.8,2007,48.063620962284745,59.49093134991486,54.299653566612434,6.236032604327692,28.698910459511488,48.063620962284745
Netherlands (without Delfzijl),broken_linear,2008,56.2,2008,51.251100555660514,39.38719904297447,53.59282223868158,2.341721683021061,30.5031964455463,51.251100555660514
Netherlands (without Delfzijl),broken_linear,2009,24.2,2009,54.438580149036284,33.51255955512035,52.62166835325738,-1.816911795778907,32.30748243158113,54.438580149036284
Netherlands (without Delfzijl),broken_linear,2010,17,2010,57.62605974241204,42.176235452271044,51.855598947377494,-5.770460795034544,34.11176841761594,57.62605974241204
Netherlands (without Delfzijl),broken_linear,2011,47.8,2011,60.81353933578782,41.14350460539433,51.740872084173716,-9.072667251614114,35.91605440365077,60.81353933578782
Netherlands (without Delfzijl),broken_linear,2012,39.6,2012,64.00101892916359,42.256462847154786,52.650225336305766,-11.350793592857828,37.720340389685596,64.00101892916359
Netherlands (without Delfzijl),broken_linear,2013,14.4,2013,67.18849852253936,42.57348813490117,54.840802917442005,-12.347695605097357,39.52462637572041,67.18849852253936
Netherlands (without Delfzijl),broken_linear,2014,54.8,2014,70.37597811591513,58.76235616370665,58.425130449801294,-11.950847666113832,41.328912361755236,70.37597811591513
Netherlands (without Delfzijl),broken_linear,2015,75.2,2015,73.56345770929089,59.29951114969569,63.35841359982615,-10.205044109464732,43.13319834779005,73.56345770929089
Netherlands (without Delfzijl),broken_linear,2016,63.6,2016,76.75093730266667,86.30519942393074,69.44359425240397,-7.307343050262694,44.93748433382488,76.75093730266667
Netherlands (without Delfzijl),broken_linear,2017,94.2,2017,79.93841689604244,77.53629632996964,76.35359350641133,-3.5848233896311203,46.741770319859704,79.93841689604244
Netherlands (without Delfzijl),broken_linear,2018,26.2,2018,83.1258964894182,68.17864250629843,83.66823080659617,0.542334317177982,48.54605630589452,83.1258964894182
Netherlands (without Delfzijl),broken_linear,2019,92,2019,86.31337608279398,86.060108962682,90.92165195339604,4.608275870602045,50.350342291929344,86.31337608279398
Netherlands (without Delfzijl),broken_linear,2020,96.6,2020,89.50085567616973,90.352901428816,97.65491253944938,8.154056863279651,52.15462827796416,89.50085567616973
Netherlands (without Delfzijl),broken_linear,2021,75.8,2021,92.6883352695455,92.61184963616147,103.46778144118115,10.779446171635652,53.958914263998984,92.6883352695455
Netherlands (without Delfzijl),broken_linear,2022,94.6,2022,95.87581486292129,106.18868494562597,108.06391703036459,12.188102167443311,55.76320025003381,95.87581486292129
Netherlands (without Delfzijl),broken_linear,2023,152.8,2023,99.06329445629704,128.87940908117343,111.28431682684162,12.221022370544562,57.567486236068625,99.06329445629704
Netherlands (without Delfzijl),broken_linear,2024,161.4,2024,102.25077404967281,144.2653108742876,113.12526495252988,10.874490902857069,59.37177222210345,102.25077404967281
Netherlands (without Delfzijl),broken_linear,2025,112.4,2025,105.4382536430486,136.79439261325265,113.73875156230777,8.30049791925917,61.17605820813828,105.4382536430486
Netherlands (without Delfzijl),broken_squared,1891,-189.4,1891,-178.76939149032233,-189.4,-167.14142137611358,11.627970114208736,-178.76939149032233,-124.52765942194284
Netherlands (without Delfzijl),broken_squared,1892,-174.4,1892,-177.0297146564116,-174.4,-164.44665004470045,12.583064611711183,-177.0297146564116,-124.34881377756543
Netherlands (without Delfzijl),broken_squared,1893,-154,1893,-175.29003782250095,-154,-163.17219601375342,12.117841808747508,-175.29003782250095,-124.14718227640654
Netherlands (without Delfzijl),broken_squared,1894,-147,1894,-173.55036098859023,-147,-163.26554711584663,10.284813872743594,-173.55036098859023,-123.92276491846609
Netherlands (without Delfzijl),broken_squared,1895,-182,1895,-171.81068415467956,-182,-164.51979975713536,7.290884397544213,-171.81068415467956,-123.6755617037442
Netherlands (without Delfzijl),broken_squared,1896,-197.6,1896,-170.07100732076884,-197.6,-166.59701322434972,3.4739940964191183,-170.07100732076884,-123.40557263224073
Netherlands (without Delfzijl),broken_squared,1897,-190.8,1897,-168.33133048685815,-190.8,-169.0663548470748,-0.7350243602166353,-168.33133048685815,-123.11279770395578
Netherlands (without Delfzijl),broken_squared,1898,-153,1898,-166.59165365294746,-153,-171.45273036835357,-4.861076715406114,-166.59165365294746,-122.79723691888933
Netherlands (without Delfzijl),broken_squared,1899,-151,1899,-164.85197681903676,-151,-173.29041035552865,-8.438433536491889,-164.85197681903676,-122.45889027704138
Netherlands (without Delfzijl),broken_squared,1900,-189.4,1900,-163.11229998512607,-189.4,-174.1755995536508,-11.063299568524734,-163.11229998512607,-122.0977577784119
Netherlands (without Delfzijl),broken_squared,1901,-210.2,1901,-161.37262315121535,-210.2,-173.81201539946971,-12.439392248254338,-161.37262315121535,-121.7138394230009
Netherlands (without Delfzijl),broken_squared,1902,-238,1902,-159.6329463173047,-238,-172.04433100717685,-12.411384689872161,-159.6329463173047,-121.30713521080845
Netherlands (without Delfzijl),broken_squared,1903,-129.4,1903,-157.89326948339396,-129.4,-168.87570773856606,-10.98243825517211,-157.89326948339396,-120.87764514183442
Netherlands (without Delfzijl),broken_squared,1904,-155.4,1904,-156.1535926494833,-155.4,-164.46743836334602,-8.313845713862714,-156.1535926494833,-120.42536921607896
Netherlands (without Delfzijl),broken_squared,1905,-172.8,1905,-154.41391581557258,-172.8,-159.12074108799297,-4.706825272420381,-154.41391581557258,-119.95030743354192
Netherlands (without Delfzijl),broken_squared,1906,-144.8,1906,-152.67423898166192,-144.8,-153.2427594577565,-0.5685204760945979,-152.67423898166192,-119.45245979422344
Netherlands (without Delfzijl),broken_squared,1907,-169.2,1907,-150.9345621477512,-169.2,-147.3006059033677,3.6339562443834987,-150.9345621477512,-118.9318262981234
Netherlands (without Delfzijl),broken_squared,1908,-179.2,1908,-149.19488531384053,-179.2,-141.76863628129624,7.426249032544304,-149.19488531384053,-118.38840694524188
Netherlands (without Delfzijl),broken_squared,1909,-128.2,1909,-147.4552084799298,-128.2,-137.07490681009193,10.380301669837877,-147.4552084799298,-117.82220173557883
Netherlands (without Delfzijl),broken_squared,1910,-119.2,1910,-145.71553164601914,-119.2,-133.55285709264228,12.162674553376855,-145.71553164601914,-117.23321066913431
Netherlands (without Delfzijl),broken_squared,1911,-148,1911,-143.97585481210842,-148,-131.4036730181157,12.572181793992716,-143.97585481210842,-116.62143374590823
Netherlands (without Delfzijl),broken_squared,1912,-87,1912,-142.23617797819773,-87,-130.67357784264746,11.562600135550262,-142.23617797819773,-115.98687096590066
Netherlands (without Delfzijl),broken_squared,1913,-109.6,1913,-140.49650114428704,-109.6,-131.2486147250413,9.247886419245729,-140.49650114428704,-115.3295223291116
Netherlands (without Delfzijl),broken_squared,1914,-95.8,1914,-138.75682431037635,-95.8,-132.8675096403801,5.8893146699962475,-138.75682431037635,-114.64938783554102
Netherlands (without Delfzijl),broken_squared,1915,-133.2,1915,-137.01714747646565,-133.2,-135.15116276620276,1.8659847102629032,-137.01714747646565,-113.94646748518893
Netherlands (without Delfzijl),broken_squared,1916,-86.2,1916,-135.27747064255496,-86.2,-137.64543949193333,-2.3679688493783697,-135.27747064255496,-113.22076127805535
Netherlands (without Delfzijl),broken_squared,1917,-138.8,1917,-133.53779380864427,-138.8,-139.87243100316957,-6.334637194525294,-133.53779380864427,-112.47226921414024
Netherlands (without Delfzijl),broken_squared,1918,-140.4,1918,-131.79811697473357,-140.4,-141.3843983865644,-9.586281411830853,-131.79811697473357,-111.70099129344364
Netherlands (without Delfzijl),broken_squared,1919,-162,1919,-130.05844014082288,-162,-141.81431129781683,-11.755871156993939,-130.05844014082288,-110.90692751596552
Netherlands (without Delfzijl),broken_squared,1920,-162,1920,-128.3187633069122,-162,-140.91727662502922,-12.598513318117027,-128.3187633069122,-110.0900778817059
Netherlands (without Delfzijl),broken_squared,1921,-139.8,1921,-126.5790864730015,-139.8,-138.59818087427334,-12.019094401271854,-126.5790864730015,-109.25044239066476
Netherlands (without Delfzijl),broken_squared,1922,-136.4,1922,-124.83940963909079,-136.4,-134.9224261345639,-10.083016495473103,-124.83940963909079,-108.38802104284211
Netherlands (without Delfzijl),broken_squared,1923,-114.4,1923,-123.0997328051801,-114.4,-130.1085477968816,-7.0088149917015,-123.0997328051801,-107.50281383823796
Netherlands (without Delfzijl),broken_squared,1924,-138.6,1924,-121.3600559712694,-138.6,-124.50354730448866,-3.14349133321926,-121.3600559712694,-106.5948207768523
Netherlands (without Delfzijl),broken_squared,1925,-89.2,1925,-119.62037913735871,-89.2,-118.5437242579557,1.076654879403005,-119.62037913735871,-105.66404185868514
Netherlands (without Delfzijl),broken_squared,1926,-108.2,1926,-117.88070230344802,-108.2,-112.70542896312988,5.175273340318139,-117.88070230344802,-104.71047708373646
Netherlands (without Delfzijl),broken_squared,1927,-102,1927,-116.14102546953733,-102,-107.45129424338799,8.68973122614933,-116.14102546953733,-103.7341264520063
Netherlands (without Delfzijl),broken_squared,1928,-89.2,1928,-114.40134863562663,-89.2,-103.1780156169553,11.22333301867133,-114.40134863562663,-102.7349899634946
Netherlands (without Delfzijl),broken_squared,1929,-144.4,1929,-112.66167180171594,-144.4,-100.17157416788838,12.490097633827558,-112.66167180171594,-101.71306761820141
Netherlands (without Delfzijl),broken_squared,1930,-90.6,1930,-110.92199496780525,-90.6,-98.57495634297463,12.347038624830613,-110.92199496780525,-100.6683594161267
Netherlands (without Delfzijl),broken_squared,1931,-86.4,1931,-109.18231813389455,-86.4,-98.37201431243363,10.810303821460916,-109.18231813389455,-99.6008653572705
Netherlands (without Delfzijl),broken_squared,1932,-101.2,1932,-107.44264129998386,-101.2,-99.38928866118593,8.05335263879793,-107.44264129998386,-98.51058544163277
Netherlands (without Delfzijl),broken_squared,1933,-147,1933,-105.70296446607315,-147,-101.31558767384983,4.387376792223317,-105.70296446607315,-97.39751966921354
Netherlands (without Delfzijl),broken_squared,1934,-133.8,1934,-103.96328763216246,-133.8,-103.73711319563134,0.22617443653113423,-103.96328763216246,-96.26166804001281
Netherlands (without Delfzijl),broken_squared,1935,-85.6,1935,-102.22361079825177,-85.6,-106.18416822672083,-3.960557428469066,-102.22361079825177,-95.10303055403057
Netherlands (without Delfzijl),broken_squared,1936,-68.2,1936,-100.48393396434108,-68.2,-108.18417411606877,-7.7002401517277015,-100.48393396434108,-93.9216072112668
Netherlands (without Delfzijl),broken_squared,1937,-79.4,1937,-98.74425713043038,-79.4,-109.31501302243362,-10.570755892003234,-98.74425713043038,-92.71739801172156
Netherlands (without Delfzijl),broken_squared,1938,-72.4,1938,-97.00458029651969,-72.4,-109.25267459595356,-12.24809429943388,-97.00458029651969,-91.49040295539479
Netherlands (without Delfzijl),broken_squared,1939,-102.6,1939,-95.264903462609,-102.6,-107.80782874635854,-12.542925283749538,-95.264903462609,-90.24062204228652
Netherlands (without Delfzijl),broken_squared,1940,-98,1940,-93.5252266286983,-98,-104.94719633532578,-11.421969706627474,-93.5252266286983,-88.96805527239673
Netherlands (without Delfzijl),broken_squared,1941,-130.2,1941,-91.78554979478761,-130.2,-100.7973055694862,-9.011755774698582,-91.78554979478761,-87.67270264572544
Netherlands (without Delfzijl),broken_squared,1942,-115.8,1942,-90.04587296087692,-115.8,-95.6302100900614,-5.584337129184473,-90.04587296087692,-86.35456416227265
Netherlands (without Delfzijl),broken_squared,1943,-69.2,1943,-88.30619612696623,-69.2,-89.83278083417058,-1.5265847072043521,-88.30619612696623,-85.01363982203834
Netherlands (without Delfzijl),broken_squared,1944,-63.4,1944,-86.56651929305553,-63.4,-83.86303785843673,2.703481434618812,-86.56651929305553,-83.64992962502252
Netherlands (without Delfzijl),broken_squared,1945,-73.6,1945,-84.82684245914484,-73.6,-78.1984511837763,6.6283912753685446,-84.82684245914484,-82.2634335712252
Netherlands (without Delfzijl),broken_squared,1946,-81.2,1946,-83.08716562523414,-81.2,-73.28204621946826,9.805119405765879,-83.08716562523414,-80.85415166064637
Netherlands (without Delfzijl),broken_squared,1947,-133.8,1947,-81.34748879132344,-133.8,-69.47239713338911,11.875091657934334,-81.34748879132344,-79.42208389328603
Netherlands (without Delfzijl),broken_squared,1948,-65.2,1948,-79.60781195741275,-65.2,-67.00315268217825,12.604659275234487,-79.60781195741275,-77.96723026914418
Netherlands (without Delfzijl),broken_squared,1949,-53.2,1949,-77.86813512350206,-53.2,-65.95666303574161,11.911472087760455,-77.86813512350206,-76.48959078822084
Netherlands (without Delfzijl),broken_squared,1950,-47.6,1950,-76.12845828959136,-65.25915478562763,-66.2546844764148,9.873773813176566,-76.12845828959136,-74.98916545051597
Netherlands (without Delfzijl),broken_squared,1951,-60.8,1951,-74.38878145568067,-62.83108768472223,-67.66721118273622,6.721570272944453,-74.38878145568067,-73.4659542560296
Netherlands (without Delfzijl),broken_squared,1952,-41.4,1952,-72.64910462176998,-50.62395648157055,-69.83843720751115,2.810667414258831,-72.64910462176998,-71.91995720476173
Netherlands (without Delfzijl),broken_squared,1953,-82.4,1953,-70.90942778785927,-50.533835357600786,-72.3269181838829,-1.4174903960236067,-70.90942778785927,-70.35117429671233
Netherlands (without Delfzijl),broken_squared,1954,-50.8,1954,-69.16975095394858,-71.85848212817916,-74.65539949444643,-5.485648540497845,-69.16975095394858,-68.75960553188143
Netherlands (without Delfzijl),broken_squared,1955,-44.4,1955,-67.43007412003789,-48.51706088693487,-76.36468653344164,-8.934612413403752,-67.43007412003789,-67.14525091026904
Netherlands (without Delfzijl),broken_squared,1956,-104.6,1956,-65.6903972861272,-87.68958475179932,-77.06547643955986,-11.375079153432669,-65.6903972861272,-65.50811043187512
Netherlands (without Delfzijl),broken_squared,1957,-69,1957,-63.9507204522165,-65.8055376214871,-76.48230077653088,-12.531580324314376,-63.9507204522165,-63.84818409669972
Netherlands (without Delfzijl),broken_squared,1958,-54.8,1958,-62.21104361830581,-57.60041222909293,-74.48461911786083,-12.27357549955502,-62.21104361830581,-62.165471904742795
Netherlands (without Delfzijl),broken_squared,1959,-99.2,1959,-60.471366784395116,-55.440091366677095,-71.10155383775006,-10.630187053354941,-60.471366784395116,-60.45997385600436
Netherlands (without Delfzijl),broken_squared,1960,-62.8,1960,-58.73168995048442,-57.30771127007761,-66.51860291411977,-7.786912963635343,-58.73168995048442,-58.73168995048442
Netherlands (without Delfzijl),broken_squared,1961,-1.8,1961,-56.980620188182975,-21.706543835904778,-61.04530885872921,-4.064688670546236,-56.99201311657373,-56.980620188182975
Netherlands (without Delfzijl),broken_squared,1962,-50.8,1962,-55.206764569100024,-54.86711958903327,-55.09042595873714,0.11633861036288273,-55.25233628266304,-55.206764569100024
Netherlands (without Delfzijl),broken_squared,1963,-110.6,1963,-53.410123093235555,-80.4408228757673,-49.12588895850375,4.2842341347318085,-53.51265944875234,-53.410123093235555
Netherlands (without Delfzijl),broken_squared,1964,-89,1964,-51.59069576058958,-54.56934113800307,-43.62215035131808,7.968545409271501,-51.772982614841645,-51.59069576058958
Netherlands (without Delfzijl),broken_squared,1965,-26.2,1965,-49.74848257116211,-51.293719083263696,-38.99507790906305,10.753404662099056,-50.03330578093095,-49.74848257116211
Netherlands (without Delfzijl),broken_squared,1966,3.2,1966,-47.88348352495312,-14.124131057390052,-35.55901347915099,12.324470045802133,-48.29362894702026,-47.88348352495312
Netherlands (without Delfzijl),broken_squared,1967,21.6,1967,-45.99569862196262,-20.92378909091733,-33.49129155150894,12.504407070453684,-46.55395211310956,-45.99569862196262
Netherlands (without Delfzijl),broken_squared,1968,-42.6,1968,-44.08512786219062,-32.580761902047136,-32.8122225733128,11.272905288877814,-44.81427527919887,-44.08512786219062
Netherlands (without Delfzijl),broken_squared,1969,-54,1969,-42.15177124563711,-31.08702919081983,-33.38280040099569,8.768970844641421,-43.074598445288174,-42.15177124563711
Netherlands (without Delfzijl),broken_squared,1970,-24.2,1970,-40.195628772302086,-37.64756849032592,-34.920392661592416,5.27523611070967,-41.33492161137748,-40.195628772302086
Netherlands (without Delfzijl),broken_squared,1971,-77.4,1971,-38.21670044218556,-53.25002703588004,-37.030642969042304,1.186057473143256,-39.59524477746679,-38.21670044218556
Netherlands (without Delfzijl),broken_squared,1972,-94.6,1972,-36.21498625528753,-49.11909731238571,-39.25198402294172,-3.0369977676541886,-37.855567943556096,-36.21498625528753
Netherlands (without Delfzijl),broken_squared,1973,-31.6,1973,-34.19048621160799,-44.30539492594159,-41.107737159990606,-6.917250948382613,-36.1158911096454,-34.19048621160799
Netherlands (without Delfzijl),broken_squared,1974,-27,1974,-32.143200311146934,-62.009083104188754,-42.15991760518844,-10.016717294041502,-34.376214275734704,-32.143200311146934
Netherlands (without Delfzijl),broken_squared,1975,-63.8,1975,-30.073128553904375,-42.35338215236901,-42.058672138449666,-11.985543584545299,-32.63653744182401,-30.073128553904375
Netherlands (without Delfzijl),broken_squared,1976,-86.2,1976,-27.98027093988031,-50.87586667015274,-40.5817688847657,-12.601497944885393,-30.896860607913318,-27.98027093988031
Netherlands (without Delfzijl),broken_squared,1977,-32,1977,-25.86462746907474,-49.122517329190615,-37.6596818056646,-11.79505433658986,-29.157183774002625,-25.86462746907474
Netherlands (without Delfzijl),broken_squared,1978,-41.2,1978,-23.726198141487654,-39.572561666970635,-33.38343847225541,-9.657240330767758,-27.41750694009193,-23.726198141487654
Netherlands (without Delfzijl),broken_squared,1979,-27,1979,-21.564982957119064,-22.324179134852272,-27.994345300053325,-6.429362342934267,-25.677830106181233,-21.564982957119064
Netherlands (without Delfzijl),broken_squared,1980,-3,1980,-19.380981915968967,8.180133844750427,-21.856750012874905,-2.47576809690594,-23.93815327227054,-19.380981915968967
Netherlands (without Delfzijl),broken_squared,1981,25.4,1981,-17.174195018037363,4.209913936709405,-15.416915781095277,1.7572792369420833,-22.198476438359847,-17.174195018037363
Netherlands (without Delfzijl),broken_squared,1982,2.6,1982,-14.944622263324252,7.357145560545007,-9.152649128600551,5.791973134723699,-20.458799604449155,-14.944622263324252
Netherlands (without Delfzijl),broken_squared,1983,37.8,1983,-12.692263651829627,7.718306395065596,-3.5193673739802698,9.172896277849357,-18.71912277053846,-12.692263651829627
Netherlands (without Delfzijl),broken_squared,1984,-17.6,1984,-10.417119183553499,-3.362401032123893,1.1013067398243557,11.518425923377855,-16.979445936627766,-10.417119183553499
Netherlands (without Delfzijl),broken_squared,1985,-17.2,1985,-8.11918885849586,-6.578292311948131,4.444620830377058,12.563809688872919,-15.23976910271707,-8.11918885849586
Netherlands (without Delfzijl),broken_squared,1986,-19.4,1986,-5.798472676656717,-16.037026050523473,6.392576882601498,12.191049559258214,-13.500092268806377,-5.798472676656717
Netherlands (without Delfzijl),broken_squared,1987,-29.2,1987,-3.454970638036066,3.1161619925998103,6.987250311140546,10.442220949176612,-11.760415434895684,-3.454970638036066
Netherlands (without Delfzijl),broken_squared,1988,44.8,1988,-1.0886827426339032,19.7529759631767,6.426040684946379,7.514723427580282,-10.020738600984988,-1.0886827426339032
Netherlands (without Delfzijl),broken_squared,1989,6.4,1989,1.3003910095497666,3.3656446515039082,5.03939019002866,3.738999180478894,-8.281061767074291,1.3003910095497666
Netherlands (without Delfzijl),broken_squared,1990,40.4,1990,3.7122506185149433,-7.915358337756402,3.253484865753066,-0.45876575276187825,-6.541384933163599,3.7122506185149433
Netherlands (without Delfzijl),broken_squared,1991,-59.4,1991,6.146896084261625,-34.60977706440842,1.5421487241510299,-4.604747360110593,-4.801708099252906,6.146896084261625
Netherlands (without Delfzijl),broken_squared,1992,-14.6,1992,8.604327406789816,-13.993730609949052,0.37336071836656615,-8.23096668842325,-3.0620312653422133,8.604327406789816
Netherlands (without Delfzijl),broken_squared,1993,-17,1993,11.084544586099515,-4.2390259129125365,0.15643147392827927,-10.928113112171236,-1.3223544314315205,11.084544586099515
Netherlands (without Delfzijl),broken_squared,1994,23.8,1994,13.58754762219072,2.379018783558685,1.1958022256029928,-12.391745396587726,0.4173224024791722,13.58754762219072
Netherlands (without Delfzijl),broken_squared,1995,26.6,1995,16.11333651506344,24.79351851922993,3.6566809190880263,-12.456655595975414,2.156999236389872,16.11333651506344
Netherlands (without Delfzijl),broken_squared,1996,-81.4,1996,18.661911264717666,-7.919431773899902,7.546394313166857,-11.115516951550806,3.8966760703005647,18.661911264717666
Netherlands (without Delfzijl),broken_squared,1997,-27.8,1997,21.23327187115339,8.169243808599806,12.71356096955082,-8.519710901602572,5.6363529042112575,21.23327187115339
Netherlands (without Delfzijl),broken_squared,1998,51,1998,23.82741833437063,16.191865813421806,18.865178479433673,-4.962239854936959,7.37602973812195,23.82741833437063
Netherlands (without Delfzijl),broken_squared,1999,45.8,1999,26.444350654369376,17.450025082298325,25.599696200789502,-0.844654453579877,9.115706572032643,26.444350654369376
Netherlands (without Delfzijl),broken_squared,2000,41.4,2000,29.084068831149636,21.708927450433464,32.45234041098705,3.3682715798374137,10.855383405943343,29.084068831149636
Netherlands (without Delfzijl),broken_squared,2001,48,2001,31.7465728647114,41.04028400276967,38.947575784134614,7.201002919423216,12.595060239854035,31.7465728647114
Netherlands (without Delfzijl),broken_squared,2002,34.2,2002,34.43186275505467,54.15221480847925,44.652781587713214,10.220918832658544,14.334737073764728,34.43186275505467
Netherlands (without Delfzijl),broken_squared,2003,21.2,2003,37.13993850217945,55.741388019918176,49.22708388124181,12.08714537906237,16.07441390767542,37.13993850217945
Netherlands (without Delfzijl),broken_squared,2004,52.2,2004,39.870800106085724,41.53369509300177,52.459831767483564,12.58903166139784,17.814090741586114,39.870800106085724
Netherlands (without Delfzijl),broken_squared,2005,37.8,2005,42.62444756677353,44.23434819393678,54.294374677466244,11.669927110692722,19.553767575496813,42.62444756677353
Netherlands (without Delfzijl),broken_squared,2006,33.6,2006,45.40088088424283,35.20046879670941,54.83445682093417,9.43357593669134,21.293444409407506,45.40088088424283
Netherlands (without Delfzijl),broken_squared,2007,82.8,2007,48.20010005849363,59.49093134991486,54.33250702666369,6.132406968170058,23.033121243318192,48.20010005849363
Netherlands (without Delfzijl),broken_squared,2008,56.2,2008,51.022105089525965,39.38719904297447,53.161145760530005,2.1390406710040377,24.7727980772289,51.022105089525965
Netherlands (without Delfzijl),broken_squared,2009,24.2,2009,53.86689597733979,33.51255955512035,51.77112547545174,-2.0957705018880484,26.51247491113959,53.86689597733979
Netherlands (without Delfzijl),broken_squared,2010,17,2010,56.73447272193512,42.176235452271044,50.640451789191346,-6.094020932743773,28.252151745050284,56.73447272193512
Netherlands (without Delfzijl),broken_squared,2011,47.8,2011,59.62483532331196,41.14350460539433,50.220428452764736,-9.404406870547215,29.991828578960977,59.62483532331196
Netherlands (without Delfzijl),broken_squared,2012,39.6,2012,62.53798378147031,42.256462847154786,50.88471630029859,-11.65326748117172,31.73150541287167,62.53798378147031
Netherlands (without Delfzijl),broken_squared,2013,14.4,2013,65.47391809641016,42.57348813490117,52.88715616708782,-12.586761929322343,33.47118224678236,65.47391809641016
Netherlands (without Delfzijl),broken_squared,2014,54.8,2014,68.43263826813153,58.76235616370665,56.3331165269908,-12.099521741140727,35.210859080693055,68.43263826813153
Netherlands (without Delfzijl),broken_squared,2015,75.2,2015,71.41414429663439,59.29951114969569,61.16759999343191,-10.246544303202493,36.95053591460375,71.41414429663439
Netherlands (without Delfzijl),broken_squared,2016,63.6,2016,74.41843618191878,86.30519942393074,67.1814511663802,-7.236985015538571,38.69021274851444,74.41843618191878
Netherlands (without Delfzijl),broken_squared,2017,94.2,2017,77.44551392398466,77.53629632996964,74.03496511266158,-3.4105488113230917,40.42988958242513,77.44551392398466
Netherlands (without Delfzijl),broken_squared,2018,26.2,2018,80.49537752283206,68.17864250629843,81.29623166510422,0.8008541422721569,42.169566416335826,80.49537752283206
Netherlands (without Delfzijl),broken_squared,2019,92,2019,83.56802697846098,86.060108962682,88.4898874159213,4.921860437460324,43.90924325024653,83.56802697846098
Netherlands (without Delfzijl),broken_squared,2020,96.6,2020,86.6634622908714,90.352901428816,95.15077250803492,8.487310217163516,45.648920084157226,86.6634622908714
Netherlands (without Delfzijl),broken_squared,2021,75.8,2021,89.7816834600633,92.61184963616147,100.87643569746571,11.094752237402401,47.38859691806792,89.7816834600633
Netherlands (without Delfzijl),broken_squared,2022,94.6,2022,92.92269048603674,106.18868494562597,105.37256116167072,12.449870675633974,49.12827375197861,92.92269048603674
Netherlands (without Delfzijl),broken_squared,2023,152.8,2023,96.08648336879168,128.87940908117343,108.48618948882192,12.399706120030222,50.867950585889304,96.08648336879168
Netherlands (without Delfzijl),broken_squared,2024,161.4,2024,99.2730621083281,144.2653108742876,110.22298301861098,10.94992091028287,52.6076274198,99.2730621083281
Netherlands (without Delfzijl),broken_squared,2025,112.4,2025,102.48242670464606,136.79439261325265,110.74658670390957,8.26415999926351,54.34730425371069,102.48242670464606
